Workbook

Sheet Inteligencia emocional
A1: Dimension 1
B3: Percepción emocional | J3: Comprensión emocional | R3: Regulación emocional | Z3: Total | AA3: Valoración
B4: PRG.1 | C4: PRG.2 | D4: PRG.3 | E4: PRG.4 | F4: PRG.5 | G4: PRG.6 | H4: PRG.7 | I4: PRG.8 | J4: PRG.9 | K4: PRG.10 | L4: PRG.11 | M4: PRG.12 | N4: PRG.13 | O4: PRG.14 | P4: PRG.15 | Q4: PRG.16 | R4: PRG.17 | S4: PRG.18 | T4: PRG.19 | U4: PRG.20 | V4: PRG.21 | W4: PRG.22 | X4: PRG.23 | Y4: PRG.24
A5: Docente 1 | B5: 3 | C5: 1 | D5: 4 | E5: 2 | F5: 3 | G5: 3 | H5: 2 | I5: 2 | J5: 3 | K5: 4 | L5: 2 | M5: 3 | N5: 3 | O5: 3 | P5: 3 | Q5: 3 | R5: 3 | S5: 1 | T5: 3 | U5: 3 | V5: 2 | W5: 3 | X5: 3 | Y5: 2 | Z5: 64
A6: Docente 2 | B6: 2 | C6: 1 | D6: 3 | E6: 3 | F6: 2 | G6: 4 | H6: 3 | I6: 4 | J6: 4 | K6: 4 | L6: 1 | M6: 3 | N6: 3 | O6: 4 | P6: 1 | Q6: 4 | R6: 4 | S6: 1 | T6: 3 | U6: 3 | V6: 4 | W6: 1 | X6: 3 | Y6: 4 | Z6: 69
A7: Docente 3 | B7: 2 | C7: 3 | D7: 2 | E7: 2 | F7: 1 | G7: 1 | H7: 2 | I7: 1 | J7: 2 | K7: 1 | L7: 3 | M7: 2 | N7: 2 | O7: 1 | P7: 1 | Q7: 1 | R7: 2 | S7: 2 | T7: 1 | U7: 2 | V7: 2 | W7: 2 | X7: 2 | Y7: 1 | Z7: 41
A8: Docente 4 | B8: 1 | C8: 2 | D8: 4 | E8: 4 | F8: 2 | G8: 2 | H8: 4 | I8: 2 | J8: 3 | K8: 3 | L8: 1 | M8: 3 | N8: 4 | O8: 4 | P8: 2 | Q8: 4 | R8: 4 | S8: 2 | T8: 4 | U8: 4 | V8: 3 | W8: 2 | X8: 4 | Y8: 4 | Z8: 72
A9: Docente 5 | B9: 3 | C9: 2 | D9: 3 | E9: 3 | F9: 1 | G9: 4 | H9: 3 | I9: 3 | J9: 4 | K9: 3 | L9: 2 | M9: 4 | N9: 4 | O9: 2 | P9: 3 | Q9: 4 | R9: 4 | S9: 2 | T9: 4 | U9: 3 | V9: 3 | W9: 1 | X9: 3 | Y9: 4 | Z9: 72
A10: Docente 6 | B10: 1 | C10: 3 | D10: 5 | E10: 4 | F10: 2 | G10: 4 | H10: 5 | I10: 4 | J10: 4 | K10: 3 | L10: 2 | M10: 4 | N10: 5 | O10: 4 | P10: 2 | Q10: 5 | R10: 5 | S10: 3 | T10: 5 | U10: 5 | V10: 4 | W10: 2 | X10: 5 | Y10: 5 | Z10: 91
A11: Docente 7 | B11: 1 | C11: 3 | D11: 3 | E11: 3 | F11: 3 | G11: 3 | H11: 4 | I11: 2 | J11: 2 | K11: 2 | L11: 3 | M11: 3 | N11: 3 | O11: 3 | P11: 1 | Q11: 4 | R11: 3 | S11: 2 | T11: 3 | U11: 2 | V11: 3 | W11: 3 | X11: 3 | Y11: 2 | Z11: 64
A12: Docente 8 | B12: 3 | C12: 1 | D12: 1 | E12: 2 | F12: 3 | G12: 1 | H12: 1 | I12: 2 | J12: 1 | K12: 2 | L12: 2 | M12: 1 | N12: 1 | O12: 1 | P12: 2 | Q12: 1 | R12: 1 | S12: 2 | T12: 1 | U12: 1 | V12: 1 | W12: 2 | X12: 1 | Y12: 1 | Z12: 35
A13: Docente 9 | B13: 1 | C13: 2 | D13: 3 | E13: 3 | F13: 2 | G13: 2 | H13: 3 | I13: 3 | J13: 3 | K13: 3 | L13: 2 | M13: 3 | N13: 3 | O13: 3 | P13: 1 | Q13: 2 | R13: 3 | S13: 1 | T13: 3 | U13: 2 | V13: 3 | W13: 3 | X13: 3 | Y13: 3 | Z13: 60
A14: Docente 10 | B14: 3 | C14: 3 | D14: 3 | E14: 3 | F14: 2 | G14: 2 | H14: 4 | I14: 3 | J14: 3 | K14: 2 | L14: 2 | M14: 2 | N14: 4 | O14: 4 | P14: 3 | Q14: 2 | R14: 2 | S14: 2 | T14: 3 | U14: 2 | V14: 3 | W14: 2 | X14: 4 | Y14: 2 | Z14: 65
A15: Docente 11 | B15: 3 | C15: 3 | D15: 4 | E15: 4 | F15: 3 | G15: 5 | H15: 4 | I15: 5 | J15: 5 | K15: 5 | L15: 1 | M15: 4 | N15: 5 | O15: 4 | P15: 2 | Q15: 5 | R15: 5 | S15: 1 | T15: 3 | U15: 4 | V15: 3 | W15: 2 | X15: 3 | Y15: 5 | Z15: 88
A16: Docente 12 | B16: 2 | C16: 3 | D16: 5 | E16: 4 | F16: 2 | G16: 3 | H16: 4 | I16: 5 | J16: 4 | K16: 3 | L16: 3 | M16: 5 | N16: 4 | O16: 5 | P16: 2 | Q16: 5 | R16: 4 | S16: 2 | T16: 5 | U16: 4 | V16: 5 | W16: 3 | X16: 5 | Y16: 5 | Z16: 92
... A359: Docente 355 | B359: 2 | C359: 3 | D359: 3 | E359: 3 | F359: 2 | G359: 3 | H359: 2 | I359: 2 | J359: 2 | K359: 2 | L359: 2 | M359: 2 | N359: 2 | O359: 2 | P359: 1 | Q359: 2 | R359: 3 | S359: 1 | T359: 1 | U359: 3 | V359: 2 | W359: 2 | X359: 2 | Y359: 3 | Z359: 52
A360: TOTAL | B360: =SUM(B5:B359) -> 0 | C360: =SUM(C5:C359) -> 0 | D360: =SUM(D5:D359) -> 0 | E360: =SUM(E5:E359) -> 0 | F360: =SUM(F5:F359) -> 0 | G360: =SUM(G5:G359) -> 0 | H360: =SUM(H5:H359) -> 0 | I360: =SUM(I5:I359) -> 0 | ... Z360: =SUM(Z5:Z359) -> 0
A361: MODA | B361: =MODE(B5:B359) -> 0 | C361: =MODE(C5:C359) -> 0 | D361: =MODE(D5:D359) -> 0 | E361: =MODE(E5:E359) -> 0 | F361: =MODE(F5:F359) -> 0 | G361: =MODE(G5:G359) -> 0 | H361: =MODE(H5:H359) -> 0 | I361: =MODE(I5:I359) -> 0 | ... Z361: =MODE(Z5:Z359) -> 0
A362: MEDIA | B362: =(B360/355) -> 0 | C362: =(C360/355) -> 0 | D362: =(D360/355) -> 0 | E362: =(E360/355) -> 0 | F362: =(F360/355) -> 0 | G362: =(G360/355) -> 0 | H362: =(H360/355) -> 0 | I362: =(I360/355) -> 0 | ... Z362: =(Z360/355) -> 0
A363: MEDIANA | B363: =MEDIAN(B5:B359) -> 0 | C363: =MEDIAN(C5:C359) -> 0 | D363: =MEDIAN(D5:D359) -> 0 | E363: =MEDIAN(E5:E359) -> 0 | F363: =MEDIAN(F5:F359) -> 0 | G363: =MEDIAN(G5:G359) -> 0 | H363: =MEDIAN(H5:H359) -> 0 | I363: =MEDIAN(I5:I359) -> 0 | ... Z363: =MEDIAN(Z5:Z359) -> 0
A364: Desv.Est | B364: =ROUND(STDEV(B5:B359),2) -> 0 | C364: =ROUND(STDEV(C5:C359),2) -> 0 | D364: =ROUND(STDEV(D5:D359),2) -> 0 | E364: =ROUND(STDEV(E5:E359),2) -> 0 | F364: =ROUND(STDEV(F5:F359),2) -> 0 | G364: =ROUND(STDEV(G5:G359),2) -> 0 | H364: =ROUND(STDEV(H5:H359),2) -> 0 | I364: =ROUND(STDEV(I5:I359),2) -> 0 | ... Z364: =ROUND(STDEV(Z5:Z359),2) -> 0
A365: Coef. Varia. | B365: =(B364/B362) -> 0 | C365: =(C364/C362) -> 0 | D365: =(D364/D362) -> 0 | E365: =(E364/E362) -> 0 | F365: =(F364/F362) -> 0 | G365: =(G364/G362) -> 0 | H365: =(H364/H362) -> 0 | I365: =(I364/I362) -> 0 | ... Z365: =(Z364/Z362) -> 0
A366: Nada de acuerdo | B366: =COUNTIF($B$5:$B$359,$A1355) -> 0 | C366: =COUNTIF($C$5:$C$359,$A1355) -> 0 | D366: =COUNTIF($D$5:$D$359,$A1355) -> 0 | E366: =COUNTIF($E$5:$E$359,$A1355) -> 0 | F366: =COUNTIF($F$5:$F$359,$A1355) -> 0 | G366: =COUNTIF($G$5:$G$359,$A1355) -> 0 | H366: =COUNTIF($H$5:$H$359,$A1355) -> 0 | I366: =COUNTIF($I$5:$I$359,$A1355) -> 0 | J366: =COUNTIF($J$5:$J$359,$A1355) -> 0 | K366: =COUNTIF($K$5:$K$359,$A1355) -> 0 | L366: =COUNTIF($L$5:$L$359,$A1355) -> 0 | M366: =COUNTIF($M$5:$M$359,$A1355) -> 0 | N366: =COUNTIF($N$5:$N$359,$A1355) -> 0 | O366: =COUNTIF($O$5:$O$359,$A1355) -> 0 | P366: =COUNTIF($P$5:$P$359,$A1355) -> 0 | Q366: =COUNTIF($Q$5:$Q$359,$A1355) -> 0 | R366: =COUNTIF($R$5:$R$359,$A1355) -> 0 | S366: =COUNTIF($S$5:$S$359,$A1355) -> 0 | T366: =COUNTIF($T$5:$T$359,$A1355) -> 0 | U366: =COUNTIF($U$5:$U$359,$A1355) -> 0 | V366: =COUNTIF($V$5:$V$359,$A1355) -> 0 | W366: =COUNTIF($W$5:$W$359,$A1355) -> 0 | X366: =COUNTIF($X$5:$X$359,$A1355) -> 0 | Y366: =COUNTIF($Y$5:$Y$359,$A1355) -> 0
A367: Algo de acuerdo | B367: =COUNTIF($B$5:$B$359,$A1356) -> 0 | C367: =COUNTIF($C$5:$C$359,$A1356) -> 0 | D367: =COUNTIF($D$5:$D$359,$A1356) -> 0 | E367: =COUNTIF($E$5:$E$359,$A1356) -> 0 | F367: =COUNTIF($F$5:$F$359,$A1356) -> 0 | G367: =COUNTIF($G$5:$G$359,$A1356) -> 0 | H367: =COUNTIF($H$5:$H$359,$A1356) -> 0 | I367: =COUNTIF($I$5:$I$359,$A1356) -> 0 | J367: =COUNTIF($J$5:$J$359,$A1356) -> 0 | K367: =COUNTIF($K$5:$K$359,$A1356) -> 0 | L367: =COUNTIF($L$5:$L$359,$A1356) -> 0 | M367: =COUNTIF($M$5:$M$359,$A1356) -> 0 | N367: =COUNTIF($N$5:$N$359,$A1356) -> 0 | O367: =COUNTIF($O$5:$O$359,$A1356) -> 0 | P367: =COUNTIF($P$5:$P$359,$A1356) -> 0 | Q367: =COUNTIF($Q$5:$Q$359,$A1356) -> 0 | R367: =COUNTIF($R$5:$R$359,$A1356) -> 0 | S367: =COUNTIF($S$5:$S$359,$A1356) -> 0 | T367: =COUNTIF($T$5:$T$359,$A1356) -> 0 | U367: =COUNTIF($U$5:$U$359,$A1356) -> 0 | V367: =COUNTIF($V$5:$V$359,$A1356) -> 0 | W367: =COUNTIF($W$5:$W$359,$A1356) -> 0 | X367: =COUNTIF($X$5:$X$359,$A1356) -> 0 | Y367: =COUNTIF($Y$5:$Y$359,$A1356) -> 0
A368: Bastante de acuerdo | B368: =COUNTIF($B$5:$B$359,$A1357) -> 0 | C368: =COUNTIF($C$5:$C$359,$A1357) -> 0 | D368: =COUNTIF($D$5:$D$359,$A1357) -> 0 | E368: =COUNTIF($E$5:$E$359,$A1357) -> 0 | F368: =COUNTIF($F$5:$F$359,$A1357) -> 0 | G368: =COUNTIF($G$5:$G$359,$A1357) -> 0 | H368: =COUNTIF($H$5:$H$359,$A1357) -> 0 | I368: =COUNTIF($I$5:$I$359,$A1357) -> 0 | J368: =COUNTIF($J$5:$J$359,$A1357) -> 0 | K368: =COUNTIF($K$5:$K$359,$A1357) -> 0 | L368: =COUNTIF($L$5:$L$359,$A1357) -> 0 | M368: =COUNTIF($M$5:$M$359,$A1357) -> 0 | N368: =COUNTIF($N$5:$N$359,$A1357) -> 0 | O368: =COUNTIF($O$5:$O$359,$A1357) -> 0 | P368: =COUNTIF($P$5:$P$359,$A1357) -> 0 | Q368: =COUNTIF($Q$5:$Q$359,$A1357) -> 0 | R368: =COUNTIF($R$5:$R$359,$A1357) -> 0 | S368: =COUNTIF($S$5:$S$359,$A1357) -> 0 | T368: =COUNTIF($T$5:$T$359,$A1357) -> 0 | U368: =COUNTIF($U$5:$U$359,$A1357) -> 0 | V368: =COUNTIF($V$5:$V$359,$A1357) -> 0 | W368: =COUNTIF($W$5:$W$359,$A1357) -> 0 | X368: =COUNTIF($X$5:$X$359,$A1357) -> 0 | Y368: =COUNTIF($Y$5:$Y$359,$A1357) -> 0
A369: Muy de acuerdo | B369: =COUNTIF($B$5:$B$359,$A1358) -> 0 | C369: =COUNTIF($C$5:$C$359,$A1358) -> 0 | D369: =COUNTIF($D$5:$D$359,$A1358) -> 0 | E369: =COUNTIF($E$5:$E$359,$A1358) -> 0 | F369: =COUNTIF($F$5:$F$359,$A1358) -> 0 | G369: =COUNTIF($G$5:$G$359,$A1358) -> 0 | H369: =COUNTIF($H$5:$H$359,$A1358) -> 0 | I369: =COUNTIF($I$5:$I$359,$A1358) -> 0 | J369: =COUNTIF($J$5:$J$359,$A1358) -> 0 | K369: =COUNTIF($K$5:$K$359,$A1358) -> 0 | L369: =COUNTIF($L$5:$L$359,$A1358) -> 0 | M369: =COUNTIF($M$5:$M$359,$A1358) -> 0 | N369: =COUNTIF($N$5:$N$359,$A1358) -> 0 | O369: =COUNTIF($O$5:$O$359,$A1358) -> 0 | P369: =COUNTIF($P$5:$P$359,$A1358) -> 0 | Q369: =COUNTIF($Q$5:$Q$359,$A1358) -> 0 | R369: =COUNTIF($R$5:$R$359,$A1358) -> 0 | S369: =COUNTIF($S$5:$S$359,$A1358) -> 0 | T369: =COUNTIF($T$5:$T$359,$A1358) -> 0 | U369: =COUNTIF($U$5:$U$359,$A1358) -> 0 | V369: =COUNTIF($V$5:$V$359,$A1358) -> 0 | W369: =COUNTIF($W$5:$W$359,$A1358) -> 0 | X369: =COUNTIF($X$5:$X$359,$A1358) -> 0 | Y369: =COUNTIF($Y$5:$Y$359,$A1358) -> 0
A370: Totalmente de acuerdo | B370: =COUNTIF($B$5:$B$359,$A1359) -> 0 | C370: =COUNTIF($C$5:$C$359,$A1359) -> 0 | D370: =COUNTIF($D$5:$D$359,$A1359) -> 0 | E370: =COUNTIF($E$5:$E$359,$A1359) -> 0 | F370: =COUNTIF($F$5:$F$359,$A1359) -> 0 | G370: =COUNTIF($G$5:$G$359,$A1359) -> 0 | H370: =COUNTIF($H$5:$H$359,$A1359) -> 0 | I370: =COUNTIF($I$5:$I$359,$A1359) -> 0 | J370: =COUNTIF($J$5:$J$359,$A1359) -> 0 | K370: =COUNTIF($K$5:$K$359,$A1359) -> 0 | L370: =COUNTIF($L$5:$L$359,$A1359) -> 0 | M370: =COUNTIF($M$5:$M$359,$A1359) -> 0 | N370: =COUNTIF($N$5:$N$359,$A1359) -> 0 | O370: =COUNTIF($O$5:$O$359,$A1359) -> 0 | P370: =COUNTIF($P$5:$P$359,$A1359) -> 0 | Q370: =COUNTIF($Q$5:$Q$359,$A1359) -> 0 | R370: =COUNTIF($R$5:$R$359,$A1359) -> 0 | S370: =COUNTIF($S$5:$S$359,$A1359) -> 0 | T370: =COUNTIF($T$5:$T$359,$A1359) -> 0 | U370: =COUNTIF($U$5:$U$359,$A1359) -> 0 | V370: =COUNTIF($V$5:$V$359,$A1359) -> 0 | W370: =COUNTIF($W$5:$W$359,$A1359) -> 0 | X370: =COUNTIF($X$5:$X$359,$A1359) -> 0 | Y370: =COUNTIF($Y$5:$Y$359,$A1359) -> 0
A371: Total | B371: =SUM($B366:$B370) -> 0 | C371: =SUM($C366:$C370) -> 0 | D371: =SUM($D366:$D370) -> 0 | E371: =SUM($E366:$E370) -> 0 | F371: =SUM($F366:$F370) -> 0 | G371: =SUM($G366:$G370) -> 0 | H371: =SUM($H366:$H370) -> 0 | I371: =SUM($I366:$I370) -> 0 | J371: =SUM($J366:$J370) -> 0 | K371: =SUM($K366:$K370) -> 0 | L371: =SUM($L366:$L370) -> 0 | M371: =SUM($M366:$M370) -> 0 | N371: =SUM($N366:$N370) -> 0 | O371: =SUM($O366:$O370) -> 0 | P371: =SUM($P366:$P370) -> 0 | Q371: =SUM($Q366:$Q370) -> 0 | R371: =SUM($R366:$R370) -> 0 | S371: =SUM($S366:$S370) -> 0 | T371: =SUM($T366:$T370) -> 0 | U371: =SUM($U366:$U370) -> 0 | V371: =SUM($V366:$V370) -> 0 | W371: =SUM($W366:$W370) -> 0 | X371: =SUM($X366:$X370) -> 0 | Y371: =SUM($Y366:$Y370) -> 0
A372: Nada de acuerdo% | B372: =($B366/$B371) -> 0 | C372: =($C366/$C371) -> 0 | D372: =($D366/$D371) -> 0 | E372: =($E366/$E371) -> 0 | F372: =($F366/$F371) -> 0 | G372: =($G366/$G371) -> 0 | H372: =($H366/$H371) -> 0 | I372: =($I366/$I371) -> 0 | J372: =($J366/$J371) -> 0 | K372: =($K366/$K371) -> 0 | L372: =($L366/$L371) -> 0 | M372: =($M366/$M371) -> 0 | N372: =($N366/$N371) -> 0 | O372: =($O366/$O371) -> 0 | P372: =($P366/$P371) -> 0 | Q372: =($Q366/$Q371) -> 0 | R372: =($R366/$R371) -> 0 | S372: =($S366/$S371) -> 0 | T372: =($T366/$T371) -> 0 | U372: =($U366/$U371) -> 0 | V372: =($V366/$V371) -> 0 | W372: =($W366/$W371) -> 0 | X372: =($X366/$X371) -> 0 | Y372: =($Y366/$Y371) -> 0
A373: Algo de acuerdo% | B373: =($B367/$B371) -> 0 | C373: =($C367/$C371) -> 0 | D373: =($D367/$D371) -> 0 | E373: =($E367/$E371) -> 0 | F373: =($F367/$F371) -> 0 | G373: =($G367/$G371) -> 0 | H373: =($H367/$H371) -> 0 | I373: =($I367/$I371) -> 0 | J373: =($J367/$J371) -> 0 | K373: =($K367/$K371) -> 0 | L373: =($L367/$L371) -> 0 | M373: =($M367/$M371) -> 0 | N373: =($N367/$N371) -> 0 | O373: =($O367/$O371) -> 0 | P373: =($P367/$P371) -> 0 | Q373: =($Q367/$Q371) -> 0 | R373: =($R367/$R371) -> 0 | S373: =($S367/$S371) -> 0 | T373: =($T367/$T371) -> 0 | U373: =($U367/$U371) -> 0 | V373: =($V367/$V371) -> 0 | W373: =($W367/$W371) -> 0 | X373: =($X367/$X371) -> 0 | Y373: =($Y367/$Y371) -> 0
A374: Bastante de acuerdo% | B374: =($B368/$B371) -> 0 | C374: =($C368/$C371) -> 0 | D374: =($D368/$D371) -> 0 | E374: =($E368/$E371) -> 0 | F374: =($F368/$F371) -> 0 | G374: =($G368/$G371) -> 0 | H374: =($H368/$H371) -> 0 | I374: =($I368/$I371) -> 0 | J374: =($J368/$J371) -> 0 | K374: =($K368/$K371) -> 0 | L374: =($L368/$L371) -> 0 | M374: =($M368/$M371) -> 0 | N374: =($N368/$N371) -> 0 | O374: =($O368/$O371) -> 0 | P374: =($P368/$P371) -> 0 | Q374: =($Q368/$Q371) -> 0 | R374: =($R368/$R371) -> 0 | S374: =($S368/$S371) -> 0 | T374: =($T368/$T371) -> 0 | U374: =($U368/$U371) -> 0 | V374: =($V368/$V371) -> 0 | W374: =($W368/$W371) -> 0 | X374: =($X368/$X371) -> 0 | Y374: =($Y368/$Y371) -> 0
A375: Muy de acuerdo% | B375: =($B369/$B371) -> 0 | C375: =($C369/$C371) -> 0 | D375: =($D369/$D371) -> 0 | E375: =($E369/$E371) -> 0 | F375: =($F369/$F371) -> 0 | G375: =($G369/$G371) -> 0 | H375: =($H369/$H371) -> 0 | I375: =($I369/$I371) -> 0 | J375: =($J369/$J371) -> 0 | K375: =($K369/$K371) -> 0 | L375: =($L369/$L371) -> 0 | M375: =($M369/$M371) -> 0 | N375: =($N369/$N371) -> 0 | O375: =($O369/$O371) -> 0 | P375: =($P369/$P371) -> 0 | Q375: =($Q369/$Q371) -> 0 | R375: =($R369/$R371) -> 0 | S375: =($S369/$S371) -> 0 | T375: =($T369/$T371) -> 0 | U375: =($U369/$U371) -> 0 | V375: =($V369/$V371) -> 0 | W375: =($W369/$W371) -> 0 | X375: =($X369/$X371) -> 0 | Y375: =($Y369/$Y371) -> 0
A376: Totalmente de acuerdo% | B376: =($B370/$B371) -> 0 | C376: =($C370/$C371) -> 0 | D376: =($D370/$D371) -> 0 | E376: =($E370/$E371) -> 0 | F376: =($F370/$F371) -> 0 | G376: =($G370/$G371) -> 0 | H376: =($H370/$H371) -> 0 | I376: =($I370/$I371) -> 0 | J376: =($J370/$J371) -> 0 | K376: =($K370/$K371) -> 0 | L376: =($L370/$L371) -> 0 | M376: =($M370/$M371) -> 0 | N376: =($N370/$N371) -> 0 | O376: =($O370/$O371) -> 0 | P376: =($P370/$P371) -> 0 | Q376: =($Q370/$Q371) -> 0 | R376: =($R370/$R371) -> 0 | S376: =($S370/$S371) -> 0 | T376: =($T370/$T371) -> 0 | U376: =($U370/$U371) -> 0 | V376: =($V370/$V371) -> 0 | W376: =($W370/$W371) -> 0 | X376: =($X370/$X371) -> 0 | Y376: =($Y370/$Y371) -> 0
A377: Total % | B377: =SUM($B372:$B376) -> 0 | C377: =SUM($C372:$C376) -> 0 | D377: =SUM($D372:$D376) -> 0 | E377: =SUM($E372:$E376) -> 0 | F377: =SUM($F372:$F376) -> 0 | G377: =SUM($G372:$G376) -> 0 | H377: =SUM($H372:$H376) -> 0 | I377: =SUM($I372:$I376) -> 0 | J377: =SUM($J372:$J376) -> 0 | K377: =SUM($K372:$K376) -> 0 | L377: =SUM($L372:$L376) -> 0 | M377: =SUM($M372:$M376) -> 0 | N377: =SUM($N372:$N376) -> 0 | O377: =SUM($O372:$O376) -> 0 | P377: =SUM($P372:$P376) -> 0 | Q377: =SUM($Q372:$Q376) -> 0 | R377: =SUM($R372:$R376) -> 0 | S377: =SUM($S372:$S376) -> 0 | T377: =SUM($T372:$T376) -> 0 | U377: =SUM($U372:$U376) -> 0 | V377: =SUM($V372:$V376) -> 0 | W377: =SUM($W372:$W376) -> 0 | X377: =SUM($X372:$X376) -> 0 | Y377: =SUM($Y372:$Y376) -> 0
A1355: 1
A1356: 2
A1357: 3
A1358: 4
A1359: 5
B1360: =SUM($B1355:$B1359) -> 0 | C1360: =SUM($C1355:$C1359) -> 0 | D1360: =SUM($D1355:$D1359) -> 0 | E1360: =SUM($E1355:$E1359) -> 0 | F1360: =SUM($F1355:$F1359) -> 0 | G1360: =SUM($G1355:$G1359) -> 0 | H1360: =SUM($H1355:$H1359) -> 0 | I1360: =SUM($I1355:$I1359) -> 0 | J1360: =SUM($J1355:$J1359) -> 0 | K1360: =SUM($K1355:$K1359) -> 0 | L1360: =SUM($L1355:$L1359) -> 0 | M1360: =SUM($M1355:$M1359) -> 0 | N1360: =SUM($N1355:$N1359) -> 0 | O1360: =SUM($O1355:$O1359) -> 0 | P1360: =SUM($P1355:$P1359) -> 0 | Q1360: =SUM($Q1355:$Q1359) -> 0 | R1360: =SUM($R1355:$R1359) -> 0 | S1360: =SUM($S1355:$S1359) -> 0 | T1360: =SUM($T1355:$T1359) -> 0 | U1360: =SUM($U1355:$U1359) -> 0 | V1360: =SUM($V1355:$V1359) -> 0 | W1360: =SUM($W1355:$W1359) -> 0 | X1360: =SUM($X1355:$X1359) -> 0 | Y1360: =SUM($Y1355:$Y1359) -> 0
B1366: =SUM($B1361:$B1365) -> 0 | C1366: =SUM($C1361:$C1365) -> 0 | D1366: =SUM($D1361:$D1365) -> 0 | E1366: =SUM($E1361:$E1365) -> 0 | F1366: =SUM($F1361:$F1365) -> 0 | G1366: =SUM($G1361:$G1365) -> 0 | H1366: =SUM($H1361:$H1365) -> 0 | I1366: =SUM($I1361:$I1365) -> 0 | J1366: =SUM($J1361:$J1365) -> 0 | K1366: =SUM($K1361:$K1365) -> 0 | L1366: =SUM($L1361:$L1365) -> 0 | M1366: =SUM($M1361:$M1365) -> 0 | N1366: =SUM($N1361:$N1365) -> 0 | O1366: =SUM($O1361:$O1365) -> 0 | P1366: =SUM($P1361:$P1365) -> 0 | Q1366: =SUM($Q1361:$Q1365) -> 0 | R1366: =SUM($R1361:$R1365) -> 0 | S1366: =SUM($S1361:$S1365) -> 0 | T1366: =SUM($T1361:$T1365) -> 0 | U1366: =SUM($U1361:$U1365) -> 0 | V1366: =SUM($V1361:$V1365) -> 0 | W1366: =SUM($W1361:$W1365) -> 0 | X1366: =SUM($X1361:$X1365) -> 0 | Y1366: =SUM($Y1361:$Y1365) -> 0

Sheet Por Valoracion (3) Dimension
A1: Dimension 1
A2: Nº de Personas | B2: Percepción emocional | D2: Comprensión emocional | F2: Regulación emocional | H2: Inteligencia emocional
B3: Suma Total | C3: Valoración | D3: Suma Total | E3: Valoración | F3: Suma Total | G3: Valoración | H3: Suma Total | I3: Valoración
A4: Docente 1 | B4: =SUM('Inteligencia emocional'!B5:I5) -> 0 | C4: =IF(B4<=$Q$19,"Bajo",IF(B4<=$Q$20,"Regular",IF(B4<=$Q$21,"Alto",0))) -> 0 | D4: =SUM('Inteligencia emocional'!J5:Q5) -> 0 | E4: =IF(D4<=$AC$19,"Bajo",IF(D4<=$AC$20,"Regular",IF(D4<=$AC$21,"Alto",0))) -> 0 | F4: =SUM('Inteligencia emocional'!R5:Y5) -> 0 | G4: =IF(F4<=$AO$19,"Bajo",IF(F4<=$AO$20,"Regular",IF(F4<=$AO$21,"Alto",0))) -> 0 | H4: =SUM(B4:F4) -> 0 | I4: =IF(H4<=$BA$19,"Bajo",IF(H4<=$BA$20,"Regular",IF(H4<=$BA$21,"Alto",0))) -> 0 | M4: Variable | N4: Inteligencia emocional | Y4: Variable | Z4: Inteligencia emocional | AK4: Variable | AL4: Inteligencia emocional | AW4: Variable | AX4: Inteligencia emocional
A5: Docente 2 | B5: =SUM('Inteligencia emocional'!B6:I6) -> 0 | C5: =IF(B5<=$Q$19,"Bajo",IF(B5<=$Q$20,"Regular",IF(B5<=$Q$21,"Alto",0))) -> 0 | D5: =SUM('Inteligencia emocional'!J6:Q6) -> 0 | E5: =IF(D5<=$AC$19,"Bajo",IF(D5<=$AC$20,"Regular",IF(D5<=$AC$21,"Alto",0))) -> 0 | F5: =SUM('Inteligencia emocional'!R6:Y6) -> 0 | G5: =IF(F5<=$AO$19,"Bajo",IF(F5<=$AO$20,"Regular",IF(F5<=$AO$21,"Alto",0))) -> 0 | H5: =SUM(B5:F5) -> 0 | I5: =IF(H5<=$BA$19,"Bajo",IF(H5<=$BA$20,"Regular",IF(H5<=$BA$21,"Alto",0))) -> 0 | M5: Nombre de la Dimensión | N5: =B2 -> 0 | Y5: Nombre de la Dimensión | Z5: =D2 -> 0 | AK5: Nombre de la Dimensión | AL5: =F2 -> 0
A6: Docente 3 | B6: =SUM('Inteligencia emocional'!B7:I7) -> 0 | C6: =IF(B6<=$Q$19,"Bajo",IF(B6<=$Q$20,"Regular",IF(B6<=$Q$21,"Alto",0))) -> 0 | D6: =SUM('Inteligencia emocional'!J7:Q7) -> 0 | E6: =IF(D6<=$AC$19,"Bajo",IF(D6<=$AC$20,"Regular",IF(D6<=$AC$21,"Alto",0))) -> 0 | F6: =SUM('Inteligencia emocional'!R7:Y7) -> 0 | G6: =IF(F6<=$AO$19,"Bajo",IF(F6<=$AO$20,"Regular",IF(F6<=$AO$21,"Alto",0))) -> 0 | H6: =SUM(B6:F6) -> 0 | I6: =IF(H6<=$BA$19,"Bajo",IF(H6<=$BA$20,"Regular",IF(H6<=$BA$21,"Alto",0))) -> 0 | M6: Cantidad de Escalas Valorativas | N6: 3 | Y6: Cantidad de Escalas Valorativas | Z6: 3 | AK6: Cantidad de Escalas Valorativas | AL6: 3 | AW6: Cantidad de Escalas Valorativas | AX6: 3
A7: Docente 4 | B7: =SUM('Inteligencia emocional'!B8:I8) -> 0 | C7: =IF(B7<=$Q$19,"Bajo",IF(B7<=$Q$20,"Regular",IF(B7<=$Q$21,"Alto",0))) -> 0 | D7: =SUM('Inteligencia emocional'!J8:Q8) -> 0 | E7: =IF(D7<=$AC$19,"Bajo",IF(D7<=$AC$20,"Regular",IF(D7<=$AC$21,"Alto",0))) -> 0 | F7: =SUM('Inteligencia emocional'!R8:Y8) -> 0 | G7: =IF(F7<=$AO$19,"Bajo",IF(F7<=$AO$20,"Regular",IF(F7<=$AO$21,"Alto",0))) -> 0 | H7: =SUM(B7:F7) -> 0 | I7: =IF(H7<=$BA$19,"Bajo",IF(H7<=$BA$20,"Regular",IF(H7<=$BA$21,"Alto",0))) -> 0 | M7: Nº de Peguntas | N7: 8 | Y7: Nº de Peguntas | Z7: 8 | AK7: Nº de Peguntas | AL7: 8 | AW7: Nº de Peguntas | AX7: 24
A8: Docente 5 | B8: =SUM('Inteligencia emocional'!B9:I9) -> 0 | C8: =IF(B8<=$Q$19,"Bajo",IF(B8<=$Q$20,"Regular",IF(B8<=$Q$21,"Alto",0))) -> 0 | D8: =SUM('Inteligencia emocional'!J9:Q9) -> 0 | E8: =IF(D8<=$AC$19,"Bajo",IF(D8<=$AC$20,"Regular",IF(D8<=$AC$21,"Alto",0))) -> 0 | F8: =SUM('Inteligencia emocional'!R9:Y9) -> 0 | G8: =IF(F8<=$AO$19,"Bajo",IF(F8<=$AO$20,"Regular",IF(F8<=$AO$21,"Alto",0))) -> 0 | H8: =SUM(B8:F8) -> 0 | I8: =IF(H8<=$BA$19,"Bajo",IF(H8<=$BA$20,"Regular",IF(H8<=$BA$21,"Alto",0))) -> 0 | M8: Valor Mínimo por item | N8: 1 | Y8: Valor Mínimo por item | Z8: 1 | AK8: Valor Mínimo por item | AL8: 1 | AW8: Valor Mínimo por item | AX8: 1
A9: Docente 6 | B9: =SUM('Inteligencia emocional'!B10:I10) -> 0 | C9: =IF(B9<=$Q$19,"Bajo",IF(B9<=$Q$20,"Regular",IF(B9<=$Q$21,"Alto",0))) -> 0 | D9: =SUM('Inteligencia emocional'!J10:Q10) -> 0 | E9: =IF(D9<=$AC$19,"Bajo",IF(D9<=$AC$20,"Regular",IF(D9<=$AC$21,"Alto",0))) -> 0 | F9: =SUM('Inteligencia emocional'!R10:Y10) -> 0 | G9: =IF(F9<=$AO$19,"Bajo",IF(F9<=$AO$20,"Regular",IF(F9<=$AO$21,"Alto",0))) -> 0 | H9: =SUM(B9:F9) -> 0 | I9: =IF(H9<=$BA$19,"Bajo",IF(H9<=$BA$20,"Regular",IF(H9<=$BA$21,"Alto",0))) -> 0 | M9: Valor Máximo por item | N9: 5 | Y9: Valor Máximo por item | Z9: 5 | AK9: Valor Máximo por item | AL9: 5 | AW9: Valor Máximo por item | AX9: 5
A10: Docente 7 | B10: =SUM('Inteligencia emocional'!B11:I11) -> 0 | C10: =IF(B10<=$Q$19,"Bajo",IF(B10<=$Q$20,"Regular",IF(B10<=$Q$21,"Alto",0))) -> 0 | D10: =SUM('Inteligencia emocional'!J11:Q11) -> 0 | E10: =IF(D10<=$AC$19,"Bajo",IF(D10<=$AC$20,"Regular",IF(D10<=$AC$21,"Alto",0))) -> 0 | F10: =SUM('Inteligencia emocional'!R11:Y11) -> 0 | G10: =IF(F10<=$AO$19,"Bajo",IF(F10<=$AO$20,"Regular",IF(F10<=$AO$21,"Alto",0))) -> 0 | H10: =SUM(B10:F10) -> 0 | I10: =IF(H10<=$BA$19,"Bajo",IF(H10<=$BA$20,"Regular",IF(H10<=$BA$21,"Alto",0))) -> 0 | M10: Máximo | N10: =N7*N9 -> 0 | Y10: Máximo | Z10: =Z7*Z9 -> 0 | AK10: Máximo | AL10: =AL7*AL9 -> 0 | AW10: Máximo | AX10: =AX7*AX9 -> 0
A11: Docente 8 | B11: =SUM('Inteligencia emocional'!B12:I12) -> 0 | C11: =IF(B11<=$Q$19,"Bajo",IF(B11<=$Q$20,"Regular",IF(B11<=$Q$21,"Alto",0))) -> 0 | D11: =SUM('Inteligencia emocional'!J12:Q12) -> 0 | E11: =IF(D11<=$AC$19,"Bajo",IF(D11<=$AC$20,"Regular",IF(D11<=$AC$21,"Alto",0))) -> 0 | F11: =SUM('Inteligencia emocional'!R12:Y12) -> 0 | G11: =IF(F11<=$AO$19,"Bajo",IF(F11<=$AO$20,"Regular",IF(F11<=$AO$21,"Alto",0))) -> 0 | H11: =SUM(B11:F11) -> 0 | I11: =IF(H11<=$BA$19,"Bajo",IF(H11<=$BA$20,"Regular",IF(H11<=$BA$21,"Alto",0))) -> 0 | M11: Mínimo | N11: =N8*N7 -> 0 | Y11: Mínimo | Z11: =Z8*Z7 -> 0 | AK11: Mínimo | AL11: =AL8*AL7 -> 0 | AW11: Mínimo | AX11: =AX8*AX7 -> 0
A12: Docente 9 | B12: =SUM('Inteligencia emocional'!B13:I13) -> 0 | C12: =IF(B12<=$Q$19,"Bajo",IF(B12<=$Q$20,"Regular",IF(B12<=$Q$21,"Alto",0))) -> 0 | D12: =SUM('Inteligencia emocional'!J13:Q13) -> 0 | E12: =IF(D12<=$AC$19,"Bajo",IF(D12<=$AC$20,"Regular",IF(D12<=$AC$21,"Alto",0))) -> 0 | F12: =SUM('Inteligencia emocional'!R13:Y13) -> 0 | G12: =IF(F12<=$AO$19,"Bajo",IF(F12<=$AO$20,"Regular",IF(F12<=$AO$21,"Alto",0))) -> 0 | H12: =SUM(B12:F12) -> 0 | I12: =IF(H12<=$BA$19,"Bajo",IF(H12<=$BA$20,"Regular",IF(H12<=$BA$21,"Alto",0))) -> 0 | M12: Rango | N12: =N10-N11 -> 0 | Y12: Rango | Z12: =Z10-Z11 -> 0 | AK12: Rango | AL12: =AL10-AL11 -> 0 | AW12: Rango | AX12: =AX10-AX11 -> 0
A13: Docente 10 | B13: =SUM('Inteligencia emocional'!B14:I14) -> 0 | C13: =IF(B13<=$Q$19,"Bajo",IF(B13<=$Q$20,"Regular",IF(B13<=$Q$21,"Alto",0))) -> 0 | D13: =SUM('Inteligencia emocional'!J14:Q14) -> 0 | E13: =IF(D13<=$AC$19,"Bajo",IF(D13<=$AC$20,"Regular",IF(D13<=$AC$21,"Alto",0))) -> 0 | F13: =SUM('Inteligencia emocional'!R14:Y14) -> 0 | G13: =IF(F13<=$AO$19,"Bajo",IF(F13<=$AO$20,"Regular",IF(F13<=$AO$21,"Alto",0))) -> 0 | H13: =SUM(B13:F13) -> 0 | I13: =IF(H13<=$BA$19,"Bajo",IF(H13<=$BA$20,"Regular",IF(H13<=$BA$21,"Alto",0))) -> 0 | M13: Amplitud del Intervalo | N13: =ROUND(N12/N6,0) -> 0 | Y13: Amplitud del Intervalo | Z13: =ROUND(Z12/Z6,0) -> 0 | AK13: Amplitud del Intervalo | AL13: =ROUND(AL12/AL6,0) -> 0 | AW13: Amplitud del Intervalo | AX13: =ROUND(AX12/AX6,0) -> 0
A14: Docente 11 | B14: =SUM('Inteligencia emocional'!B15:I15) -> 0 | C14: =IF(B14<=$Q$19,"Bajo",IF(B14<=$Q$20,"Regular",IF(B14<=$Q$21,"Alto",0))) -> 0 | D14: =SUM('Inteligencia emocional'!J15:Q15) -> 0 | E14: =IF(D14<=$AC$19,"Bajo",IF(D14<=$AC$20,"Regular",IF(D14<=$AC$21,"Alto",0))) -> 0 | F14: =SUM('Inteligencia emocional'!R15:Y15) -> 0 | G14: =IF(F14<=$AO$19,"Bajo",IF(F14<=$AO$20,"Regular",IF(F14<=$AO$21,"Alto",0))) -> 0 | H14: =SUM(B14:F14) -> 0 | I14: =IF(H14<=$BA$19,"Bajo",IF(H14<=$BA$20,"Regular",IF(H14<=$BA$21,"Alto",0))) -> 0
A15: Docente 12 | B15: =SUM('Inteligencia emocional'!B16:I16) -> 0 | C15: =IF(B15<=$Q$19,"Bajo",IF(B15<=$Q$20,"Regular",IF(B15<=$Q$21,"Alto",0))) -> 0 | D15: =SUM('Inteligencia emocional'!J16:Q16) -> 0 | E15: =IF(D15<=$AC$19,"Bajo",IF(D15<=$AC$20,"Regular",IF(D15<=$AC$21,"Alto",0))) -> 0 | F15: =SUM('Inteligencia emocional'!R16:Y16) -> 0 | G15: =IF(F15<=$AO$19,"Bajo",IF(F15<=$AO$20,"Regular",IF(F15<=$AO$21,"Alto",0))) -> 0 | H15: =SUM(B15:F15) -> 0 | I15: =IF(H15<=$BA$19,"Bajo",IF(H15<=$BA$20,"Regular",IF(H15<=$BA$21,"Alto",0))) -> 0 | O15: Tabla 1 | AA15: Tabla 2 | AM15: Tabla 3 | AY15: Tabla 4
A16: Docente 13 | B16: =SUM('Inteligencia emocional'!B17:I17) -> 0 | C16: =IF(B16<=$Q$19,"Bajo",IF(B16<=$Q$20,"Regular",IF(B16<=$Q$21,"Alto",0))) -> 0 | D16: =SUM('Inteligencia emocional'!J17:Q17) -> 0 | E16: =IF(D16<=$AC$19,"Bajo",IF(D16<=$AC$20,"Regular",IF(D16<=$AC$21,"Alto",0))) -> 0 | F16: =SUM('Inteligencia emocional'!R17:Y17) -> 0 | G16: =IF(F16<=$AO$19,"Bajo",IF(F16<=$AO$20,"Regular",IF(F16<=$AO$21,"Alto",0))) -> 0 | H16: =SUM(B16:F16) -> 0 | I16: =IF(H16<=$BA$19,"Bajo",IF(H16<=$BA$20,"Regular",IF(H16<=$BA$21,"Alto",0))) -> 0 | O16: =N5 -> 0 | AA16: =Z5 -> 0 | AM16: =AL5 -> 0 | AY16: =AX4 -> 0
A17: Docente 14 | B17: =SUM('Inteligencia emocional'!B18:I18) -> 0 | C17: =IF(B17<=$Q$19,"Bajo",IF(B17<=$Q$20,"Regular",IF(B17<=$Q$21,"Alto",0))) -> 0 | D17: =SUM('Inteligencia emocional'!J18:Q18) -> 0 | E17: =IF(D17<=$AC$19,"Bajo",IF(D17<=$AC$20,"Regular",IF(D17<=$AC$21,"Alto",0))) -> 0 | F17: =SUM('Inteligencia emocional'!R18:Y18) -> 0 | G17: =IF(F17<=$AO$19,"Bajo",IF(F17<=$AO$20,"Regular",IF(F17<=$AO$21,"Alto",0))) -> 0 | H17: =SUM(B17:F17) -> 0 | I17: =IF(H17<=$BA$19,"Bajo",IF(H17<=$BA$20,"Regular",IF(H17<=$BA$21,"Alto",0))) -> 0 | O17: Calificación | P17: Rango | R17: Frec. | S17: % | AA17: Calificación | AB17: Rango | AD17: Frec. | AE17: % | AM17: Calificación | AN17: Rango | AP17: Frec. | AQ17: % | AY17: Calificación | AZ17: Rango | BB17: Frec. | BC17: %
A18: Docente 15 | B18: =SUM('Inteligencia emocional'!B19:I19) -> 0 | C18: =IF(B18<=$Q$19,"Bajo",IF(B18<=$Q$20,"Regular",IF(B18<=$Q$21,"Alto",0))) -> 0 | D18: =SUM('Inteligencia emocional'!J19:Q19) -> 0 | E18: =IF(D18<=$AC$19,"Bajo",IF(D18<=$AC$20,"Regular",IF(D18<=$AC$21,"Alto",0))) -> 0 | F18: =SUM('Inteligencia emocional'!R19:Y19) -> 0 | G18: =IF(F18<=$AO$19,"Bajo",IF(F18<=$AO$20,"Regular",IF(F18<=$AO$21,"Alto",0))) -> 0 | H18: =SUM(B18:F18) -> 0 | I18: =IF(H18<=$BA$19,"Bajo",IF(H18<=$BA$20,"Regular",IF(H18<=$BA$21,"Alto",0))) -> 0 | P18: Desde | Q18: Hasta | AB18: Desde | AC18: Hasta | AN18: Desde | AO18: Hasta | AZ18: Desde | BA18: Hasta
A19: Docente 16 | B19: =SUM('Inteligencia emocional'!B20:I20) -> 0 | C19: =IF(B19<=$Q$19,"Bajo",IF(B19<=$Q$20,"Regular",IF(B19<=$Q$21,"Alto",0))) -> 0 | D19: =SUM('Inteligencia emocional'!J20:Q20) -> 0 | E19: =IF(D19<=$AC$19,"Bajo",IF(D19<=$AC$20,"Regular",IF(D19<=$AC$21,"Alto",0))) -> 0 | F19: =SUM('Inteligencia emocional'!R20:Y20) -> 0 | G19: =IF(F19<=$AO$19,"Bajo",IF(F19<=$AO$20,"Regular",IF(F19<=$AO$21,"Alto",0))) -> 0 | H19: =SUM(B19:F19) -> 0 | I19: =IF(H19<=$BA$19,"Bajo",IF(H19<=$BA$20,"Regular",IF(H19<=$BA$21,"Alto",0))) -> 0 | O19: Bajo | P19: =N11 -> 0 | Q19: =P19+N13 -> 0 | R19: =COUNTIF($C$4:$C$358,$O19) -> 0 | S19: =R19/R22 -> 0 | AA19: Bajo | AB19: =Z11 -> 0 | AC19: =AB19+Z13 -> 0 | AD19: =COUNTIF($E$4:$E$358,$AA19) -> 0 | AE19: =AD19/AD22 -> 0 | AM19: Bajo | AN19: =AL11 -> 0 | AO19: =AN19+AL13 -> 0 | AP19: =COUNTIF($G$4:$G$358,$AM19) -> 0 | AQ19: =AP19/AP22 -> 0 | AY19: Bajo | AZ19: =AX11 -> 0 | BA19: =AZ19+AX13 - 1 -> 0 | BB19: =COUNTIF($I$4:$I$358,$AY19) -> 0 | BC19: =BB19/BB22 -> 0
A20: Docente 17 | B20: =SUM('Inteligencia emocional'!B21:I21) -> 0 | C20: =IF(B20<=$Q$19,"Bajo",IF(B20<=$Q$20,"Regular",IF(B20<=$Q$21,"Alto",0))) -> 0 | D20: =SUM('Inteligencia emocional'!J21:Q21) -> 0 | E20: =IF(D20<=$AC$19,"Bajo",IF(D20<=$AC$20,"Regular",IF(D20<=$AC$21,"Alto",0))) -> 0 | F20: =SUM('Inteligencia emocional'!R21:Y21) -> 0 | G20: =IF(F20<=$AO$19,"Bajo",IF(F20<=$AO$20,"Regular",IF(F20<=$AO$21,"Alto",0))) -> 0 | H20: =SUM(B20:F20) -> 0 | I20: =IF(H20<=$BA$19,"Bajo",IF(H20<=$BA$20,"Regular",IF(H20<=$BA$21,"Alto",0))) -> 0 | O20: Regular | P20: =Q19+ 1 -> 0 | Q20: =P20+N13 -> 0 | R20: =COUNTIF($C$4:$C$358,$O20) -> 0 | S20: =R20/R22 -> 0 | AA20: Regular | AB20: =AC19+ 1 -> 0 | AC20: =AB20+Z13 -> 0 | AD20: =COUNTIF($E$4:$E$358,$AA20) -> 0 | AE20: =AD20/AD22 -> 0 | AM20: Regular | AN20: =AO19+ 1 -> 0 | AO20: =AN20+AL13 -> 0 | AP20: =COUNTIF($G$4:$G$358,$AM20) -> 0 | AQ20: =AP20/AP22 -> 0 | AY20: Regular | AZ20: =BA19+ 1 -> 0 | BA20: =AZ20+AX13 - 1 -> 0 | BB20: =COUNTIF($I$4:$I$358,$AY20) -> 0 | BC20: =BB20/BB22 -> 0
A21: Docente 18 | B21: =SUM('Inteligencia emocional'!B22:I22) -> 0 | C21: =IF(B21<=$Q$19,"Bajo",IF(B21<=$Q$20,"Regular",IF(B21<=$Q$21,"Alto",0))) -> 0 | D21: =SUM('Inteligencia emocional'!J22:Q22) -> 0 | E21: =IF(D21<=$AC$19,"Bajo",IF(D21<=$AC$20,"Regular",IF(D21<=$AC$21,"Alto",0))) -> 0 | F21: =SUM('Inteligencia emocional'!R22:Y22) -> 0 | G21: =IF(F21<=$AO$19,"Bajo",IF(F21<=$AO$20,"Regular",IF(F21<=$AO$21,"Alto",0))) -> 0 | H21: =SUM(B21:F21) -> 0 | I21: =IF(H21<=$BA$19,"Bajo",IF(H21<=$BA$20,"Regular",IF(H21<=$BA$21,"Alto",0))) -> 0 | O21: Alto | P21: =Q20+ 1 -> 0 | Q21: =N10 -> 0 | R21: =COUNTIF($C$4:$C$358,$O21) -> 0 | S21: =R21/R22 -> 0 | AA21: Alto | AB21: =AC20+ 1 -> 0 | AC21: =Z10 -> 0 | AD21: =COUNTIF($E$4:$E$358,$AA21) -> 0 | AE21: =AD21/AD22 -> 0 | AM21: Alto | AN21: =AO20+ 1 -> 0 | AO21: =AL10 -> 0 | AP21: =COUNTIF($G$4:$G$358,$AM21) -> 0 | AQ21: =AP21/AP22 -> 0 | AY21: Alto | AZ21: =BA20+ 1 -> 0 | BA21: =AX10 -> 0 | BB21: =COUNTIF($I$4:$I$358,$AY21) -> 0 | BC21: =BB21/BB22 -> 0
A22: Docente 19 | B22: =SUM('Inteligencia emocional'!B23:I23) -> 0 | C22: =IF(B22<=$Q$19,"Bajo",IF(B22<=$Q$20,"Regular",IF(B22<=$Q$21,"Alto",0))) -> 0 | D22: =SUM('Inteligencia emocional'!J23:Q23) -> 0 | E22: =IF(D22<=$AC$19,"Bajo",IF(D22<=$AC$20,"Regular",IF(D22<=$AC$21,"Alto",0))) -> 0 | F22: =SUM('Inteligencia emocional'!R23:Y23) -> 0 | G22: =IF(F22<=$AO$19,"Bajo",IF(F22<=$AO$20,"Regular",IF(F22<=$AO$21,"Alto",0))) -> 0 | H22: =SUM(B22:F22) -> 0 | I22: =IF(H22<=$BA$19,"Bajo",IF(H22<=$BA$20,"Regular",IF(H22<=$BA$21,"Alto",0))) -> 0 | O22: Total | R22: =SUM(R19:R21) -> 0 | S22: =SUM(S19:S21) -> 0 | AA22: Total | AD22: =SUM(AD19:AD21) -> 0 | AE22: =SUM(AE19:AE21) -> 0 | AM22: Total | AP22: =SUM(AP19:AP21) -> 0 | AQ22: =SUM(AQ19:AQ21) -> 0 | AY22: Total | BB22: =SUM(BB19:BB21) -> 0 | BC22: =SUM(BC19:BC21) -> 0
A23: Docente 20 | B23: =SUM('Inteligencia emocional'!B24:I24) -> 0 | C23: =IF(B23<=$Q$19,"Bajo",IF(B23<=$Q$20,"Regular",IF(B23<=$Q$21,"Alto",0))) -> 0 | D23: =SUM('Inteligencia emocional'!J24:Q24) -> 0 | E23: =IF(D23<=$AC$19,"Bajo",IF(D23<=$AC$20,"Regular",IF(D23<=$AC$21,"Alto",0))) -> 0 | F23: =SUM('Inteligencia emocional'!R24:Y24) -> 0 | G23: =IF(F23<=$AO$19,"Bajo",IF(F23<=$AO$20,"Regular",IF(F23<=$AO$21,"Alto",0))) -> 0 | H23: =SUM(B23:F23) -> 0 | I23: =IF(H23<=$BA$19,"Bajo",IF(H23<=$BA$20,"Regular",IF(H23<=$BA$21,"Alto",0))) -> 0 | O23: Fuente: Encuesta aplicada | AA23: Fuente: Encuesta aplicada | AM23: Fuente: Encuesta aplicada | AY23: Fuente: Encuesta aplicada
A24: Docente 21 | B24: =SUM('Inteligencia emocional'!B25:I25) -> 0 | C24: =IF(B24<=$Q$19,"Bajo",IF(B24<=$Q$20,"Regular",IF(B24<=$Q$21,"Alto",0))) -> 0 | D24: =SUM('Inteligencia emocional'!J25:Q25) -> 0 | E24: =IF(D24<=$AC$19,"Bajo",IF(D24<=$AC$20,"Regular",IF(D24<=$AC$21,"Alto",0))) -> 0 | F24: =SUM('Inteligencia emocional'!R25:Y25) -> 0 | G24: =IF(F24<=$AO$19,"Bajo",IF(F24<=$AO$20,"Regular",IF(F24<=$AO$21,"Alto",0))) -> 0 | H24: =SUM(B24:F24) -> 0 | I24: =IF(H24<=$BA$19,"Bajo",IF(H24<=$BA$20,"Regular",IF(H24<=$BA$21,"Alto",0))) -> 0 | O24: Elaboración: Propia | AA24: Elaboración: Propia | AM24: Elaboración: Propia | AY24: Elaboración: Propia
A25: Docente 22 | B25: =SUM('Inteligencia emocional'!B26:I26) -> 0 | C25: =IF(B25<=$Q$19,"Bajo",IF(B25<=$Q$20,"Regular",IF(B25<=$Q$21,"Alto",0))) -> 0 | D25: =SUM('Inteligencia emocional'!J26:Q26) -> 0 | E25: =IF(D25<=$AC$19,"Bajo",IF(D25<=$AC$20,"Regular",IF(D25<=$AC$21,"Alto",0))) -> 0 | F25: =SUM('Inteligencia emocional'!R26:Y26) -> 0 | G25: =IF(F25<=$AO$19,"Bajo",IF(F25<=$AO$20,"Regular",IF(F25<=$AO$21,"Alto",0))) -> 0 | H25: =SUM(B25:F25) -> 0 | I25: =IF(H25<=$BA$19,"Bajo",IF(H25<=$BA$20,"Regular",IF(H25<=$BA$21,"Alto",0))) -> 0
A26: Docente 23 | B26: =SUM('Inteligencia emocional'!B27:I27) -> 0 | C26: =IF(B26<=$Q$19,"Bajo",IF(B26<=$Q$20,"Regular",IF(B26<=$Q$21,"Alto",0))) -> 0 | D26: =SUM('Inteligencia emocional'!J27:Q27) -> 0 | E26: =IF(D26<=$AC$19,"Bajo",IF(D26<=$AC$20,"Regular",IF(D26<=$AC$21,"Alto",0))) -> 0 | F26: =SUM('Inteligencia emocional'!R27:Y27) -> 0 | G26: =IF(F26<=$AO$19,"Bajo",IF(F26<=$AO$20,"Regular",IF(F26<=$AO$21,"Alto",0))) -> 0 | H26: =SUM(B26:F26) -> 0 | I26: =IF(H26<=$BA$19,"Bajo",IF(H26<=$BA$20,"Regular",IF(H26<=$BA$21,"Alto",0))) -> 0
A27: Docente 24 | B27: =SUM('Inteligencia emocional'!B28:I28) -> 0 | C27: =IF(B27<=$Q$19,"Bajo",IF(B27<=$Q$20,"Regular",IF(B27<=$Q$21,"Alto",0))) -> 0 | D27: =SUM('Inteligencia emocional'!J28:Q28) -> 0 | E27: =IF(D27<=$AC$19,"Bajo",IF(D27<=$AC$20,"Regular",IF(D27<=$AC$21,"Alto",0))) -> 0 | F27: =SUM('Inteligencia emocional'!R28:Y28) -> 0 | G27: =IF(F27<=$AO$19,"Bajo",IF(F27<=$AO$20,"Regular",IF(F27<=$AO$21,"Alto",0))) -> 0 | H27: =SUM(B27:F27) -> 0 | I27: =IF(H27<=$BA$19,"Bajo",IF(H27<=$BA$20,"Regular",IF(H27<=$BA$21,"Alto",0))) -> 0
A28: Docente 25 | B28: =SUM('Inteligencia emocional'!B29:I29) -> 0 | C28: =IF(B28<=$Q$19,"Bajo",IF(B28<=$Q$20,"Regular",IF(B28<=$Q$21,"Alto",0))) -> 0 | D28: =SUM('Inteligencia emocional'!J29:Q29) -> 0 | E28: =IF(D28<=$AC$19,"Bajo",IF(D28<=$AC$20,"Regular",IF(D28<=$AC$21,"Alto",0))) -> 0 | F28: =SUM('Inteligencia emocional'!R29:Y29) -> 0 | G28: =IF(F28<=$AO$19,"Bajo",IF(F28<=$AO$20,"Regular",IF(F28<=$AO$21,"Alto",0))) -> 0 | H28: =SUM(B28:F28) -> 0 | I28: =IF(H28<=$BA$19,"Bajo",IF(H28<=$BA$20,"Regular",IF(H28<=$BA$21,"Alto",0))) -> 0
A29: Docente 26 | B29: =SUM('Inteligencia emocional'!B30:I30) -> 0 | C29: =IF(B29<=$Q$19,"Bajo",IF(B29<=$Q$20,"Regular",IF(B29<=$Q$21,"Alto",0))) -> 0 | D29: =SUM('Inteligencia emocional'!J30:Q30) -> 0 | E29: =IF(D29<=$AC$19,"Bajo",IF(D29<=$AC$20,"Regular",IF(D29<=$AC$21,"Alto",0))) -> 0 | F29: =SUM('Inteligencia emocional'!R30:Y30) -> 0 | G29: =IF(F29<=$AO$19,"Bajo",IF(F29<=$AO$20,"Regular",IF(F29<=$AO$21,"Alto",0))) -> 0 | H29: =SUM(B29:F29) -> 0 | I29: =IF(H29<=$BA$19,"Bajo",IF(H29<=$BA$20,"Regular",IF(H29<=$BA$21,"Alto",0))) -> 0
A30: Docente 27 | B30: =SUM('Inteligencia emocional'!B31:I31) -> 0 | C30: =IF(B30<=$Q$19,"Bajo",IF(B30<=$Q$20,"Regular",IF(B30<=$Q$21,"Alto",0))) -> 0 | D30: =SUM('Inteligencia emocional'!J31:Q31) -> 0 | E30: =IF(D30<=$AC$19,"Bajo",IF(D30<=$AC$20,"Regular",IF(D30<=$AC$21,"Alto",0))) -> 0 | F30: =SUM('Inteligencia emocional'!R31:Y31) -> 0 | G30: =IF(F30<=$AO$19,"Bajo",IF(F30<=$AO$20,"Regular",IF(F30<=$AO$21,"Alto",0))) -> 0 | H30: =SUM(B30:F30) -> 0 | I30: =IF(H30<=$BA$19,"Bajo",IF(H30<=$BA$20,"Regular",IF(H30<=$BA$21,"Alto",0))) -> 0
A31: Docente 28 | B31: =SUM('Inteligencia emocional'!B32:I32) -> 0 | C31: =IF(B31<=$Q$19,"Bajo",IF(B31<=$Q$20,"Regular",IF(B31<=$Q$21,"Alto",0))) -> 0 | D31: =SUM('Inteligencia emocional'!J32:Q32) -> 0 | E31: =IF(D31<=$AC$19,"Bajo",IF(D31<=$AC$20,"Regular",IF(D31<=$AC$21,"Alto",0))) -> 0 | F31: =SUM('Inteligencia emocional'!R32:Y32) -> 0 | G31: =IF(F31<=$AO$19,"Bajo",IF(F31<=$AO$20,"Regular",IF(F31<=$AO$21,"Alto",0))) -> 0 | H31: =SUM(B31:F31) -> 0 | I31: =IF(H31<=$BA$19,"Bajo",IF(H31<=$BA$20,"Regular",IF(H31<=$BA$21,"Alto",0))) -> 0
A32: Docente 29 | B32: =SUM('Inteligencia emocional'!B33:I33) -> 0 | C32: =IF(B32<=$Q$19,"Bajo",IF(B32<=$Q$20,"Regular",IF(B32<=$Q$21,"Alto",0))) -> 0 | D32: =SUM('Inteligencia emocional'!J33:Q33) -> 0 | E32: =IF(D32<=$AC$19,"Bajo",IF(D32<=$AC$20,"Regular",IF(D32<=$AC$21,"Alto",0))) -> 0 | F32: =SUM('Inteligencia emocional'!R33:Y33) -> 0 | G32: =IF(F32<=$AO$19,"Bajo",IF(F32<=$AO$20,"Regular",IF(F32<=$AO$21,"Alto",0))) -> 0 | H32: =SUM(B32:F32) -> 0 | I32: =IF(H32<=$BA$19,"Bajo",IF(H32<=$BA$20,"Regular",IF(H32<=$BA$21,"Alto",0))) -> 0
A33: Docente 30 | B33: =SUM('Inteligencia emocional'!B34:I34) -> 0 | C33: =IF(B33<=$Q$19,"Bajo",IF(B33<=$Q$20,"Regular",IF(B33<=$Q$21,"Alto",0))) -> 0 | D33: =SUM('Inteligencia emocional'!J34:Q34) -> 0 | E33: =IF(D33<=$AC$19,"Bajo",IF(D33<=$AC$20,"Regular",IF(D33<=$AC$21,"Alto",0))) -> 0 | F33: =SUM('Inteligencia emocional'!R34:Y34) -> 0 | G33: =IF(F33<=$AO$19,"Bajo",IF(F33<=$AO$20,"Regular",IF(F33<=$AO$21,"Alto",0))) -> 0 | H33: =SUM(B33:F33) -> 0 | I33: =IF(H33<=$BA$19,"Bajo",IF(H33<=$BA$20,"Regular",IF(H33<=$BA$21,"Alto",0))) -> 0
A34: Docente 31 | B34: =SUM('Inteligencia emocional'!B35:I35) -> 0 | C34: =IF(B34<=$Q$19,"Bajo",IF(B34<=$Q$20,"Regular",IF(B34<=$Q$21,"Alto",0))) -> 0 | D34: =SUM('Inteligencia emocional'!J35:Q35) -> 0 | E34: =IF(D34<=$AC$19,"Bajo",IF(D34<=$AC$20,"Regular",IF(D34<=$AC$21,"Alto",0))) -> 0 | F34: =SUM('Inteligencia emocional'!R35:Y35) -> 0 | G34: =IF(F34<=$AO$19,"Bajo",IF(F34<=$AO$20,"Regular",IF(F34<=$AO$21,"Alto",0))) -> 0 | H34: =SUM(B34:F34) -> 0 | I34: =IF(H34<=$BA$19,"Bajo",IF(H34<=$BA$20,"Regular",IF(H34<=$BA$21,"Alto",0))) -> 0
A35: Docente 32 | B35: =SUM('Inteligencia emocional'!B36:I36) -> 0 | C35: =IF(B35<=$Q$19,"Bajo",IF(B35<=$Q$20,"Regular",IF(B35<=$Q$21,"Alto",0))) -> 0 | D35: =SUM('Inteligencia emocional'!J36:Q36) -> 0 | E35: =IF(D35<=$AC$19,"Bajo",IF(D35<=$AC$20,"Regular",IF(D35<=$AC$21,"Alto",0))) -> 0 | F35: =SUM('Inteligencia emocional'!R36:Y36) -> 0 | G35: =IF(F35<=$AO$19,"Bajo",IF(F35<=$AO$20,"Regular",IF(F35<=$AO$21,"Alto",0))) -> 0 | H35: =SUM(B35:F35) -> 0 | I35: =IF(H35<=$BA$19,"Bajo",IF(H35<=$BA$20,"Regular",IF(H35<=$BA$21,"Alto",0))) -> 0
A36: Docente 33 | B36: =SUM('Inteligencia emocional'!B37:I37) -> 0 | C36: =IF(B36<=$Q$19,"Bajo",IF(B36<=$Q$20,"Regular",IF(B36<=$Q$21,"Alto",0))) -> 0 | D36: =SUM('Inteligencia emocional'!J37:Q37) -> 0 | E36: =IF(D36<=$AC$19,"Bajo",IF(D36<=$AC$20,"Regular",IF(D36<=$AC$21,"Alto",0))) -> 0 | F36: =SUM('Inteligencia emocional'!R37:Y37) -> 0 | G36: =IF(F36<=$AO$19,"Bajo",IF(F36<=$AO$20,"Regular",IF(F36<=$AO$21,"Alto",0))) -> 0 | H36: =SUM(B36:F36) -> 0 | I36: =IF(H36<=$BA$19,"Bajo",IF(H36<=$BA$20,"Regular",IF(H36<=$BA$21,"Alto",0))) -> 0
... A42: Docente 39 | B42: =SUM('Inteligencia emocional'!B43:I43) -> 0 | C42: =IF(B42<=$Q$19,"Bajo",IF(B42<=$Q$20,"Regular",IF(B42<=$Q$21,"Alto",0))) -> 0 | D42: =SUM('Inteligencia emocional'!J43:Q43) -> 0 | E42: =IF(D42<=$AC$19,"Bajo",IF(D42<=$AC$20,"Regular",IF(D42<=$AC$21,"Alto",0))) -> 0 | F42: =SUM('Inteligencia emocional'!R43:Y43) -> 0 | G42: =IF(F42<=$AO$19,"Bajo",IF(F42<=$AO$20,"Regular",IF(F42<=$AO$21,"Alto",0))) -> 0 | H42: =SUM(B42:F42) -> 0 | I42: =IF(H42<=$BA$19,"Bajo",IF(H42<=$BA$20,"Regular",IF(H42<=$BA$21,"Alto",0))) -> 0
A43: Docente 40 | B43: =SUM('Inteligencia emocional'!B44:I44) -> 0 | C43: =IF(B43<=$Q$19,"Bajo",IF(B43<=$Q$20,"Regular",IF(B43<=$Q$21,"Alto",0))) -> 0 | D43: =SUM('Inteligencia emocional'!J44:Q44) -> 0 | E43: =IF(D43<=$AC$19,"Bajo",IF(D43<=$AC$20,"Regular",IF(D43<=$AC$21,"Alto",0))) -> 0 | F43: =SUM('Inteligencia emocional'!R44:Y44) -> 0 | G43: =IF(F43<=$AO$19,"Bajo",IF(F43<=$AO$20,"Regular",IF(F43<=$AO$21,"Alto",0))) -> 0 | H43: =SUM(B43:F43) -> 0 | I43: =IF(H43<=$BA$19,"Bajo",IF(H43<=$BA$20,"Regular",IF(H43<=$BA$21,"Alto",0))) -> 0 | O43: Figura.1 | AA43: Figura.2 | AM43: Figura.3 | AY43: Figura.4
A44: Docente 41 | B44: =SUM('Inteligencia emocional'!B45:I45) -> 0 | C44: =IF(B44<=$Q$19,"Bajo",IF(B44<=$Q$20,"Regular",IF(B44<=$Q$21,"Alto",0))) -> 0 | D44: =SUM('Inteligencia emocional'!J45:Q45) -> 0 | E44: =IF(D44<=$AC$19,"Bajo",IF(D44<=$AC$20,"Regular",IF(D44<=$AC$21,"Alto",0))) -> 0 | F44: =SUM('Inteligencia emocional'!R45:Y45) -> 0 | G44: =IF(F44<=$AO$19,"Bajo",IF(F44<=$AO$20,"Regular",IF(F44<=$AO$21,"Alto",0))) -> 0 | H44: =SUM(B44:F44) -> 0 | I44: =IF(H44<=$BA$19,"Bajo",IF(H44<=$BA$20,"Regular",IF(H44<=$BA$21,"Alto",0))) -> 0 | O44: Percepción emocional | AA44: Comprensión emocional | AM44: Regulación emocional | AY44: Percepción emocional
A45: Docente 42 | B45: =SUM('Inteligencia emocional'!B46:I46) -> 0 | C45: =IF(B45<=$Q$19,"Bajo",IF(B45<=$Q$20,"Regular",IF(B45<=$Q$21,"Alto",0))) -> 0 | D45: =SUM('Inteligencia emocional'!J46:Q46) -> 0 | E45: =IF(D45<=$AC$19,"Bajo",IF(D45<=$AC$20,"Regular",IF(D45<=$AC$21,"Alto",0))) -> 0 | F45: =SUM('Inteligencia emocional'!R46:Y46) -> 0 | G45: =IF(F45<=$AO$19,"Bajo",IF(F45<=$AO$20,"Regular",IF(F45<=$AO$21,"Alto",0))) -> 0 | H45: =SUM(B45:F45) -> 0 | I45: =IF(H45<=$BA$19,"Bajo",IF(H45<=$BA$20,"Regular",IF(H45<=$BA$21,"Alto",0))) -> 0
A46: Docente 43 | B46: =SUM('Inteligencia emocional'!B47:I47) -> 0 | C46: =IF(B46<=$Q$19,"Bajo",IF(B46<=$Q$20,"Regular",IF(B46<=$Q$21,"Alto",0))) -> 0 | D46: =SUM('Inteligencia emocional'!J47:Q47) -> 0 | E46: =IF(D46<=$AC$19,"Bajo",IF(D46<=$AC$20,"Regular",IF(D46<=$AC$21,"Alto",0))) -> 0 | F46: =SUM('Inteligencia emocional'!R47:Y47) -> 0 | G46: =IF(F46<=$AO$19,"Bajo",IF(F46<=$AO$20,"Regular",IF(F46<=$AO$21,"Alto",0))) -> 0 | H46: =SUM(B46:F46) -> 0 | I46: =IF(H46<=$BA$19,"Bajo",IF(H46<=$BA$20,"Regular",IF(H46<=$BA$21,"Alto",0))) -> 0
A47: Docente 44 | B47: =SUM('Inteligencia emocional'!B48:I48) -> 0 | C47: =IF(B47<=$Q$19,"Bajo",IF(B47<=$Q$20,"Regular",IF(B47<=$Q$21,"Alto",0))) -> 0 | D47: =SUM('Inteligencia emocional'!J48:Q48) -> 0 | E47: =IF(D47<=$AC$19,"Bajo",IF(D47<=$AC$20,"Regular",IF(D47<=$AC$21,"Alto",0))) -> 0 | F47: =SUM('Inteligencia emocional'!R48:Y48) -> 0 | G47: =IF(F47<=$AO$19,"Bajo",IF(F47<=$AO$20,"Regular",IF(F47<=$AO$21,"Alto",0))) -> 0 | H47: =SUM(B47:F47) -> 0 | I47: =IF(H47<=$BA$19,"Bajo",IF(H47<=$BA$20,"Regular",IF(H47<=$BA$21,"Alto",0))) -> 0 | M47: =CONCATENATE("en la ",O15," y ",O43," se puede observar que la variable ",L901," en base a su dimensión ",L902," tiene una calificación de ",M904," por el ",ROUND(L904*100,0),"% ","de los resultados, ","los cuales fueron extraídos de las encuestas ejecutadas a los ",N902,", estos resultados son afectados debido a que, ",U1016," ",M1016,",","asi mismo ",U1017," ",M1017,", además ",U1018," ",M1018,", con motivo ",U1019," ",M1019,", de modo que ",U1020," ",M1020,", de nuevo ",U1021," ",M1021,", de modo que ",U1022," ",M1022, ", ","y ",M1023," ",U1023,", ","por todo ello la dimensión ",L902," es ",M904,".") -> 0 | Y47: =CONCATENATE("en la ",AA15," y ",AA43," se puede observar que la variable ",X901," en base a su dimensión ",X902," tiene una calificación de ",Y904," por el ",ROUND(X904*100,0),"% ","de los resultados, ","los cuales fueron extraídos de las encuestas ejecutadas a los ",Z902,", estos resultados son afectados debido a que, ",AG1016," ",Y1016,",","asi mismo ",AG1017," ",Y1017,", por su parte ",AG1018," ",Y1018,", mismo ",AG1019," ",Y1019,", con motivo ",AG1020," ",Y1020,", no obstante ",AG1021," ",Y1021,", incluso ",AG1022," ",Y1022, ", ","y ",Y1023," ",AG1023,", ","por todo ello la dimensión ",X902," es ",Y904,".") -> 0 | AK47: =CONCATENATE("en la ",AM15," y ",AM43," se puede observar que la variable ",AJ901," en base a su dimensión ",AJ902," tiene una calificación de ",AK904," por el ",ROUND(AJ904*100,0),"% ","de los resultados, ","los cuales fueron extraídos de las encuestas ejecutadas a los ",AL902,", estos resultados son afectados debido a que, ",AS1016," ",AK1016,",","asi mismo ",AS1017," ",AK1017,", además ",AS1018," ",AK1018,", también ",AS1019," ",AK1019,", también ",AS1020," ",AK1020,", así ",AS1021," ",AK1021,", de modo que ",AS1022," ",AK1022, ", ","y ",AK1023," ",AS1023,", ","por todo ello la dimensión ",AJ902," es ",AK904,".") -> 0 | AW47: =CONCATENATE("En la ",AY15," y ",AY43," se puede evidenciar que la variable ",AV901," es calificado como ",AW904," por el ",ROUND(AV904*100,0),"% de los resultados, mismos que son originados porque; ",BI1016," ",BI1017," ",BI1018,BI1019,BI1020,BI1021,BI1022,BI1023,BI1024,BI1025,BI1026," se concluye que la variable ",AV901,"tiene un valor de ",AW904,".") -> 0
A48: Docente 45 | B48: =SUM('Inteligencia emocional'!B49:I49) -> 0 | C48: =IF(B48<=$Q$19,"Bajo",IF(B48<=$Q$20,"Regular",IF(B48<=$Q$21,"Alto",0))) -> 0 | D48: =SUM('Inteligencia emocional'!J49:Q49) -> 0 | E48: =IF(D48<=$AC$19,"Bajo",IF(D48<=$AC$20,"Regular",IF(D48<=$AC$21,"Alto",0))) -> 0 | F48: =SUM('Inteligencia emocional'!R49:Y49) -> 0 | G48: =IF(F48<=$AO$19,"Bajo",IF(F48<=$AO$20,"Regular",IF(F48<=$AO$21,"Alto",0))) -> 0 | H48: =SUM(B48:F48) -> 0 | I48: =IF(H48<=$BA$19,"Bajo",IF(H48<=$BA$20,"Regular",IF(H48<=$BA$21,"Alto",0))) -> 0
A49: Docente 46 | B49: =SUM('Inteligencia emocional'!B50:I50) -> 0 | C49: =IF(B49<=$Q$19,"Bajo",IF(B49<=$Q$20,"Regular",IF(B49<=$Q$21,"Alto",0))) -> 0 | D49: =SUM('Inteligencia emocional'!J50:Q50) -> 0 | E49: =IF(D49<=$AC$19,"Bajo",IF(D49<=$AC$20,"Regular",IF(D49<=$AC$21,"Alto",0))) -> 0 | F49: =SUM('Inteligencia emocional'!R50:Y50) -> 0 | G49: =IF(F49<=$AO$19,"Bajo",IF(F49<=$AO$20,"Regular",IF(F49<=$AO$21,"Alto",0))) -> 0 | H49: =SUM(B49:F49) -> 0 | I49: =IF(H49<=$BA$19,"Bajo",IF(H49<=$BA$20,"Regular",IF(H49<=$BA$21,"Alto",0))) -> 0
A50: Docente 47 | B50: =SUM('Inteligencia emocional'!B51:I51) -> 0 | C50: =IF(B50<=$Q$19,"Bajo",IF(B50<=$Q$20,"Regular",IF(B50<=$Q$21,"Alto",0))) -> 0 | D50: =SUM('Inteligencia emocional'!J51:Q51) -> 0 | E50: =IF(D50<=$AC$19,"Bajo",IF(D50<=$AC$20,"Regular",IF(D50<=$AC$21,"Alto",0))) -> 0 | F50: =SUM('Inteligencia emocional'!R51:Y51) -> 0 | G50: =IF(F50<=$AO$19,"Bajo",IF(F50<=$AO$20,"Regular",IF(F50<=$AO$21,"Alto",0))) -> 0 | H50: =SUM(B50:F50) -> 0 | I50: =IF(H50<=$BA$19,"Bajo",IF(H50<=$BA$20,"Regular",IF(H50<=$BA$21,"Alto",0))) -> 0
A51: Docente 48 | B51: =SUM('Inteligencia emocional'!B52:I52) -> 0 | C51: =IF(B51<=$Q$19,"Bajo",IF(B51<=$Q$20,"Regular",IF(B51<=$Q$21,"Alto",0))) -> 0 | D51: =SUM('Inteligencia emocional'!J52:Q52) -> 0 | E51: =IF(D51<=$AC$19,"Bajo",IF(D51<=$AC$20,"Regular",IF(D51<=$AC$21,"Alto",0))) -> 0 | F51: =SUM('Inteligencia emocional'!R52:Y52) -> 0 | G51: =IF(F51<=$AO$19,"Bajo",IF(F51<=$AO$20,"Regular",IF(F51<=$AO$21,"Alto",0))) -> 0 | H51: =SUM(B51:F51) -> 0 | I51: =IF(H51<=$BA$19,"Bajo",IF(H51<=$BA$20,"Regular",IF(H51<=$BA$21,"Alto",0))) -> 0
A52: Docente 49 | B52: =SUM('Inteligencia emocional'!B53:I53) -> 0 | C52: =IF(B52<=$Q$19,"Bajo",IF(B52<=$Q$20,"Regular",IF(B52<=$Q$21,"Alto",0))) -> 0 | D52: =SUM('Inteligencia emocional'!J53:Q53) -> 0 | E52: =IF(D52<=$AC$19,"Bajo",IF(D52<=$AC$20,"Regular",IF(D52<=$AC$21,"Alto",0))) -> 0 | F52: =SUM('Inteligencia emocional'!R53:Y53) -> 0 | G52: =IF(F52<=$AO$19,"Bajo",IF(F52<=$AO$20,"Regular",IF(F52<=$AO$21,"Alto",0))) -> 0 | H52: =SUM(B52:F52) -> 0 | I52: =IF(H52<=$BA$19,"Bajo",IF(H52<=$BA$20,"Regular",IF(H52<=$BA$21,"Alto",0))) -> 0
A53: Docente 50 | B53: =SUM('Inteligencia emocional'!B54:I54) -> 0 | C53: =IF(B53<=$Q$19,"Bajo",IF(B53<=$Q$20,"Regular",IF(B53<=$Q$21,"Alto",0))) -> 0 | D53: =SUM('Inteligencia emocional'!J54:Q54) -> 0 | E53: =IF(D53<=$AC$19,"Bajo",IF(D53<=$AC$20,"Regular",IF(D53<=$AC$21,"Alto",0))) -> 0 | F53: =SUM('Inteligencia emocional'!R54:Y54) -> 0 | G53: =IF(F53<=$AO$19,"Bajo",IF(F53<=$AO$20,"Regular",IF(F53<=$AO$21,"Alto",0))) -> 0 | H53: =SUM(B53:F53) -> 0 | I53: =IF(H53<=$BA$19,"Bajo",IF(H53<=$BA$20,"Regular",IF(H53<=$BA$21,"Alto",0))) -> 0
A54: Docente 51 | B54: =SUM('Inteligencia emocional'!B55:I55) -> 0 | C54: =IF(B54<=$Q$19,"Bajo",IF(B54<=$Q$20,"Regular",IF(B54<=$Q$21,"Alto",0))) -> 0 | D54: =SUM('Inteligencia emocional'!J55:Q55) -> 0 | E54: =IF(D54<=$AC$19,"Bajo",IF(D54<=$AC$20,"Regular",IF(D54<=$AC$21,"Alto",0))) -> 0 | F54: =SUM('Inteligencia emocional'!R55:Y55) -> 0 | G54: =IF(F54<=$AO$19,"Bajo",IF(F54<=$AO$20,"Regular",IF(F54<=$AO$21,"Alto",0))) -> 0 | H54: =SUM(B54:F54) -> 0 | I54: =IF(H54<=$BA$19,"Bajo",IF(H54<=$BA$20,"Regular",IF(H54<=$BA$21,"Alto",0))) -> 0
A55: Docente 52 | B55: =SUM('Inteligencia emocional'!B56:I56) -> 0 | C55: =IF(B55<=$Q$19,"Bajo",IF(B55<=$Q$20,"Regular",IF(B55<=$Q$21,"Alto",0))) -> 0 | D55: =SUM('Inteligencia emocional'!J56:Q56) -> 0 | E55: =IF(D55<=$AC$19,"Bajo",IF(D55<=$AC$20,"Regular",IF(D55<=$AC$21,"Alto",0))) -> 0 | F55: =SUM('Inteligencia emocional'!R56:Y56) -> 0 | G55: =IF(F55<=$AO$19,"Bajo",IF(F55<=$AO$20,"Regular",IF(F55<=$AO$21,"Alto",0))) -> 0 | H55: =SUM(B55:F55) -> 0 | I55: =IF(H55<=$BA$19,"Bajo",IF(H55<=$BA$20,"Regular",IF(H55<=$BA$21,"Alto",0))) -> 0
A56: Docente 53 | B56: =SUM('Inteligencia emocional'!B57:I57) -> 0 | C56: =IF(B56<=$Q$19,"Bajo",IF(B56<=$Q$20,"Regular",IF(B56<=$Q$21,"Alto",0))) -> 0 | D56: =SUM('Inteligencia emocional'!J57:Q57) -> 0 | E56: =IF(D56<=$AC$19,"Bajo",IF(D56<=$AC$20,"Regular",IF(D56<=$AC$21,"Alto",0))) -> 0 | F56: =SUM('Inteligencia emocional'!R57:Y57) -> 0 | G56: =IF(F56<=$AO$19,"Bajo",IF(F56<=$AO$20,"Regular",IF(F56<=$AO$21,"Alto",0))) -> 0 | H56: =SUM(B56:F56) -> 0 | I56: =IF(H56<=$BA$19,"Bajo",IF(H56<=$BA$20,"Regular",IF(H56<=$BA$21,"Alto",0))) -> 0
A57: Docente 54 | B57: =SUM('Inteligencia emocional'!B58:I58) -> 0 | C57: =IF(B57<=$Q$19,"Bajo",IF(B57<=$Q$20,"Regular",IF(B57<=$Q$21,"Alto",0))) -> 0 | D57: =SUM('Inteligencia emocional'!J58:Q58) -> 0 | E57: =IF(D57<=$AC$19,"Bajo",IF(D57<=$AC$20,"Regular",IF(D57<=$AC$21,"Alto",0))) -> 0 | F57: =SUM('Inteligencia emocional'!R58:Y58) -> 0 | G57: =IF(F57<=$AO$19,"Bajo",IF(F57<=$AO$20,"Regular",IF(F57<=$AO$21,"Alto",0))) -> 0 | H57: =SUM(B57:F57) -> 0 | I57: =IF(H57<=$BA$19,"Bajo",IF(H57<=$BA$20,"Regular",IF(H57<=$BA$21,"Alto",0))) -> 0
A58: Docente 55 | B58: =SUM('Inteligencia emocional'!B59:I59) -> 0 | C58: =IF(B58<=$Q$19,"Bajo",IF(B58<=$Q$20,"Regular",IF(B58<=$Q$21,"Alto",0))) -> 0 | D58: =SUM('Inteligencia emocional'!J59:Q59) -> 0 | E58: =IF(D58<=$AC$19,"Bajo",IF(D58<=$AC$20,"Regular",IF(D58<=$AC$21,"Alto",0))) -> 0 | F58: =SUM('Inteligencia emocional'!R59:Y59) -> 0 | G58: =IF(F58<=$AO$19,"Bajo",IF(F58<=$AO$20,"Regular",IF(F58<=$AO$21,"Alto",0))) -> 0 | H58: =SUM(B58:F58) -> 0 | I58: =IF(H58<=$BA$19,"Bajo",IF(H58<=$BA$20,"Regular",IF(H58<=$BA$21,"Alto",0))) -> 0
A59: Docente 56 | B59: =SUM('Inteligencia emocional'!B60:I60) -> 0 | C59: =IF(B59<=$Q$19,"Bajo",IF(B59<=$Q$20,"Regular",IF(B59<=$Q$21,"Alto",0))) -> 0 | D59: =SUM('Inteligencia emocional'!J60:Q60) -> 0 | E59: =IF(D59<=$AC$19,"Bajo",IF(D59<=$AC$20,"Regular",IF(D59<=$AC$21,"Alto",0))) -> 0 | F59: =SUM('Inteligencia emocional'!R60:Y60) -> 0 | G59: =IF(F59<=$AO$19,"Bajo",IF(F59<=$AO$20,"Regular",IF(F59<=$AO$21,"Alto",0))) -> 0 | H59: =SUM(B59:F59) -> 0 | I59: =IF(H59<=$BA$19,"Bajo",IF(H59<=$BA$20,"Regular",IF(H59<=$BA$21,"Alto",0))) -> 0
... A358: Docente 355 | B358: =SUM('Inteligencia emocional'!B359:I359) -> 0 | C358: =IF(B358<=$Q$19,"Bajo",IF(B358<=$Q$20,"Regular",IF(B358<=$Q$21,"Alto",0))) -> 0 | D358: =SUM('Inteligencia emocional'!J359:Q359) -> 0 | E358: =IF(D358<=$AC$19,"Bajo",IF(D358<=$AC$20,"Regular",IF(D358<=$AC$21,"Alto",0))) -> 0 | F358: =SUM('Inteligencia emocional'!R359:Y359) -> 0 | G358: =IF(F358<=$AO$19,"Bajo",IF(F358<=$AO$20,"Regular",IF(F358<=$AO$21,"Alto",0))) -> 0 | H358: =SUM(B358:F358) -> 0 | I358: =IF(H358<=$BA$19,"Bajo",IF(H358<=$BA$20,"Regular",IF(H358<=$BA$21,"Alto",0))) -> 0
K901: Variable | L901: =(N4) -> 0 | N901: Unidades de Medida | W901: Variable | X901: =(Z4) -> 0 | Z901: Unidades de Medida | AI901: Variable | AJ901: =(AL4) -> 0 | AL901: Unidades de Medida | AU901: Variable | AV901: =(AX4) -> 0 | AX901: Unidades de Medida
K902: Dimensión | L902: =(N5) -> 0 | N902: Docentes | W902: Dimensión | X902: =(Z5) -> 0 | Z902: Docentes | AI902: Dimensión | AJ902: =(AL5) -> 0 | AL902: Docentes | AU902: Dimensión | AV902: =(AX5) -> 0 | AX902: Docentes
K904: Valoración de la variable | L904: =MAX(S19:S21) -> 0 | M904: =IF(L2104=S19,O19,IF(L2104=S20,O20,IF(L2104=S21,O21,"algo esta mal"))) -> 0 | W904: Valoración de la variable | X904: =MAX(AE19:AE21) -> 0 | Y904: =IF(X2104=AE19,AA19,IF(X2104=AE20,AA20,IF(X2104=AE21,AA21,"algo esta mal"))) -> 0 | AI904: Valoración de la variable | AJ904: =MAX(AQ19:AQ21) -> 0 | AK904: =IF(AJ2104=AQ19,AM19,IF(AJ2104=AQ20,AM20,IF(AJ2104=AQ21,AM21,"algo esta mal"))) -> 0 | AU904: Valoración de la variable | AV904: =MAX(BC19:BC21) -> 0 | AW904: =IF(AV2104=BC19,AY19,IF(AV2104=BC20,AY20,IF(AV2104=BC21,AY21,"algo esta mal"))) -> 0
M905: Preguntas Originales | N905: Enunciados Para Palafraseo | O905: Nada de acuerdo | P905: Algo de acuerdo | Q905: Bastante de acuerdo | R905: Muy de acuerdo | S905: Totalmente de acuerdo | Y905: Preguntas Originales | Z905: Enunciados Para Palafraseo | AA905: Nada de acuerdo | AB905: Algo de acuerdo | AC905: Bastante de acuerdo | AD905: Muy de acuerdo | AE905: Totalmente de acuerdo | AK905: Preguntas Originales | AL905: Enunciados Para Palafraseo | AM905: Nada de acuerdo | AN905: Algo de acuerdo | AO905: Bastante de acuerdo | AP905: Muy de acuerdo | AQ905: Totalmente de acuerdo
M906: . | N906: . | O906: =('Inteligencia emocional'!B372) -> 0 | P906: =('Inteligencia emocional'!B373) -> 0 | Q906: =('Inteligencia emocional'!B374) -> 0 | R906: =('Inteligencia emocional'!B375) -> 0 | S906: =('Inteligencia emocional'!B376) -> 0 | AA906: =('Inteligencia emocional'!J372) -> 0 | AB906: =('Inteligencia emocional'!J373) -> 0 | AC906: =('Inteligencia emocional'!J374) -> 0 | AD906: =('Inteligencia emocional'!J375) -> 0 | AE906: =('Inteligencia emocional'!J376) -> 0 | AM906: =('Inteligencia emocional'!R372) -> 0 | AN906: =('Inteligencia emocional'!R373) -> 0 | AO906: =('Inteligencia emocional'!R374) -> 0 | AP906: =('Inteligencia emocional'!R375) -> 0 | AQ906: =('Inteligencia emocional'!R376) -> 0
O907: =('Inteligencia emocional'!C372) -> 0 | P907: =('Inteligencia emocional'!C373) -> 0 | Q907: =('Inteligencia emocional'!C374) -> 0 | R907: =('Inteligencia emocional'!C375) -> 0 | S907: =('Inteligencia emocional'!C376) -> 0 | AA907: =('Inteligencia emocional'!K372) -> 0 | AB907: =('Inteligencia emocional'!K373) -> 0 | AC907: =('Inteligencia emocional'!K374) -> 0 | AD907: =('Inteligencia emocional'!K375) -> 0 | AE907: =('Inteligencia emocional'!K376) -> 0 | AM907: =('Inteligencia emocional'!S372) -> 0 | AN907: =('Inteligencia emocional'!S373) -> 0 | AO907: =('Inteligencia emocional'!S374) -> 0 | AP907: =('Inteligencia emocional'!S375) -> 0 | AQ907: =('Inteligencia emocional'!S376) -> 0
O908: =('Inteligencia emocional'!D372) -> 0 | P908: =('Inteligencia emocional'!D373) -> 0 | Q908: =('Inteligencia emocional'!D374) -> 0 | R908: =('Inteligencia emocional'!D375) -> 0 | S908: =('Inteligencia emocional'!D376) -> 0 | AA908: =('Inteligencia emocional'!L372) -> 0 | AB908: =('Inteligencia emocional'!L373) -> 0 | AC908: =('Inteligencia emocional'!L374) -> 0 | AD908: =('Inteligencia emocional'!L375) -> 0 | AE908: =('Inteligencia emocional'!L376) -> 0 | AM908: =('Inteligencia emocional'!T372) -> 0 | AN908: =('Inteligencia emocional'!T373) -> 0 | AO908: =('Inteligencia emocional'!T374) -> 0 | AP908: =('Inteligencia emocional'!T375) -> 0 | AQ908: =('Inteligencia emocional'!T376) -> 0
O909: =('Inteligencia emocional'!E372) -> 0 | P909: =('Inteligencia emocional'!E373) -> 0 | Q909: =('Inteligencia emocional'!E374) -> 0 | R909: =('Inteligencia emocional'!E375) -> 0 | S909: =('Inteligencia emocional'!E376) -> 0 | AA909: =('Inteligencia emocional'!M372) -> 0 | AB909: =('Inteligencia emocional'!M373) -> 0 | AC909: =('Inteligencia emocional'!M374) -> 0 | AD909: =('Inteligencia emocional'!M375) -> 0 | AE909: =('Inteligencia emocional'!M376) -> 0 | AM909: =('Inteligencia emocional'!U372) -> 0 | AN909: =('Inteligencia emocional'!U373) -> 0 | AO909: =('Inteligencia emocional'!U374) -> 0 | AP909: =('Inteligencia emocional'!U375) -> 0 | AQ909: =('Inteligencia emocional'!U376) -> 0
O910: =('Inteligencia emocional'!F372) -> 0 | P910: =('Inteligencia emocional'!F373) -> 0 | Q910: =('Inteligencia emocional'!F374) -> 0 | R910: =('Inteligencia emocional'!F375) -> 0 | S910: =('Inteligencia emocional'!F376) -> 0 | AA910: =('Inteligencia emocional'!N372) -> 0 | AB910: =('Inteligencia emocional'!N373) -> 0 | AC910: =('Inteligencia emocional'!N374) -> 0 | AD910: =('Inteligencia emocional'!N375) -> 0 | AE910: =('Inteligencia emocional'!N376) -> 0 | AM910: =('Inteligencia emocional'!V372) -> 0 | AN910: =('Inteligencia emocional'!V373) -> 0 | AO910: =('Inteligencia emocional'!V374) -> 0 | AP910: =('Inteligencia emocional'!V375) -> 0 | AQ910: =('Inteligencia emocional'!V376) -> 0
O911: =('Inteligencia emocional'!G372) -> 0 | P911: =('Inteligencia emocional'!G373) -> 0 | Q911: =('Inteligencia emocional'!G374) -> 0 | R911: =('Inteligencia emocional'!G375) -> 0 | S911: =('Inteligencia emocional'!G376) -> 0 | AA911: =('Inteligencia emocional'!O372) -> 0 | AB911: =('Inteligencia emocional'!O373) -> 0 | AC911: =('Inteligencia emocional'!O374) -> 0 | AD911: =('Inteligencia emocional'!O375) -> 0 | AE911: =('Inteligencia emocional'!O376) -> 0 | AM911: =('Inteligencia emocional'!W372) -> 0 | AN911: =('Inteligencia emocional'!W373) -> 0 | AO911: =('Inteligencia emocional'!W374) -> 0 | AP911: =('Inteligencia emocional'!W375) -> 0 | AQ911: =('Inteligencia emocional'!W376) -> 0
O912: =('Inteligencia emocional'!H372) -> 0 | P912: =('Inteligencia emocional'!H373) -> 0 | Q912: =('Inteligencia emocional'!H374) -> 0 | R912: =('Inteligencia emocional'!H375) -> 0 | S912: =('Inteligencia emocional'!H376) -> 0 | AA912: =('Inteligencia emocional'!P372) -> 0 | AB912: =('Inteligencia emocional'!P373) -> 0 | AC912: =('Inteligencia emocional'!P374) -> 0 | AD912: =('Inteligencia emocional'!P375) -> 0 | AE912: =('Inteligencia emocional'!P376) -> 0 | AM912: =('Inteligencia emocional'!X372) -> 0 | AN912: =('Inteligencia emocional'!X373) -> 0 | AO912: =('Inteligencia emocional'!X374) -> 0 | AP912: =('Inteligencia emocional'!X375) -> 0 | AQ912: =('Inteligencia emocional'!X376) -> 0
O913: =('Inteligencia emocional'!I372) -> 0 | P913: =('Inteligencia emocional'!I373) -> 0 | Q913: =('Inteligencia emocional'!I374) -> 0 | R913: =('Inteligencia emocional'!I375) -> 0 | S913: =('Inteligencia emocional'!I376) -> 0 | AA913: =('Inteligencia emocional'!Q372) -> 0 | AB913: =('Inteligencia emocional'!Q373) -> 0 | AC913: =('Inteligencia emocional'!Q374) -> 0 | AD913: =('Inteligencia emocional'!Q375) -> 0 | AE913: =('Inteligencia emocional'!Q376) -> 0 | AM913: =('Inteligencia emocional'!Y372) -> 0 | AN913: =('Inteligencia emocional'!Y373) -> 0 | AO913: =('Inteligencia emocional'!Y374) -> 0 | AP913: =('Inteligencia emocional'!Y375) -> 0 | AQ913: =('Inteligencia emocional'!Y376) -> 0
M1015: Enunciados Para Palafraseo | N1015: =CONCATENATE(O905," y ",P905) -> 0 | O1015: =(Q905) -> 0 | P1015: =CONCATENATE(R905," y ",S905) -> 0 | Q1015: MÁXIMO | R1015: Valores | S1015: codificación de verbos aleatorios para concatenar | T1015: verbo | U1015: Concatenación | Y1015: Enunciados Para Palafraseo | Z1015: =CONCATENATE(AA905," y ",AB905) -> 0 | AA1015: =(AC905) -> 0 | AB1015: =CONCATENATE(AD905," y ",AE905) -> 0 | AC1015: MÁXIMO | AD1015: Valores | AE1015: codificación de verbos aleatorios para concatenar | AF1015: verbo | AG1015: Concatenación | AK1015: Enunciados Para Palafraseo | AL1015: =CONCATENATE(AM905," y ",AN905) -> 0 | AM1015: =(AO905) -> 0 | AN1015: =CONCATENATE(AP905," y ",AQ905) -> 0 | AO1015: MÁXIMO | AP1015: Valores | AQ1015: codificación de verbos aleatorios para concatenar | AR1015: verbo | AS1015: Concatenación | AW1015: dimensión | AX1015: Bajo | AY1015: Regular | AZ1015: Alto | BA1015: MÁXIMO | BB1015: Valor | BC1015: codificación de verbos | BD1015: Verbo | BE1015: codificación de conectores | BF1015: Conectores | BG1015: codificación de unidades de medida | BH1015: Unidades de medida | BI1015: Concatenación
M1016: =(N906) -> 0 | N1016: =SUM(O906:P906) -> 0 | O1016: =(Q906) -> 0 | P1016: =SUM(R906:S906) -> 0 | Q1016: =MAX(N1016:P1016) -> 0 | R1016: =IF(Q1016=N1016,$N$1015,IF(Q1016=O1016,$O$1015,IF(Q1016=P1016,$P$1015,"ALGO ESTA MAL"))) -> 0 | S1016: =RANDBETWEEN(1,10) -> 0 | T1016: =IF(S1016=$T$1100,$U$1100,IF(S1016=$T$1101,$U$1101,IF(S1016=$T$1102,$U$1102,IF(S1016=$T$1103,$U$1103,IF(S1016=$T$1104,$U$1104,IF(S1016=$T$1105,$U$1105,IF(S1016=$T$1106,$U$1106,IF(S1016=$T$1107,$U$1107,IF(S1016=$T$1108,$U$1108,IF(S1016=$T$1109,$U$1109,"algo esta mal")))))))))) -> 0 | U1016: =CONCATENATE("el ",ROUND(Q1016*100,0),"% ",T1016," como ",R1016 ) -> 0 | Y1016: =(Z906) -> 0 | Z1016: =SUM(AA906:AB906) -> 0 | AA1016: =(AC906) -> 0 | AB1016: =SUM(AD906:AE906) -> 0 | AC1016: =MAX(Z1016:AB1016) -> 0 | AD1016: =IF(AC1016=Z1016,$Z$1015,IF(AC1016=AA1016,$AA$1015,IF(AC1016=AB1016,$AB$1015,"ALGO ESTA MAL"))) -> 0 | AE1016: =RANDBETWEEN(1,10) -> 0 | AF1016: =IF(AE1016=$AF$1100,$AG$1100,IF(AE1016=$AF$1101,$AG$1101,IF(AE1016=$AF$1102,$AG$1102,IF(AE1016=$AF$1103,$AG$1103,IF(AE1016=$AF$1104,$AG$1104,IF(AE1016=$AF$1105,$AG$1105,IF(AE1016=$AF$1106,$AG$1106,IF(AE1016=$AF$1107,$AG$1107,IF(AE1016=$AF$1108,$AG$1108,IF(AE1016=$AF$1109,$AG$1109,"algo esta mal")))))))))) -> 0 | AG1016: =CONCATENATE("el ",ROUND(AC1016*100,0),"% ",AF1016," como ",AD1016 ) -> 0 | AK1016: =(AL906) -> 0 | AL1016: =SUM(AM906:AN906) -> 0 | AM1016: =(AO906) -> 0 | AN1016: =SUM(AP906:AQ906) -> 0 | AO1016: =MAX(AL1016:AN1016) -> 0 | AP1016: =IF(AO1016=AL1016,$AL$1015,IF(AO1016=AM1016,$AM$1015,IF(AO1016=AN1016,$AN$1015,"ALGO ESTA MAL"))) -> 0 | AQ1016: =RANDBETWEEN(1,10) -> 0 | AR1016: =IF(AQ1016=$AR$1100,$AS$1100,IF(AQ1016=$AR$1101,$AS$1101,IF(AQ1016=$AR$1102,$AS$1102,IF(AQ1016=$AR$1103,$AS$1103,IF(AQ1016=$AR$1104,$AS$1104,IF(AQ1016=$AR$1105,$AS$1105,IF(AQ1016=$AR$1106,$AS$1106,IF(AQ1016=$AR$1107,$AS$1107,IF(AQ1016=$AR$1108,$AS$1108,IF(AQ1016=$AR$1109,$AS$1109,"algo esta mal")))))))))) -> 0 | AS1016: =CONCATENATE("el ",ROUND(AO1016*100,0),"% ",AR1016," como ",AP1016 ) -> 0 | AW1016: =(O16) -> 0 | AX1016: =(S19) -> 0 | AY1016: =(S20) -> 0 | AZ1016: =(S21) -> 0 | BA1016: =MAX(AX1016:AZ1016) -> 0 | BB1016: =IF(BA1016=AX1016,$AX$1015,IF(BA1016=AY1016,$AY$1015,IF(BA1016=AZ1016,$AZ$1015,"algo esta mal"))) -> 0 | BC1016: =RANDBETWEEN(1,10) -> 0 | BD1016: =IF(BC1016=$BD$1100,$BE$1100,IF(BC1016=$BD$1101,$BE$1101,IF(BC1016=$BD$1102,$BE$1102,IF(BC1016=$BD$1103,$BE$1103,IF(BC1016=$BD$1104,$BE$1104,IF(BC1016=$BD$1105,$BE$1105,IF(BC1016=$BD$1106,$BE$1106,IF(BC1016=$BD$1107,$BE$1107,IF(BC1016=$BD$1108,$BE$1108,IF(BC1016=$BD$1109,$BE$1109,"algo esta mal")))))))))) -> 0 | BE1016: =RANDBETWEEN(1,7) -> 0 | BF1016: =IF(BE1016=$BD$1110,$BE$1110,IF(BE1016=$BD$1111,$BE$1111,IF(BE1016=$BD$1112,$BE$1112,IF(BE1016=$BD$1113,$BE$1113,IF(BE1016=$BD$1114,$BE$1114,IF(BE1016=$BD$1115,$BE$1115,IF(BE1016=$BD$1116,$BE$1116,IF(BE1016=$BD$1047,$BE$1047,IF(BE1016=$BD$1048,$BE$1048,IF(BE1016=$BD$1049,$BE$1049,"algo esta mal")))))))))) -> 0 | BG1016: =RANDBETWEEN(1,2) -> 0 | BH1016: =IF(BG1016=$BD$1120,$BE$1120,IF(BG1016=$BD$1121,$BE$1121,"algo esta mal")) -> 0 | BI1016: =CONCATENATE("el ",ROUND(BA1016*100,0),"% de los ",BH1016," ",BD1016," a la dimensión ",AW1016," como ",BB1016,", ",BF1016) -> 0
M1017: =(N907) -> 0 | N1017: =SUM(O907:P907) -> 0 | O1017: =(Q907) -> 0 | P1017: =SUM(R907:S907) -> 0 | Q1017: =MAX(N1017:P1017) -> 0 | R1017: =IF(Q1017=N1017,$N$1015,IF(Q1017=O1017,$O$1015,IF(Q1017=P1017,$P$1015,"ALGO ESTA MAL"))) -> 0 | S1017: =RANDBETWEEN(1,10) -> 0 | T1017: =IF(S1017=$T$1100,$U$1100,IF(S1017=$T$1101,$U$1101,IF(S1017=$T$1102,$U$1102,IF(S1017=$T$1103,$U$1103,IF(S1017=$T$1104,$U$1104,IF(S1017=$T$1105,$U$1105,IF(S1017=$T$1106,$U$1106,IF(S1017=$T$1107,$U$1107,IF(S1017=$T$1108,$U$1108,IF(S1017=$T$1109,$U$1109,"algo esta mal")))))))))) -> 0 | U1017: =CONCATENATE("el ",ROUND(Q1017*100,0),"% de los ",T1017," como ",R1017) -> 0 | Y1017: =(Z907) -> 0 | Z1017: =SUM(AA907:AB907) -> 0 | AA1017: =(AC907) -> 0 | AB1017: =SUM(AD907:AE907) -> 0 | AC1017: =MAX(Z1017:AB1017) -> 0 | AD1017: =IF(AC1017=Z1017,$Z$1015,IF(AC1017=AA1017,$AA$1015,IF(AC1017=AB1017,$AB$1015,"ALGO ESTA MAL"))) -> 0 | AE1017: =RANDBETWEEN(1,10) -> 0 | AF1017: =IF(AE1017=$AF$1100,$AG$1100,IF(AE1017=$AF$1101,$AG$1101,IF(AE1017=$AF$1102,$AG$1102,IF(AE1017=$AF$1103,$AG$1103,IF(AE1017=$AF$1104,$AG$1104,IF(AE1017=$AF$1105,$AG$1105,IF(AE1017=$AF$1106,$AG$1106,IF(AE1017=$AF$1107,$AG$1107,IF(AE1017=$AF$1108,$AG$1108,IF(AE1017=$AF$1109,$AG$1109,"algo esta mal")))))))))) -> 0 | AG1017: =CONCATENATE("el ",ROUND(AC1017*100,0),"% de los ",AF1017," como ",AD1017) -> 0 | AK1017: =(AL907) -> 0 | AL1017: =SUM(AM907:AN907) -> 0 | AM1017: =(AO907) -> 0 | AN1017: =SUM(AP907:AQ907) -> 0 | AO1017: =MAX(AL1017:AN1017) -> 0 | AP1017: =IF(AO1017=AL1017,$AL$1015,IF(AO1017=AM1017,$AM$1015,IF(AO1017=AN1017,$AN$1015,"ALGO ESTA MAL"))) -> 0 | AQ1017: =RANDBETWEEN(1,10) -> 0 | AR1017: =IF(AQ1017=$AR$1100,$AS$1100,IF(AQ1017=$AR$1101,$AS$1101,IF(AQ1017=$AR$1102,$AS$1102,IF(AQ1017=$AR$1103,$AS$1103,IF(AQ1017=$AR$1104,$AS$1104,IF(AQ1017=$AR$1105,$AS$1105,IF(AQ1017=$AR$1106,$AS$1106,IF(AQ1017=$AR$1107,$AS$1107,IF(AQ1017=$AR$1108,$AS$1108,IF(AQ1017=$AR$1109,$AS$1109,"algo esta mal")))))))))) -> 0 | AS1017: =CONCATENATE("el ",ROUND(AO1017*100,0),"% de los ",AR1017," como ",AP1017) -> 0 | AW1017: =(AA16) -> 0 | AX1017: =(AE19) -> 0 | AY1017: =(AE20) -> 0 | AZ1017: =(AE21) -> 0 | BA1017: =MAX(AX1017:AZ1017) -> 0 | BB1017: =IF(BA1017=AX1017,$AX$1015,IF(BA1017=AY1017,$AY$1015,IF(BA1017=AZ1017,$AZ$1015,"algo esta mal"))) -> 0 | BC1017: =RANDBETWEEN(1,10) -> 0 | BD1017: =IF(BC1017=$BD$1100,$BE$1100,IF(BC1017=$BD$1101,$BE$1101,IF(BC1017=$BD$1102,$BE$1102,IF(BC1017=$BD$1103,$BE$1103,IF(BC1017=$BD$1104,$BE$1104,IF(BC1017=$BD$1105,$BE$1105,IF(BC1017=$BD$1106,$BE$1106,IF(BC1017=$BD$1107,$BE$1107,IF(BC1017=$BD$1108,$BE$1108,IF(BC1017=$BD$1109,$BE$1109,"algo esta mal")))))))))) -> 0 | BE1017: =RANDBETWEEN(1,7) -> 0 | BF1017: =IF(BE1017=$BD$1110,$BE$1110,IF(BE1017=$BD$1111,$BE$1111,IF(BE1017=$BD$1112,$BE$1112,IF(BE1017=$BD$1113,$BE$1113,IF(BE1017=$BD$1114,$BE$1114,IF(BE1017=$BD$1115,$BE$1115,IF(BE1017=$BD$1116,$BE$1116,IF(BE1017=$BD$1047,$BE$1047,IF(BE1017=$BD$1048,$BE$1048,IF(BE1017=$BD$1049,$BE$1049,"algo esta mal")))))))))) -> 0 | BG1017: =RANDBETWEEN(1,2) -> 0 | BH1017: =IF(BG1017=$BD$1120,$BE$1120,IF(BG1017=$BD$1121,$BE$1121,"algo esta mal")) -> 0 | BI1017: =CONCATENATE("el ",ROUND(BA1017*100,0),"% de los ",BH1017," ",BD1017," a la dimensión ",AW1017," como ",BB1017,", ",BF1017) -> 0
M1018: =(N908) -> 0 | N1018: =SUM(O908:P908) -> 0 | O1018: =(Q908) -> 0 | P1018: =SUM(R908:S908) -> 0 | Q1018: =MAX(N1018:P1018) -> 0 | R1018: =IF(Q1018=N1018,$N$1015,IF(Q1018=O1018,$O$1015,IF(Q1018=P1018,$P$1015,"ALGO ESTA MAL"))) -> 0 | S1018: =RANDBETWEEN(1,10) -> 0 | T1018: =IF(S1018=$T$1100,$U$1100,IF(S1018=$T$1101,$U$1101,IF(S1018=$T$1102,$U$1102,IF(S1018=$T$1103,$U$1103,IF(S1018=$T$1104,$U$1104,IF(S1018=$T$1105,$U$1105,IF(S1018=$T$1106,$U$1106,IF(S1018=$T$1107,$U$1107,IF(S1018=$T$1108,$U$1108,IF(S1018=$T$1109,$U$1109,"algo esta mal")))))))))) -> 0 | U1018: =CONCATENATE("el ",ROUND(Q1018*100,0),"% ",T1018," como ",R1018 ) -> 0 | Y1018: =(Z908) -> 0 | Z1018: =SUM(AA908:AB908) -> 0 | AA1018: =(AC908) -> 0 | AB1018: =SUM(AD908:AE908) -> 0 | AC1018: =MAX(Z1018:AB1018) -> 0 | AD1018: =IF(AC1018=Z1018,$Z$1015,IF(AC1018=AA1018,$AA$1015,IF(AC1018=AB1018,$AB$1015,"ALGO ESTA MAL"))) -> 0 | AE1018: =RANDBETWEEN(1,10) -> 0 | AF1018: =IF(AE1018=$AF$1100,$AG$1100,IF(AE1018=$AF$1101,$AG$1101,IF(AE1018=$AF$1102,$AG$1102,IF(AE1018=$AF$1103,$AG$1103,IF(AE1018=$AF$1104,$AG$1104,IF(AE1018=$AF$1105,$AG$1105,IF(AE1018=$AF$1106,$AG$1106,IF(AE1018=$AF$1107,$AG$1107,IF(AE1018=$AF$1108,$AG$1108,IF(AE1018=$AF$1109,$AG$1109,"algo esta mal")))))))))) -> 0 | AG1018: =CONCATENATE("el ",ROUND(AC1018*100,0),"% ",AF1018," como ",AD1018 ) -> 0 | AK1018: =(AL908) -> 0 | AL1018: =SUM(AM908:AN908) -> 0 | AM1018: =(AO908) -> 0 | AN1018: =SUM(AP908:AQ908) -> 0 | AO1018: =MAX(AL1018:AN1018) -> 0 | AP1018: =IF(AO1018=AL1018,$AL$1015,IF(AO1018=AM1018,$AM$1015,IF(AO1018=AN1018,$AN$1015,"ALGO ESTA MAL"))) -> 0 | AQ1018: =RANDBETWEEN(1,10) -> 0 | AR1018: =IF(AQ1018=$AR$1100,$AS$1100,IF(AQ1018=$AR$1101,$AS$1101,IF(AQ1018=$AR$1102,$AS$1102,IF(AQ1018=$AR$1103,$AS$1103,IF(AQ1018=$AR$1104,$AS$1104,IF(AQ1018=$AR$1105,$AS$1105,IF(AQ1018=$AR$1106,$AS$1106,IF(AQ1018=$AR$1107,$AS$1107,IF(AQ1018=$AR$1108,$AS$1108,IF(AQ1018=$AR$1109,$AS$1109,"algo esta mal")))))))))) -> 0 | AS1018: =CONCATENATE("el ",ROUND(AO1018*100,0),"% ",AR1018," como ",AP1018 ) -> 0 | AW1018: =(AM16) -> 0 | AX1018: =(AQ19) -> 0 | AY1018: =(AQ20) -> 0 | AZ1018: =(AQ21) -> 0 | BA1018: =MAX(AX1018:AZ1018) -> 0 | BB1018: =IF(BA1018=AX1018,$AX$1015,IF(BA1018=AY1018,$AY$1015,IF(BA1018=AZ1018,$AZ$1015,"algo esta mal"))) -> 0 | BC1018: =RANDBETWEEN(1,10) -> 0 | BD1018: =IF(BC1018=$BD$1100,$BE$1100,IF(BC1018=$BD$1101,$BE$1101,IF(BC1018=$BD$1102,$BE$1102,IF(BC1018=$BD$1103,$BE$1103,IF(BC1018=$BD$1104,$BE$1104,IF(BC1018=$BD$1105,$BE$1105,IF(BC1018=$BD$1106,$BE$1106,IF(BC1018=$BD$1107,$BE$1107,IF(BC1018=$BD$1108,$BE$1108,IF(BC1018=$BD$1109,$BE$1109,"algo esta mal")))))))))) -> 0 | BE1018: =RANDBETWEEN(1,7) -> 0 | BF1018: =IF(BE1018=$BD$1110,$BE$1110,IF(BE1018=$BD$1111,$BE$1111,IF(BE1018=$BD$1112,$BE$1112,IF(BE1018=$BD$1113,$BE$1113,IF(BE1018=$BD$1114,$BE$1114,IF(BE1018=$BD$1115,$BE$1115,IF(BE1018=$BD$1116,$BE$1116,IF(BE1018=$BD$1047,$BE$1047,IF(BE1018=$BD$1048,$BE$1048,IF(BE1018=$BD$1049,$BE$1049,"algo esta mal")))))))))) -> 0 | BG1018: =RANDBETWEEN(1,2) -> 0 | BH1018: =IF(BG1018=$BD$1120,$BE$1120,IF(BG1018=$BD$1121,$BE$1121,"algo esta mal")) -> 0 | BI1018: =CONCATENATE("el ",ROUND(BA1018*100,0),"% de los ",BH1018," ",BD1018," a la dimensión ",AW1018," como ",BB1018,", ",BF1018) -> 0
M1019: =(N909) -> 0 | N1019: =SUM(O909:P909) -> 0 | O1019: =(Q909) -> 0 | P1019: =SUM(R909:S909) -> 0 | Q1019: =MAX(N1019:P1019) -> 0 | R1019: =IF(Q1019=N1019,$N$1015,IF(Q1019=O1019,$O$1015,IF(Q1019=P1019,$P$1015,"ALGO ESTA MAL"))) -> 0 | S1019: =RANDBETWEEN(1,10) -> 0 | T1019: =IF(S1019=$T$1100,$U$1100,IF(S1019=$T$1101,$U$1101,IF(S1019=$T$1102,$U$1102,IF(S1019=$T$1103,$U$1103,IF(S1019=$T$1104,$U$1104,IF(S1019=$T$1105,$U$1105,IF(S1019=$T$1106,$U$1106,IF(S1019=$T$1107,$U$1107,IF(S1019=$T$1108,$U$1108,IF(S1019=$T$1109,$U$1109,"algo esta mal")))))))))) -> 0 | U1019: =CONCATENATE("el ",ROUND(Q1019*100,0),"% de los ",T1019," como ",R1019) -> 0 | Y1019: =(Z909) -> 0 | Z1019: =SUM(AA909:AB909) -> 0 | AA1019: =(AC909) -> 0 | AB1019: =SUM(AD909:AE909) -> 0 | AC1019: =MAX(Z1019:AB1019) -> 0 | AD1019: =IF(AC1019=Z1019,$Z$1015,IF(AC1019=AA1019,$AA$1015,IF(AC1019=AB1019,$AB$1015,"ALGO ESTA MAL"))) -> 0 | AE1019: =RANDBETWEEN(1,10) -> 0 | AF1019: =IF(AE1019=$AF$1100,$AG$1100,IF(AE1019=$AF$1101,$AG$1101,IF(AE1019=$AF$1102,$AG$1102,IF(AE1019=$AF$1103,$AG$1103,IF(AE1019=$AF$1104,$AG$1104,IF(AE1019=$AF$1105,$AG$1105,IF(AE1019=$AF$1106,$AG$1106,IF(AE1019=$AF$1107,$AG$1107,IF(AE1019=$AF$1108,$AG$1108,IF(AE1019=$AF$1109,$AG$1109,"algo esta mal")))))))))) -> 0 | AG1019: =CONCATENATE("el ",ROUND(AC1019*100,0),"% de los ",AF1019," como ",AD1019) -> 0 | AK1019: =(AL909) -> 0 | AL1019: =SUM(AM909:AN909) -> 0 | AM1019: =(AO909) -> 0 | AN1019: =SUM(AP909:AQ909) -> 0 | AO1019: =MAX(AL1019:AN1019) -> 0 | AP1019: =IF(AO1019=AL1019,$AL$1015,IF(AO1019=AM1019,$AM$1015,IF(AO1019=AN1019,$AN$1015,"ALGO ESTA MAL"))) -> 0 | AQ1019: =RANDBETWEEN(1,10) -> 0 | AR1019: =IF(AQ1019=$AR$1100,$AS$1100,IF(AQ1019=$AR$1101,$AS$1101,IF(AQ1019=$AR$1102,$AS$1102,IF(AQ1019=$AR$1103,$AS$1103,IF(AQ1019=$AR$1104,$AS$1104,IF(AQ1019=$AR$1105,$AS$1105,IF(AQ1019=$AR$1106,$AS$1106,IF(AQ1019=$AR$1107,$AS$1107,IF(AQ1019=$AR$1108,$AS$1108,IF(AQ1019=$AR$1109,$AS$1109,"algo esta mal")))))))))) -> 0 | AS1019: =CONCATENATE("el ",ROUND(AO1019*100,0),"% de los ",AR1019," como ",AP1019) -> 0
M1020: =(N910) -> 0 | N1020: =SUM(O910:P910) -> 0 | O1020: =(Q910) -> 0 | P1020: =SUM(R910:S910) -> 0 | Q1020: =MAX(N1020:P1020) -> 0 | R1020: =IF(Q1020=N1020,$N$1015,IF(Q1020=O1020,$O$1015,IF(Q1020=P1020,$P$1015,"ALGO ESTA MAL"))) -> 0 | S1020: =RANDBETWEEN(1,10) -> 0 | T1020: =IF(S1020=$T$1100,$U$1100,IF(S1020=$T$1101,$U$1101,IF(S1020=$T$1102,$U$1102,IF(S1020=$T$1103,$U$1103,IF(S1020=$T$1104,$U$1104,IF(S1020=$T$1105,$U$1105,IF(S1020=$T$1106,$U$1106,IF(S1020=$T$1107,$U$1107,IF(S1020=$T$1108,$U$1108,IF(S1020=$T$1109,$U$1109,"algo esta mal")))))))))) -> 0 | U1020: =CONCATENATE("el ",ROUND(Q1020*100,0),"% ",T1020," como ",R1020) -> 0 | Y1020: =(Z910) -> 0 | Z1020: =SUM(AA910:AB910) -> 0 | AA1020: =(AC910) -> 0 | AB1020: =SUM(AD910:AE910) -> 0 | AC1020: =MAX(Z1020:AB1020) -> 0 | AD1020: =IF(AC1020=Z1020,$Z$1015,IF(AC1020=AA1020,$AA$1015,IF(AC1020=AB1020,$AB$1015,"ALGO ESTA MAL"))) -> 0 | AE1020: =RANDBETWEEN(1,10) -> 0 | AF1020: =IF(AE1020=$AF$1100,$AG$1100,IF(AE1020=$AF$1101,$AG$1101,IF(AE1020=$AF$1102,$AG$1102,IF(AE1020=$AF$1103,$AG$1103,IF(AE1020=$AF$1104,$AG$1104,IF(AE1020=$AF$1105,$AG$1105,IF(AE1020=$AF$1106,$AG$1106,IF(AE1020=$AF$1107,$AG$1107,IF(AE1020=$AF$1108,$AG$1108,IF(AE1020=$AF$1109,$AG$1109,"algo esta mal")))))))))) -> 0 | AG1020: =CONCATENATE("el ",ROUND(AC1020*100,0),"% ",AF1020," como ",AD1020) -> 0 | AK1020: =(AL910) -> 0 | AL1020: =SUM(AM910:AN910) -> 0 | AM1020: =(AO910) -> 0 | AN1020: =SUM(AP910:AQ910) -> 0 | AO1020: =MAX(AL1020:AN1020) -> 0 | AP1020: =IF(AO1020=AL1020,$AL$1015,IF(AO1020=AM1020,$AM$1015,IF(AO1020=AN1020,$AN$1015,"ALGO ESTA MAL"))) -> 0 | AQ1020: =RANDBETWEEN(1,10) -> 0 | AR1020: =IF(AQ1020=$AR$1100,$AS$1100,IF(AQ1020=$AR$1101,$AS$1101,IF(AQ1020=$AR$1102,$AS$1102,IF(AQ1020=$AR$1103,$AS$1103,IF(AQ1020=$AR$1104,$AS$1104,IF(AQ1020=$AR$1105,$AS$1105,IF(AQ1020=$AR$1106,$AS$1106,IF(AQ1020=$AR$1107,$AS$1107,IF(AQ1020=$AR$1108,$AS$1108,IF(AQ1020=$AR$1109,$AS$1109,"algo esta mal")))))))))) -> 0 | AS1020: =CONCATENATE("el ",ROUND(AO1020*100,0),"% ",AR1020," como ",AP1020) -> 0
M1021: =(N911) -> 0 | N1021: =SUM(O911:P911) -> 0 | O1021: =(Q911) -> 0 | P1021: =SUM(R911:S911) -> 0 | Q1021: =MAX(N1021:P1021) -> 0 | R1021: =IF(Q1021=N1021,$N$1015,IF(Q1021=O1021,$O$1015,IF(Q1021=P1021,$P$1015,"ALGO ESTA MAL"))) -> 0 | S1021: =RANDBETWEEN(1,10) -> 0 | T1021: =IF(S1021=$T$1100,$U$1100,IF(S1021=$T$1101,$U$1101,IF(S1021=$T$1102,$U$1102,IF(S1021=$T$1103,$U$1103,IF(S1021=$T$1104,$U$1104,IF(S1021=$T$1105,$U$1105,IF(S1021=$T$1106,$U$1106,IF(S1021=$T$1107,$U$1107,IF(S1021=$T$1108,$U$1108,IF(S1021=$T$1109,$U$1109,"algo esta mal")))))))))) -> 0 | U1021: =CONCATENATE("el ",ROUND(Q1021*100,0),"% ",T1021," como ",R1021) -> 0 | Y1021: =(Z911) -> 0 | Z1021: =SUM(AA911:AB911) -> 0 | AA1021: =(AC911) -> 0 | AB1021: =SUM(AD911:AE911) -> 0 | AC1021: =MAX(Z1021:AB1021) -> 0 | AD1021: =IF(AC1021=Z1021,$Z$1015,IF(AC1021=AA1021,$AA$1015,IF(AC1021=AB1021,$AB$1015,"ALGO ESTA MAL"))) -> 0 | AE1021: =RANDBETWEEN(1,10) -> 0 | AF1021: =IF(AE1021=$AF$1100,$AG$1100,IF(AE1021=$AF$1101,$AG$1101,IF(AE1021=$AF$1102,$AG$1102,IF(AE1021=$AF$1103,$AG$1103,IF(AE1021=$AF$1104,$AG$1104,IF(AE1021=$AF$1105,$AG$1105,IF(AE1021=$AF$1106,$AG$1106,IF(AE1021=$AF$1107,$AG$1107,IF(AE1021=$AF$1108,$AG$1108,IF(AE1021=$AF$1109,$AG$1109,"algo esta mal")))))))))) -> 0 | AG1021: =CONCATENATE("el ",ROUND(AC1021*100,0),"% ",AF1021," como ",AD1021) -> 0 | AK1021: =(AL911) -> 0 | AL1021: =SUM(AM911:AN911) -> 0 | AM1021: =(AO911) -> 0 | AN1021: =SUM(AP911:AQ911) -> 0 | AO1021: =MAX(AL1021:AN1021) -> 0 | AP1021: =IF(AO1021=AL1021,$AL$1015,IF(AO1021=AM1021,$AM$1015,IF(AO1021=AN1021,$AN$1015,"ALGO ESTA MAL"))) -> 0 | AQ1021: =RANDBETWEEN(1,10) -> 0 | AR1021: =IF(AQ1021=$AR$1100,$AS$1100,IF(AQ1021=$AR$1101,$AS$1101,IF(AQ1021=$AR$1102,$AS$1102,IF(AQ1021=$AR$1103,$AS$1103,IF(AQ1021=$AR$1104,$AS$1104,IF(AQ1021=$AR$1105,$AS$1105,IF(AQ1021=$AR$1106,$AS$1106,IF(AQ1021=$AR$1107,$AS$1107,IF(AQ1021=$AR$1108,$AS$1108,IF(AQ1021=$AR$1109,$AS$1109,"algo esta mal")))))))))) -> 0 | AS1021: =CONCATENATE("el ",ROUND(AO1021*100,0),"% ",AR1021," como ",AP1021) -> 0
M1022: =(N912) -> 0 | N1022: =SUM(O912:P912) -> 0 | O1022: =(Q912) -> 0 | P1022: =SUM(R912:S912) -> 0 | Q1022: =MAX(N1022:P1022) -> 0 | R1022: =IF(Q1022=N1022,$N$1015,IF(Q1022=O1022,$O$1015,IF(Q1022=P1022,$P$1015,"ALGO ESTA MAL"))) -> 0 | S1022: =RANDBETWEEN(1,10) -> 0 | T1022: =IF(S1022=$T$1100,$U$1100,IF(S1022=$T$1101,$U$1101,IF(S1022=$T$1102,$U$1102,IF(S1022=$T$1103,$U$1103,IF(S1022=$T$1104,$U$1104,IF(S1022=$T$1105,$U$1105,IF(S1022=$T$1106,$U$1106,IF(S1022=$T$1107,$U$1107,IF(S1022=$T$1108,$U$1108,IF(S1022=$T$1109,$U$1109,"algo esta mal")))))))))) -> 0 | U1022: =CONCATENATE("el ",ROUND(Q1022*100,0),"% de los ",T1022," como ",R1022) -> 0 | Y1022: =(Z912) -> 0 | Z1022: =SUM(AA912:AB912) -> 0 | AA1022: =(AC912) -> 0 | AB1022: =SUM(AD912:AE912) -> 0 | AC1022: =MAX(Z1022:AB1022) -> 0 | AD1022: =IF(AC1022=Z1022,$Z$1015,IF(AC1022=AA1022,$AA$1015,IF(AC1022=AB1022,$AB$1015,"ALGO ESTA MAL"))) -> 0 | AE1022: =RANDBETWEEN(1,10) -> 0 | AF1022: =IF(AE1022=$AF$1100,$AG$1100,IF(AE1022=$AF$1101,$AG$1101,IF(AE1022=$AF$1102,$AG$1102,IF(AE1022=$AF$1103,$AG$1103,IF(AE1022=$AF$1104,$AG$1104,IF(AE1022=$AF$1105,$AG$1105,IF(AE1022=$AF$1106,$AG$1106,IF(AE1022=$AF$1107,$AG$1107,IF(AE1022=$AF$1108,$AG$1108,IF(AE1022=$AF$1109,$AG$1109,"algo esta mal")))))))))) -> 0 | AG1022: =CONCATENATE("el ",ROUND(AC1022*100,0),"% de los ",AF1022," como ",AD1022) -> 0 | AK1022: =(AL912) -> 0 | AL1022: =SUM(AM912:AN912) -> 0 | AM1022: =(AO912) -> 0 | AN1022: =SUM(AP912:AQ912) -> 0 | AO1022: =MAX(AL1022:AN1022) -> 0 | AP1022: =IF(AO1022=AL1022,$AL$1015,IF(AO1022=AM1022,$AM$1015,IF(AO1022=AN1022,$AN$1015,"ALGO ESTA MAL"))) -> 0 | AQ1022: =RANDBETWEEN(1,10) -> 0 | AR1022: =IF(AQ1022=$AR$1100,$AS$1100,IF(AQ1022=$AR$1101,$AS$1101,IF(AQ1022=$AR$1102,$AS$1102,IF(AQ1022=$AR$1103,$AS$1103,IF(AQ1022=$AR$1104,$AS$1104,IF(AQ1022=$AR$1105,$AS$1105,IF(AQ1022=$AR$1106,$AS$1106,IF(AQ1022=$AR$1107,$AS$1107,IF(AQ1022=$AR$1108,$AS$1108,IF(AQ1022=$AR$1109,$AS$1109,"algo esta mal")))))))))) -> 0 | AS1022: =CONCATENATE("el ",ROUND(AO1022*100,0),"% de los ",AR1022," como ",AP1022) -> 0
M1023: =(N913) -> 0 | N1023: =SUM(O913:P913) -> 0 | O1023: =(Q913) -> 0 | P1023: =SUM(R913:S913) -> 0 | Q1023: =MAX(N1023:P1023) -> 0 | R1023: =IF(Q1023=N1023,$N$1015,IF(Q1023=O1023,$O$1015,IF(Q1023=P1023,$P$1015,"ALGO ESTA MAL"))) -> 0 | S1023: =RANDBETWEEN(1,10) -> 0 | T1023: =IF(S1023=$T$1100,$U$1100,IF(S1023=$T$1101,$U$1101,IF(S1023=$T$1102,$U$1102,IF(S1023=$T$1103,$U$1103,IF(S1023=$T$1104,$U$1104,IF(S1023=$T$1105,$U$1105,IF(S1023=$T$1106,$U$1106,IF(S1023=$T$1107,$U$1107,IF(S1023=$T$1108,$U$1108,IF(S1023=$T$1109,$U$1109,"algo esta mal")))))))))) -> 0 | U1023: =CONCATENATE("el ",ROUND(Q1023*100,0),"% ",T1023," como ",R1023) -> 0 | Y1023: =(Z913) -> 0 | Z1023: =SUM(AA913:AB913) -> 0 | AA1023: =(AC913) -> 0 | AB1023: =SUM(AD913:AE913) -> 0 | AC1023: =MAX(Z1023:AB1023) -> 0 | AD1023: =IF(AC1023=Z1023,$Z$1015,IF(AC1023=AA1023,$AA$1015,IF(AC1023=AB1023,$AB$1015,"ALGO ESTA MAL"))) -> 0 | AE1023: =RANDBETWEEN(1,10) -> 0 | AF1023: =IF(AE1023=$AF$1100,$AG$1100,IF(AE1023=$AF$1101,$AG$1101,IF(AE1023=$AF$1102,$AG$1102,IF(AE1023=$AF$1103,$AG$1103,IF(AE1023=$AF$1104,$AG$1104,IF(AE1023=$AF$1105,$AG$1105,IF(AE1023=$AF$1106,$AG$1106,IF(AE1023=$AF$1107,$AG$1107,IF(AE1023=$AF$1108,$AG$1108,IF(AE1023=$AF$1109,$AG$1109,"algo esta mal")))))))))) -> 0 | AG1023: =CONCATENATE("el ",ROUND(AC1023*100,0),"% ",AF1023," como ",AD1023) -> 0 | AK1023: =(AL913) -> 0 | AL1023: =SUM(AM913:AN913) -> 0 | AM1023: =(AO913) -> 0 | AN1023: =SUM(AP913:AQ913) -> 0 | AO1023: =MAX(AL1023:AN1023) -> 0 | AP1023: =IF(AO1023=AL1023,$AL$1015,IF(AO1023=AM1023,$AM$1015,IF(AO1023=AN1023,$AN$1015,"ALGO ESTA MAL"))) -> 0 | AQ1023: =RANDBETWEEN(1,10) -> 0 | AR1023: =IF(AQ1023=$AR$1100,$AS$1100,IF(AQ1023=$AR$1101,$AS$1101,IF(AQ1023=$AR$1102,$AS$1102,IF(AQ1023=$AR$1103,$AS$1103,IF(AQ1023=$AR$1104,$AS$1104,IF(AQ1023=$AR$1105,$AS$1105,IF(AQ1023=$AR$1106,$AS$1106,IF(AQ1023=$AR$1107,$AS$1107,IF(AQ1023=$AR$1108,$AS$1108,IF(AQ1023=$AR$1109,$AS$1109,"algo esta mal")))))))))) -> 0 | AS1023: =CONCATENATE("el ",ROUND(AO1023*100,0),"% ",AR1023," como ",AP1023) -> 0
T1100: 1 | U1100: valoró | AF1100: 1 | AG1100: valoró | AR1100: 1 | AS1100: valoró | BD1100: 1 | BE1100: valoró
T1101: 2 | U1101: calificó | AF1101: 2 | AG1101: calificó | AR1101: 2 | AS1101: calificó | BD1101: 2 | BE1101: calificó
T1102: 3 | U1102: consideró | AF1102: 3 | AG1102: consideró | AR1102: 3 | AS1102: consideró | BD1102: 3 | BE1102: consideró
T1103: 4 | U1103: respondió | AF1103: 4 | AG1103: respondió | AR1103: 4 | AS1103: respondió | BD1103: 4 | BE1103: respondió
T1104: 5 | U1104: evaluó | AF1104: 5 | AG1104: evaluó | AR1104: 5 | AS1104: evaluó | BD1104: 5 | BE1104: evaluó
T1105: 6 | U1105: determinó | AF1105: 6 | AG1105: determinó | AR1105: 6 | AS1105: determinó | BD1105: 6 | BE1105: determinó
T1106: 7 | U1106: mencionó | AF1106: 7 | AG1106: mencionó | AR1106: 7 | AS1106: mencionó | BD1106: 7 | BE1106: mencionó
T1107: 8 | U1107: apreció | AF1107: 8 | AG1107: apreció | AR1107: 8 | AS1107: apreció | BD1107: 8 | BE1107: apreció
T1108: 9 | U1108: percibió | AF1108: 9 | AG1108: percibió | AR1108: 9 | AS1108: percibió | BD1108: 9 | BE1108: percibió
T1109: 10 | U1109: Tuvo una percepción de | AF1109: 10 | AG1109: Tuvo una percepción de | AR1109: 10 | AS1109: Tuvo una percepción de | BD1109: 10 | BE1109: Tuvo una percepción de
BD1110: 1 | BE1110: asi mismo
BD1111: 2 | BE1111: por otro lado
BD1112: 3 | BE1112: por otra parte
BD1113: 4 | BE1113: ademas
BD1114: 5 | BE1114: en consecuencia
BD1115: 6 | BE1115: adicional a ello
BD1116: 7 | BE1116: por consecuencia
BD1120: 1 | BE1120: =(AX902) -> 0
BD1121: 2 | BE1121: Resultados
P2019: =N11 -> 0 | Q2019: =P19+N13 -> 0 | R2019: =COUNTIF($C$4:$C$358,$O19) -> 0 | S2019: =R2019/R2022 -> 0 | AB2019: =Z11 -> 0 | AC2019: =AB19+Z13 -> 0 | AD2019: =COUNTIF($E$4:$E$358,$AA19) -> 0 | AE2019: =AD2019/AD2022 -> 0 | AN2019: =AL11 -> 0 | AO2019: =AN19+AL13 -> 0 | AP2019: =COUNTIF($G$4:$G$358,$AM19) -> 0 | AQ2019: =AP2019/AP2022 -> 0 | AZ2019: =AX11 -> 0 | BA2019: =AZ19+AX13 - 1 -> 0 | BB2019: =COUNTIF($I$4:$I$358,$AY19) -> 0 | BC2019: =BB2019/BB2022 -> 0
P2020: =Q19+ 1 -> 0 | Q2020: =P20+N13 -> 0 | R2020: =COUNTIF($C$4:$C$358,$O20) -> 0 | S2020: =R2020/R2022 -> 0 | AB2020: =AC19+ 1 -> 0 | AC2020: =AB20+Z13 -> 0 | AD2020: =COUNTIF($E$4:$E$358,$AA20) -> 0 | AE2020: =AD2020/AD2022 -> 0 | AN2020: =AO19+ 1 -> 0 | AO2020: =AN20+AL13 -> 0 | AP2020: =COUNTIF($G$4:$G$358,$AM20) -> 0 | AQ2020: =AP2020/AP2022 -> 0 | AZ2020: =BA19+ 1 -> 0 | BA2020: =AZ20+AX13 - 1 -> 0 | BB2020: =COUNTIF($I$4:$I$358,$AY20) -> 0 | BC2020: =BB2020/BB2022 -> 0
P2021: =Q20+ 1 -> 0 | Q2021: =N10 -> 0 | R2021: =COUNTIF($C$4:$C$358,$O21) -> 0 | S2021: =R2021/R2022 -> 0 | AB2021: =AC20+ 1 -> 0 | AC2021: =Z10 -> 0 | AD2021: =COUNTIF($E$4:$E$358,$AA21) -> 0 | AE2021: =AD2021/AD2022 -> 0 | AN2021: =AO20+ 1 -> 0 | AO2021: =AL10 -> 0 | AP2021: =COUNTIF($G$4:$G$358,$AM21) -> 0 | AQ2021: =AP2021/AP2022 -> 0 | AZ2021: =BA20+ 1 -> 0 | BA2021: =AX10 -> 0 | BB2021: =COUNTIF($I$4:$I$358,$AY21) -> 0 | BC2021: =BB2021/BB2022 -> 0
R2022: =SUM(R2019:R2021) -> 0 | S2022: =SUM(S2019:S2021) -> 0 | AD2022: =SUM(AD2019:AD2021) -> 0 | AE2022: =SUM(AE2019:AE2021) -> 0 | AP2022: =SUM(AP2019:AP2021) -> 0 | AQ2022: =SUM(AQ2019:AQ2021) -> 0 | BB2022: =SUM(BB2019:BB2021) -> 0 | BC2022: =SUM(BC2019:BC2021) -> 0
K2101: Variable | L2101: =(N4) -> 0 | N2101: Unidades de Medida | W2101: Variable | X2101: =(Z4) -> 0 | Z2101: Unidades de Medida | AI2101: Variable | AJ2101: =(AL4) -> 0 | AL2101: Unidades de Medida | AU2101: Variable | AV2101: =(AX4) -> 0 | AX2101: Unidades de Medida
...

Sheet Tabulacion por item
D4: Item 1 | M4: Item 2 | V4: Item 3 | AE4: Item 4 | AN4: Item 5 | AW4: Item 6 | BF4: Item 7 | BO4: Item 8 | BX4: Item 9 | CG4: Item 10 | CP4: Item 11 | CY4: Item 12 | DH4: Item 13 | DQ4: Item 14 | DZ4: Item 15 | EI4: Item 16 | ER4: Item 17 | FA4: Item 18 | FJ4: Item 19 | FS4: Item 20 | GB4: Item 21 | GK4: Item 22 | GT4: Item 23 | HC4: Item 24
D5: Tabla 1 | M5: Tabla 2 | V5: Tabla 3 | AE5: Tabla 4 | AN5: Tabla 5 | AW5: Tabla 6 | BF5: Tabla 7 | BO5: Tabla 8 | BX5: Tabla 9 | CG5: Tabla 10 | CP5: Tabla 11 | CY5: Tabla 12 | DH5: Tabla 13 | DQ5: Tabla 14 | DZ5: Tabla 15 | EI5: Tabla 16 | ER5: Tabla 17 | FA5: Tabla 18 | FJ5: Tabla 19 | FS5: Tabla 20 | GB5: Tabla 21 | GK5: Tabla 22 | GT5: Tabla 23 | HC5: Tabla 24
D6: .
E7: Frec. | F7: % | N7: Frec. | O7: % | W7: Frec. | X7: % | AF7: Frec. | AG7: % | AO7: Frec. | AP7: % | AX7: Frec. | AY7: % | BG7: Frec. | BH7: % | BP7: Frec. | BQ7: % | BY7: Frec. | BZ7: % | CH7: Frec. | CI7: % | CQ7: Frec. | CR7: % | CZ7: Frec. | DA7: % | DI7: Frec. | DJ7: % | DR7: Frec. | DS7: % | EA7: Frec. | EB7: % | EJ7: Frec. | EK7: % | ES7: Frec. | ET7: % | FB7: Frec. | FC7: % | FK7: Frec. | FL7: % | FT7: Frec. | FU7: % | GC7: Frec. | GD7: % | GL7: Frec. | GM7: % | GU7: Frec. | GV7: % | HD7: Frec. | HE7: %
D8: =('Inteligencia emocional'!A366) -> 0 | E8: =('Inteligencia emocional'!B366) -> 0 | F8: =('Inteligencia emocional'!B372) -> 0 | M8: =('Inteligencia emocional'!A366) -> 0 | N8: =('Inteligencia emocional'!C366) -> 0 | O8: =('Inteligencia emocional'!C372) -> 0 | V8: =('Inteligencia emocional'!A366) -> 0 | W8: =('Inteligencia emocional'!D366) -> 0 | X8: =('Inteligencia emocional'!D372) -> 0 | AE8: =('Inteligencia emocional'!A366) -> 0 | AF8: =('Inteligencia emocional'!E366) -> 0 | AG8: =('Inteligencia emocional'!E372) -> 0 | AN8: =('Inteligencia emocional'!A366) -> 0 | AO8: =('Inteligencia emocional'!F366) -> 0 | AP8: =('Inteligencia emocional'!F372) -> 0 | AW8: =('Inteligencia emocional'!A366) -> 0 | AX8: =('Inteligencia emocional'!G366) -> 0 | AY8: =('Inteligencia emocional'!G372) -> 0 | BF8: =('Inteligencia emocional'!A366) -> 0 | BG8: =('Inteligencia emocional'!H366) -> 0 | BH8: =('Inteligencia emocional'!H372) -> 0 | BO8: =('Inteligencia emocional'!A366) -> 0 | BP8: =('Inteligencia emocional'!I366) -> 0 | BQ8: =('Inteligencia emocional'!I372) -> 0 | BX8: =('Inteligencia emocional'!A366) -> 0 | BY8: =('Inteligencia emocional'!J366) -> 0 | BZ8: =('Inteligencia emocional'!J372) -> 0 | CG8: =('Inteligencia emocional'!A366) -> 0 | CH8: =('Inteligencia emocional'!K366) -> 0 | CI8: =('Inteligencia emocional'!K372) -> 0 | CP8: =('Inteligencia emocional'!A366) -> 0 | CQ8: =('Inteligencia emocional'!L366) -> 0 | CR8: =('Inteligencia emocional'!L372) -> 0 | CY8: =('Inteligencia emocional'!A366) -> 0 | CZ8: =('Inteligencia emocional'!M366) -> 0 | DA8: =('Inteligencia emocional'!M372) -> 0 | DH8: =('Inteligencia emocional'!A366) -> 0 | DI8: =('Inteligencia emocional'!N366) -> 0 | DJ8: =('Inteligencia emocional'!N372) -> 0 | DQ8: =('Inteligencia emocional'!A366) -> 0 | DR8: =('Inteligencia emocional'!O366) -> 0 | DS8: =('Inteligencia emocional'!O372) -> 0 | DZ8: =('Inteligencia emocional'!A366) -> 0 | EA8: =('Inteligencia emocional'!P366) -> 0 | EB8: =('Inteligencia emocional'!P372) -> 0 | EI8: =('Inteligencia emocional'!A366) -> 0 | EJ8: =('Inteligencia emocional'!Q366) -> 0 | EK8: =('Inteligencia emocional'!Q372) -> 0 | ER8: =('Inteligencia emocional'!A366) -> 0 | ES8: =('Inteligencia emocional'!R366) -> 0 | ET8: =('Inteligencia emocional'!R372) -> 0 | FA8: =('Inteligencia emocional'!A366) -> 0 | FB8: =('Inteligencia emocional'!S366) -> 0 | FC8: =('Inteligencia emocional'!S372) -> 0 | FJ8: =('Inteligencia emocional'!A366) -> 0 | FK8: =('Inteligencia emocional'!T366) -> 0 | FL8: =('Inteligencia emocional'!T372) -> 0 | FS8: =('Inteligencia emocional'!A366) -> 0 | FT8: =('Inteligencia emocional'!U366) -> 0 | FU8: =('Inteligencia emocional'!U372) -> 0 | GB8: =('Inteligencia emocional'!A366) -> 0 | GC8: =('Inteligencia emocional'!V366) -> 0 | GD8: =('Inteligencia emocional'!V372) -> 0 | GK8: =('Inteligencia emocional'!A366) -> 0 | GL8: =('Inteligencia emocional'!W366) -> 0 | GM8: =('Inteligencia emocional'!W372) -> 0 | GT8: =('Inteligencia emocional'!A366) -> 0 | GU8: =('Inteligencia emocional'!X366) -> 0 | GV8: =('Inteligencia emocional'!X372) -> 0 | HC8: =('Inteligencia emocional'!A366) -> 0 | HD8: =('Inteligencia emocional'!Y366) -> 0 | HE8: =('Inteligencia emocional'!Y372) -> 0
D9: =('Inteligencia emocional'!A367) -> 0 | E9: =('Inteligencia emocional'!B367) -> 0 | F9: =('Inteligencia emocional'!B373) -> 0 | M9: =('Inteligencia emocional'!A367) -> 0 | N9: =('Inteligencia emocional'!C367) -> 0 | O9: =('Inteligencia emocional'!C373) -> 0 | V9: =('Inteligencia emocional'!A367) -> 0 | W9: =('Inteligencia emocional'!D367) -> 0 | X9: =('Inteligencia emocional'!D373) -> 0 | AE9: =('Inteligencia emocional'!A367) -> 0 | AF9: =('Inteligencia emocional'!E367) -> 0 | AG9: =('Inteligencia emocional'!E373) -> 0 | AN9: =('Inteligencia emocional'!A367) -> 0 | AO9: =('Inteligencia emocional'!F367) -> 0 | AP9: =('Inteligencia emocional'!F373) -> 0 | AW9: =('Inteligencia emocional'!A367) -> 0 | AX9: =('Inteligencia emocional'!G367) -> 0 | AY9: =('Inteligencia emocional'!G373) -> 0 | BF9: =('Inteligencia emocional'!A367) -> 0 | BG9: =('Inteligencia emocional'!H367) -> 0 | BH9: =('Inteligencia emocional'!H373) -> 0 | BO9: =('Inteligencia emocional'!A367) -> 0 | BP9: =('Inteligencia emocional'!I367) -> 0 | BQ9: =('Inteligencia emocional'!I373) -> 0 | BX9: =('Inteligencia emocional'!A367) -> 0 | BY9: =('Inteligencia emocional'!J367) -> 0 | BZ9: =('Inteligencia emocional'!J373) -> 0 | CG9: =('Inteligencia emocional'!A367) -> 0 | CH9: =('Inteligencia emocional'!K367) -> 0 | CI9: =('Inteligencia emocional'!K373) -> 0 | CP9: =('Inteligencia emocional'!A367) -> 0 | CQ9: =('Inteligencia emocional'!L367) -> 0 | CR9: =('Inteligencia emocional'!L373) -> 0 | CY9: =('Inteligencia emocional'!A367) -> 0 | CZ9: =('Inteligencia emocional'!M367) -> 0 | DA9: =('Inteligencia emocional'!M373) -> 0 | DH9: =('Inteligencia emocional'!A367) -> 0 | DI9: =('Inteligencia emocional'!N367) -> 0 | DJ9: =('Inteligencia emocional'!N373) -> 0 | DQ9: =('Inteligencia emocional'!A367) -> 0 | DR9: =('Inteligencia emocional'!O367) -> 0 | DS9: =('Inteligencia emocional'!O373) -> 0 | DZ9: =('Inteligencia emocional'!A367) -> 0 | EA9: =('Inteligencia emocional'!P367) -> 0 | EB9: =('Inteligencia emocional'!P373) -> 0 | EI9: =('Inteligencia emocional'!A367) -> 0 | EJ9: =('Inteligencia emocional'!Q367) -> 0 | EK9: =('Inteligencia emocional'!Q373) -> 0 | ER9: =('Inteligencia emocional'!A367) -> 0 | ES9: =('Inteligencia emocional'!R367) -> 0 | ET9: =('Inteligencia emocional'!R373) -> 0 | FA9: =('Inteligencia emocional'!A367) -> 0 | FB9: =('Inteligencia emocional'!S367) -> 0 | FC9: =('Inteligencia emocional'!S373) -> 0 | FJ9: =('Inteligencia emocional'!A367) -> 0 | FK9: =('Inteligencia emocional'!T367) -> 0 | FL9: =('Inteligencia emocional'!T373) -> 0 | FS9: =('Inteligencia emocional'!A367) -> 0 | FT9: =('Inteligencia emocional'!U367) -> 0 | FU9: =('Inteligencia emocional'!U373) -> 0 | GB9: =('Inteligencia emocional'!A367) -> 0 | GC9: =('Inteligencia emocional'!V367) -> 0 | GD9: =('Inteligencia emocional'!V373) -> 0 | GK9: =('Inteligencia emocional'!A367) -> 0 | GL9: =('Inteligencia emocional'!W367) -> 0 | GM9: =('Inteligencia emocional'!W373) -> 0 | GT9: =('Inteligencia emocional'!A367) -> 0 | GU9: =('Inteligencia emocional'!X367) -> 0 | GV9: =('Inteligencia emocional'!X373) -> 0 | HC9: =('Inteligencia emocional'!A367) -> 0 | HD9: =('Inteligencia emocional'!Y367) -> 0 | HE9: =('Inteligencia emocional'!Y373) -> 0
D10: =('Inteligencia emocional'!A368) -> 0 | E10: =('Inteligencia emocional'!B368) -> 0 | F10: =('Inteligencia emocional'!B374) -> 0 | M10: =('Inteligencia emocional'!A368) -> 0 | N10: =('Inteligencia emocional'!C368) -> 0 | O10: =('Inteligencia emocional'!C374) -> 0 | V10: =('Inteligencia emocional'!A368) -> 0 | W10: =('Inteligencia emocional'!D368) -> 0 | X10: =('Inteligencia emocional'!D374) -> 0 | AE10: =('Inteligencia emocional'!A368) -> 0 | AF10: =('Inteligencia emocional'!E368) -> 0 | AG10: =('Inteligencia emocional'!E374) -> 0 | AN10: =('Inteligencia emocional'!A368) -> 0 | AO10: =('Inteligencia emocional'!F368) -> 0 | AP10: =('Inteligencia emocional'!F374) -> 0 | AW10: =('Inteligencia emocional'!A368) -> 0 | AX10: =('Inteligencia emocional'!G368) -> 0 | AY10: =('Inteligencia emocional'!G374) -> 0 | BF10: =('Inteligencia emocional'!A368) -> 0 | BG10: =('Inteligencia emocional'!H368) -> 0 | BH10: =('Inteligencia emocional'!H374) -> 0 | BO10: =('Inteligencia emocional'!A368) -> 0 | BP10: =('Inteligencia emocional'!I368) -> 0 | BQ10: =('Inteligencia emocional'!I374) -> 0 | BX10: =('Inteligencia emocional'!A368) -> 0 | BY10: =('Inteligencia emocional'!J368) -> 0 | BZ10: =('Inteligencia emocional'!J374) -> 0 | CG10: =('Inteligencia emocional'!A368) -> 0 | CH10: =('Inteligencia emocional'!K368) -> 0 | CI10: =('Inteligencia emocional'!K374) -> 0 | CP10: =('Inteligencia emocional'!A368) -> 0 | CQ10: =('Inteligencia emocional'!L368) -> 0 | CR10: =('Inteligencia emocional'!L374) -> 0 | CY10: =('Inteligencia emocional'!A368) -> 0 | CZ10: =('Inteligencia emocional'!M368) -> 0 | DA10: =('Inteligencia emocional'!M374) -> 0 | DH10: =('Inteligencia emocional'!A368) -> 0 | DI10: =('Inteligencia emocional'!N368) -> 0 | DJ10: =('Inteligencia emocional'!N374) -> 0 | DQ10: =('Inteligencia emocional'!A368) -> 0 | DR10: =('Inteligencia emocional'!O368) -> 0 | DS10: =('Inteligencia emocional'!O374) -> 0 | DZ10: =('Inteligencia emocional'!A368) -> 0 | EA10: =('Inteligencia emocional'!P368) -> 0 | EB10: =('Inteligencia emocional'!P374) -> 0 | EI10: =('Inteligencia emocional'!A368) -> 0 | EJ10: =('Inteligencia emocional'!Q368) -> 0 | EK10: =('Inteligencia emocional'!Q374) -> 0 | ER10: =('Inteligencia emocional'!A368) -> 0 | ES10: =('Inteligencia emocional'!R368) -> 0 | ET10: =('Inteligencia emocional'!R374) -> 0 | FA10: =('Inteligencia emocional'!A368) -> 0 | FB10: =('Inteligencia emocional'!S368) -> 0 | FC10: =('Inteligencia emocional'!S374) -> 0 | FJ10: =('Inteligencia emocional'!A368) -> 0 | FK10: =('Inteligencia emocional'!T368) -> 0 | FL10: =('Inteligencia emocional'!T374) -> 0 | FS10: =('Inteligencia emocional'!A368) -> 0 | FT10: =('Inteligencia emocional'!U368) -> 0 | FU10: =('Inteligencia emocional'!U374) -> 0 | GB10: =('Inteligencia emocional'!A368) -> 0 | GC10: =('Inteligencia emocional'!V368) -> 0 | GD10: =('Inteligencia emocional'!V374) -> 0 | GK10: =('Inteligencia emocional'!A368) -> 0 | GL10: =('Inteligencia emocional'!W368) -> 0 | GM10: =('Inteligencia emocional'!W374) -> 0 | GT10: =('Inteligencia emocional'!A368) -> 0 | GU10: =('Inteligencia emocional'!X368) -> 0 | GV10: =('Inteligencia emocional'!X374) -> 0 | HC10: =('Inteligencia emocional'!A368) -> 0 | HD10: =('Inteligencia emocional'!Y368) -> 0 | HE10: =('Inteligencia emocional'!Y374) -> 0
D11: =('Inteligencia emocional'!A369) -> 0 | E11: =('Inteligencia emocional'!B369) -> 0 | F11: =('Inteligencia emocional'!B375) -> 0 | M11: =('Inteligencia emocional'!A369) -> 0 | N11: =('Inteligencia emocional'!C369) -> 0 | O11: =('Inteligencia emocional'!C375) -> 0 | V11: =('Inteligencia emocional'!A369) -> 0 | W11: =('Inteligencia emocional'!D369) -> 0 | X11: =('Inteligencia emocional'!D375) -> 0 | AE11: =('Inteligencia emocional'!A369) -> 0 | AF11: =('Inteligencia emocional'!E369) -> 0 | AG11: =('Inteligencia emocional'!E375) -> 0 | AN11: =('Inteligencia emocional'!A369) -> 0 | AO11: =('Inteligencia emocional'!F369) -> 0 | AP11: =('Inteligencia emocional'!F375) -> 0 | AW11: =('Inteligencia emocional'!A369) -> 0 | AX11: =('Inteligencia emocional'!G369) -> 0 | AY11: =('Inteligencia emocional'!G375) -> 0 | BF11: =('Inteligencia emocional'!A369) -> 0 | BG11: =('Inteligencia emocional'!H369) -> 0 | BH11: =('Inteligencia emocional'!H375) -> 0 | BO11: =('Inteligencia emocional'!A369) -> 0 | BP11: =('Inteligencia emocional'!I369) -> 0 | BQ11: =('Inteligencia emocional'!I375) -> 0 | BX11: =('Inteligencia emocional'!A369) -> 0 | BY11: =('Inteligencia emocional'!J369) -> 0 | BZ11: =('Inteligencia emocional'!J375) -> 0 | CG11: =('Inteligencia emocional'!A369) -> 0 | CH11: =('Inteligencia emocional'!K369) -> 0 | CI11: =('Inteligencia emocional'!K375) -> 0 | CP11: =('Inteligencia emocional'!A369) -> 0 | CQ11: =('Inteligencia emocional'!L369) -> 0 | CR11: =('Inteligencia emocional'!L375) -> 0 | CY11: =('Inteligencia emocional'!A369) -> 0 | CZ11: =('Inteligencia emocional'!M369) -> 0 | DA11: =('Inteligencia emocional'!M375) -> 0 | DH11: =('Inteligencia emocional'!A369) -> 0 | DI11: =('Inteligencia emocional'!N369) -> 0 | DJ11: =('Inteligencia emocional'!N375) -> 0 | DQ11: =('Inteligencia emocional'!A369) -> 0 | DR11: =('Inteligencia emocional'!O369) -> 0 | DS11: =('Inteligencia emocional'!O375) -> 0 | DZ11: =('Inteligencia emocional'!A369) -> 0 | EA11: =('Inteligencia emocional'!P369) -> 0 | EB11: =('Inteligencia emocional'!P375) -> 0 | EI11: =('Inteligencia emocional'!A369) -> 0 | EJ11: =('Inteligencia emocional'!Q369) -> 0 | EK11: =('Inteligencia emocional'!Q375) -> 0 | ER11: =('Inteligencia emocional'!A369) -> 0 | ES11: =('Inteligencia emocional'!R369) -> 0 | ET11: =('Inteligencia emocional'!R375) -> 0 | FA11: =('Inteligencia emocional'!A369) -> 0 | FB11: =('Inteligencia emocional'!S369) -> 0 | FC11: =('Inteligencia emocional'!S375) -> 0 | FJ11: =('Inteligencia emocional'!A369) -> 0 | FK11: =('Inteligencia emocional'!T369) -> 0 | FL11: =('Inteligencia emocional'!T375) -> 0 | FS11: =('Inteligencia emocional'!A369) -> 0 | FT11: =('Inteligencia emocional'!U369) -> 0 | FU11: =('Inteligencia emocional'!U375) -> 0 | GB11: =('Inteligencia emocional'!A369) -> 0 | GC11: =('Inteligencia emocional'!V369) -> 0 | GD11: =('Inteligencia emocional'!V375) -> 0 | GK11: =('Inteligencia emocional'!A369) -> 0 | GL11: =('Inteligencia emocional'!W369) -> 0 | GM11: =('Inteligencia emocional'!W375) -> 0 | GT11: =('Inteligencia emocional'!A369) -> 0 | GU11: =('Inteligencia emocional'!X369) -> 0 | GV11: =('Inteligencia emocional'!X375) -> 0 | HC11: =('Inteligencia emocional'!A369) -> 0 | HD11: =('Inteligencia emocional'!Y369) -> 0 | HE11: =('Inteligencia emocional'!Y375) -> 0
D12: =('Inteligencia emocional'!A370) -> 0 | E12: =('Inteligencia emocional'!B370) -> 0 | F12: =('Inteligencia emocional'!B376) -> 0 | M12: =('Inteligencia emocional'!A370) -> 0 | N12: =('Inteligencia emocional'!C370) -> 0 | O12: =('Inteligencia emocional'!C376) -> 0 | V12: =('Inteligencia emocional'!A370) -> 0 | W12: =('Inteligencia emocional'!D370) -> 0 | X12: =('Inteligencia emocional'!D376) -> 0 | AE12: =('Inteligencia emocional'!A370) -> 0 | AF12: =('Inteligencia emocional'!E370) -> 0 | AG12: =('Inteligencia emocional'!E376) -> 0 | AN12: =('Inteligencia emocional'!A370) -> 0 | AO12: =('Inteligencia emocional'!F370) -> 0 | AP12: =('Inteligencia emocional'!F376) -> 0 | AW12: =('Inteligencia emocional'!A370) -> 0 | AX12: =('Inteligencia emocional'!G370) -> 0 | AY12: =('Inteligencia emocional'!G376) -> 0 | BF12: =('Inteligencia emocional'!A370) -> 0 | BG12: =('Inteligencia emocional'!H370) -> 0 | BH12: =('Inteligencia emocional'!H376) -> 0 | BO12: =('Inteligencia emocional'!A370) -> 0 | BP12: =('Inteligencia emocional'!I370) -> 0 | BQ12: =('Inteligencia emocional'!I376) -> 0 | BX12: =('Inteligencia emocional'!A370) -> 0 | BY12: =('Inteligencia emocional'!J370) -> 0 | BZ12: =('Inteligencia emocional'!J376) -> 0 | CG12: =('Inteligencia emocional'!A370) -> 0 | CH12: =('Inteligencia emocional'!K370) -> 0 | CI12: =('Inteligencia emocional'!K376) -> 0 | CP12: =('Inteligencia emocional'!A370) -> 0 | CQ12: =('Inteligencia emocional'!L370) -> 0 | CR12: =('Inteligencia emocional'!L376) -> 0 | CY12: =('Inteligencia emocional'!A370) -> 0 | CZ12: =('Inteligencia emocional'!M370) -> 0 | DA12: =('Inteligencia emocional'!M376) -> 0 | DH12: =('Inteligencia emocional'!A370) -> 0 | DI12: =('Inteligencia emocional'!N370) -> 0 | DJ12: =('Inteligencia emocional'!N376) -> 0 | DQ12: =('Inteligencia emocional'!A370) -> 0 | DR12: =('Inteligencia emocional'!O370) -> 0 | DS12: =('Inteligencia emocional'!O376) -> 0 | DZ12: =('Inteligencia emocional'!A370) -> 0 | EA12: =('Inteligencia emocional'!P370) -> 0 | EB12: =('Inteligencia emocional'!P376) -> 0 | EI12: =('Inteligencia emocional'!A370) -> 0 | EJ12: =('Inteligencia emocional'!Q370) -> 0 | EK12: =('Inteligencia emocional'!Q376) -> 0 | ER12: =('Inteligencia emocional'!A370) -> 0 | ES12: =('Inteligencia emocional'!R370) -> 0 | ET12: =('Inteligencia emocional'!R376) -> 0 | FA12: =('Inteligencia emocional'!A370) -> 0 | FB12: =('Inteligencia emocional'!S370) -> 0 | FC12: =('Inteligencia emocional'!S376) -> 0 | FJ12: =('Inteligencia emocional'!A370) -> 0 | FK12: =('Inteligencia emocional'!T370) -> 0 | FL12: =('Inteligencia emocional'!T376) -> 0 | FS12: =('Inteligencia emocional'!A370) -> 0 | FT12: =('Inteligencia emocional'!U370) -> 0 | FU12: =('Inteligencia emocional'!U376) -> 0 | GB12: =('Inteligencia emocional'!A370) -> 0 | GC12: =('Inteligencia emocional'!V370) -> 0 | GD12: =('Inteligencia emocional'!V376) -> 0 | GK12: =('Inteligencia emocional'!A370) -> 0 | GL12: =('Inteligencia emocional'!W370) -> 0 | GM12: =('Inteligencia emocional'!W376) -> 0 | GT12: =('Inteligencia emocional'!A370) -> 0 | GU12: =('Inteligencia emocional'!X370) -> 0 | GV12: =('Inteligencia emocional'!X376) -> 0 | HC12: =('Inteligencia emocional'!A370) -> 0 | HD12: =('Inteligencia emocional'!Y370) -> 0 | HE12: =('Inteligencia emocional'!Y376) -> 0
D13: =('Inteligencia emocional'!A371) -> 0 | E13: =('Inteligencia emocional'!B371) -> 0 | F13: =('Inteligencia emocional'!B377) -> 0 | M13: =('Inteligencia emocional'!A371) -> 0 | N13: =('Inteligencia emocional'!C371) -> 0 | O13: =('Inteligencia emocional'!C377) -> 0 | V13: =('Inteligencia emocional'!A371) -> 0 | W13: =('Inteligencia emocional'!D371) -> 0 | X13: =('Inteligencia emocional'!D377) -> 0 | AE13: =('Inteligencia emocional'!A371) -> 0 | AF13: =('Inteligencia emocional'!E371) -> 0 | AG13: =('Inteligencia emocional'!E377) -> 0 | AN13: =('Inteligencia emocional'!A371) -> 0 | AO13: =('Inteligencia emocional'!F371) -> 0 | AP13: =('Inteligencia emocional'!F377) -> 0 | AW13: =('Inteligencia emocional'!A371) -> 0 | AX13: =('Inteligencia emocional'!G371) -> 0 | AY13: =('Inteligencia emocional'!G377) -> 0 | BF13: =('Inteligencia emocional'!A371) -> 0 | BG13: =('Inteligencia emocional'!H371) -> 0 | BH13: =('Inteligencia emocional'!H377) -> 0 | BO13: =('Inteligencia emocional'!A371) -> 0 | BP13: =('Inteligencia emocional'!I371) -> 0 | BQ13: =('Inteligencia emocional'!I377) -> 0 | BX13: =('Inteligencia emocional'!A371) -> 0 | BY13: =('Inteligencia emocional'!J371) -> 0 | BZ13: =('Inteligencia emocional'!J377) -> 0 | CG13: =('Inteligencia emocional'!A371) -> 0 | CH13: =('Inteligencia emocional'!K371) -> 0 | CI13: =('Inteligencia emocional'!K377) -> 0 | CP13: =('Inteligencia emocional'!A371) -> 0 | CQ13: =('Inteligencia emocional'!L371) -> 0 | CR13: =('Inteligencia emocional'!L377) -> 0 | CY13: =('Inteligencia emocional'!A371) -> 0 | CZ13: =('Inteligencia emocional'!M371) -> 0 | DA13: =('Inteligencia emocional'!M377) -> 0 | DH13: =('Inteligencia emocional'!A371) -> 0 | DI13: =('Inteligencia emocional'!N371) -> 0 | DJ13: =('Inteligencia emocional'!N377) -> 0 | DQ13: =('Inteligencia emocional'!A371) -> 0 | DR13: =('Inteligencia emocional'!O371) -> 0 | DS13: =('Inteligencia emocional'!O377) -> 0 | DZ13: =('Inteligencia emocional'!A371) -> 0 | EA13: =('Inteligencia emocional'!P371) -> 0 | EB13: =('Inteligencia emocional'!P377) -> 0 | EI13: =('Inteligencia emocional'!A371) -> 0 | EJ13: =('Inteligencia emocional'!Q371) -> 0 | EK13: =('Inteligencia emocional'!Q377) -> 0 | ER13: =('Inteligencia emocional'!A371) -> 0 | ES13: =('Inteligencia emocional'!R371) -> 0 | ET13: =('Inteligencia emocional'!R377) -> 0 | FA13: =('Inteligencia emocional'!A371) -> 0 | FB13: =('Inteligencia emocional'!S371) -> 0 | FC13: =('Inteligencia emocional'!S377) -> 0 | FJ13: =('Inteligencia emocional'!A371) -> 0 | FK13: =('Inteligencia emocional'!T371) -> 0 | FL13: =('Inteligencia emocional'!T377) -> 0 | FS13: =('Inteligencia emocional'!A371) -> 0 | FT13: =('Inteligencia emocional'!U371) -> 0 | FU13: =('Inteligencia emocional'!U377) -> 0 | GB13: =('Inteligencia emocional'!A371) -> 0 | GC13: =('Inteligencia emocional'!V371) -> 0 | GD13: =('Inteligencia emocional'!V377) -> 0 | GK13: =('Inteligencia emocional'!A371) -> 0 | GL13: =('Inteligencia emocional'!W371) -> 0 | GM13: =('Inteligencia emocional'!W377) -> 0 | GT13: =('Inteligencia emocional'!A371) -> 0 | GU13: =('Inteligencia emocional'!X371) -> 0 | GV13: =('Inteligencia emocional'!X377) -> 0 | HC13: =('Inteligencia emocional'!A371) -> 0 | HD13: =('Inteligencia emocional'!Y371) -> 0 | HE13: =('Inteligencia emocional'!Y377) -> 0
D14: Elaboración: Propia | M14: Elaboración: Propia | V14: Elaboración: Propia | AE14: Elaboración: Propia | AN14: Elaboración: Propia | AW14: Elaboración: Propia | BF14: Elaboración: Propia | BO14: Elaboración: Propia | BX14: Elaboración: Propia | CG14: Elaboración: Propia | CP14: Elaboración: Propia | CY14: Elaboración: Propia | DH14: Elaboración: Propia | DQ14: Elaboración: Propia | DZ14: Elaboración: Propia | EI14: Elaboración: Propia | ER14: Elaboración: Propia | FA14: Elaboración: Propia | FJ14: Elaboración: Propia | FS14: Elaboración: Propia | GB14: Elaboración: Propia | GK14: Elaboración: Propia | GT14: Elaboración: Propia | HC14: Elaboración: Propia
D15: Fuente: Encuesta aplicada | M15: Fuente: Encuesta aplicada | V15: Fuente: Encuesta aplicada | AE15: Fuente: Encuesta aplicada | AN15: Fuente: Encuesta aplicada | AW15: Fuente: Encuesta aplicada | BF15: Fuente: Encuesta aplicada | BO15: Fuente: Encuesta aplicada | BX15: Fuente: Encuesta aplicada | CG15: Fuente: Encuesta aplicada | CP15: Fuente: Encuesta aplicada | CY15: Fuente: Encuesta aplicada | DH15: Fuente: Encuesta aplicada | DQ15: Fuente: Encuesta aplicada | DZ15: Fuente: Encuesta aplicada | EI15: Fuente: Encuesta aplicada | ER15: Fuente: Encuesta aplicada | FA15: Fuente: Encuesta aplicada | FJ15: Fuente: Encuesta aplicada | FS15: Fuente: Encuesta aplicada | GB15: Fuente: Encuesta aplicada | GK15: Fuente: Encuesta aplicada | GT15: Fuente: Encuesta aplicada | HC15: Fuente: Encuesta aplicada
D33: Figura. 1 | M33: Figura. 2 | V33: Figura. 3 | AE33: Figura. 4 | AN33: Figura. 5 | AW33: Figura. 6 | BF33: Figura. 7 | BO33: Figura. 8 | BX33: Figura. 9 | CG33: Figura. 10 | CP33: Figura. 11 | CY33: Figura. 12 | DH33: Figura. 13 | DQ33: Figura. 14 | DZ33: Figura. 15 | EI33: Figura. 16 | ER33: Figura. 17 | FA33: Figura. 18 | FJ33: Figura. 19 | FS33: Figura. 20 | GB33: Figura. 21 | GK33: Figura. 22 | GT33: Figura. 23 | HC33: Figura. 24
D34: .
D35: =CONCATENATE("En ","la ",D5," y ",D33," se observa los resultados del ",D4," el cual aborda ",E1062,",en donde se demuestra que el ",ROUND(F8*100,0),"%"," de los ",D1045," tienen una percepción de ",G1046,", el ",ROUND(F9*100,0),"%"," ",G1047,", un ",ROUND(F10*100,0),"%"," ",G1048,",",IF(E1049>0,CONCATENATE(" ademas el ",ROUND(F11*100,0),"%"," ",G1049,)," "),IF(E1049>0,CONCATENATE(" y ",ROUND(F12*100,0),"%",", ",G1050,)," "),"en tal sentido la mayoría de los ",D1045," es decir el ",ROUND(E1053*100,0),"%"," tienen una percepción con una inclinación a un valor ",D1056,","," para ",E1062,".") -> 0 | M35: =CONCATENATE("En ","la ",M5," y ",M33," se observa los resultados del ",M4," el cual aborda ",N1062,",en donde se demuestra que el ",ROUND(O8*100,0),"%"," de los ",M1045," tienen una percepción de ",P1046,", el ",ROUND(O9*100,0),"%"," ",P1047,", un ",ROUND(O10*100,0),"%"," ",P1048,",",IF(N1049>0,CONCATENATE(" ademas el ",ROUND(O11*100,0),"%"," ",P1049,)," "),IF(N1049>0,CONCATENATE(" y ",ROUND(O12*100,0),"%",", ",P1050,)," "),"en tal sentido la mayoría de los ",M1045," es decir el ",ROUND(N1053*100,0),"%"," tienen una percepción con una inclinación a un valor ",M1056,","," para ",N1062,".") -> 0 | V35: =CONCATENATE("En ","la ",V5," y ",V33," se observa los resultados del ",V4," el cual aborda ",W1062,",en donde se demuestra que el ",ROUND(X8*100,0),"%"," de los ",V1045," tienen una percepción de ",Y1046,", el ",ROUND(X9*100,0),"%"," ",Y1047,", un ",ROUND(X10*100,0),"%"," ",Y1048,",",IF(W1049>0,CONCATENATE(" ademas el ",ROUND(X11*100,0),"%"," ",Y1049,)," "),IF(W1049>0,CONCATENATE(" y ",ROUND(X12*100,0),"%",", ",Y1050,)," "),"en tal sentido la mayoría de los ",V1045," es decir el ",ROUND(W1053*100,0),"%"," tienen una percepción con una inclinación a un valor ",V1056,","," para ",W1062,".") -> 0 | AE35: =CONCATENATE("En ","la ",AE5," y ",AE33," se observa los resultados del ",AE4," el cual aborda ",AF1062,",en donde se demuestra que el ",ROUND(AG8*100,0),"%"," de los ",AE1045," tienen una percepción de ",AH1046,", el ",ROUND(AG9*100,0),"%"," ",AH1047,", un ",ROUND(AG10*100,0),"%"," ",AH1048,",",IF(AF1049>0,CONCATENATE(" ademas el ",ROUND(AG11*100,0),"%"," ",AH1049,)," "),IF(AF1049>0,CONCATENATE(" y ",ROUND(AG12*100,0),"%",", ",AH1050,)," "),"en tal sentido la mayoría de los ",AE1045," es decir el ",ROUND(AF1053*100,0),"%"," tienen una percepción con una inclinación a un valor ",AE1056,","," para ",AF1062,".") -> 0 | AN35: =CONCATENATE("En ","la ",AN5," y ",AN33," se observa los resultados del ",AN4," el cual aborda ",AO1062,",en donde se demuestra que el ",ROUND(AP8*100,0),"%"," de los ",AN1045," tienen una percepción de ",AQ1046,", el ",ROUND(AP9*100,0),"%"," ",AQ1047,", un ",ROUND(AP10*100,0),"%"," ",AQ1048,",",IF(AO1049>0,CONCATENATE(" ademas el ",ROUND(AP11*100,0),"%"," ",AQ1049,)," "),IF(AO1049>0,CONCATENATE(" y ",ROUND(AP12*100,0),"%",", ",AQ1050,)," "),"en tal sentido la mayoría de los ",AN1045," es decir el ",ROUND(AO1053*100,0),"%"," tienen una percepción con una inclinación a un valor ",AN1056,","," para ",AO1062,".") -> 0 | AW35: =CONCATENATE("En ","la ",AW5," y ",AW33," se observa los resultados del ",AW4," el cual aborda ",AX1062,",en donde se demuestra que el ",ROUND(AY8*100,0),"%"," de los ",AW1045," tienen una percepción de ",AZ1046,", el ",ROUND(AY9*100,0),"%"," ",AZ1047,", un ",ROUND(AY10*100,0),"%"," ",AZ1048,",",IF(AX1049>0,CONCATENATE(" ademas el ",ROUND(AY11*100,0),"%"," ",AZ1049,)," "),IF(AX1049>0,CONCATENATE(" y ",ROUND(AY12*100,0),"%",", ",AZ1050,)," "),"en tal sentido la mayoría de los ",AW1045," es decir el ",ROUND(AX1053*100,0),"%"," tienen una percepción con una inclinación a un valor ",AW1056,","," para ",AX1062,".") -> 0 | BF35: =CONCATENATE("En ","la ",BF5," y ",BF33," se observa los resultados del ",BF4," el cual aborda ",BG1062,",en donde se demuestra que el ",ROUND(BH8*100,0),"%"," de los ",BF1045," tienen una percepción de ",BI1046,", el ",ROUND(BH9*100,0),"%"," ",BI1047,", un ",ROUND(BH10*100,0),"%"," ",BI1048,",",IF(BG1049>0,CONCATENATE(" ademas el ",ROUND(BH11*100,0),"%"," ",BI1049,)," "),IF(BG1049>0,CONCATENATE(" y ",ROUND(BH12*100,0),"%",", ",BI1050,)," "),"en tal sentido la mayoría de los ",BF1045," es decir el ",ROUND(BG1053*100,0),"%"," tienen una percepción con una inclinación a un valor ",BF1056,","," para ",BG1062,".") -> 0 | BO35: =CONCATENATE("En ","la ",BO5," y ",BO33," se observa los resultados del ",BO4," el cual aborda ",BP1062,",en donde se demuestra que el ",ROUND(BQ8*100,0),"%"," de los ",BO1045," tienen una percepción de ",BR1046,", el ",ROUND(BQ9*100,0),"%"," ",BR1047,", un ",ROUND(BQ10*100,0),"%"," ",BR1048,",",IF(BP1049>0,CONCATENATE(" ademas el ",ROUND(BQ11*100,0),"%"," ",BR1049,)," "),IF(BP1049>0,CONCATENATE(" y ",ROUND(BQ12*100,0),"%",", ",BR1050,)," "),"en tal sentido la mayoría de los ",BO1045," es decir el ",ROUND(BP1053*100,0),"%"," tienen una percepción con una inclinación a un valor ",BO1056,","," para ",BP1062,".") -> 0 | BX35: =CONCATENATE("En ","la ",BX5," y ",BX33," se observa los resultados del ",BX4," el cual aborda ",BY1062,",en donde se demuestra que el ",ROUND(BZ8*100,0),"%"," de los ",BX1045," tienen una percepción de ",CA1046,", el ",ROUND(BZ9*100,0),"%"," ",CA1047,", un ",ROUND(BZ10*100,0),"%"," ",CA1048,",",IF(BY1049>0,CONCATENATE(" ademas el ",ROUND(BZ11*100,0),"%"," ",CA1049,)," "),IF(BY1049>0,CONCATENATE(" y ",ROUND(BZ12*100,0),"%",", ",CA1050,)," "),"en tal sentido la mayoría de los ",BX1045," es decir el ",ROUND(BY1053*100,0),"%"," tienen una percepción con una inclinación a un valor ",BX1056,","," para ",BY1062,".") -> 0 | CG35: =CONCATENATE("En ","la ",CG5," y ",CG33," se observa los resultados del ",CG4," el cual aborda ",CH1062,",en donde se demuestra que el ",ROUND(CI8*100,0),"%"," de los ",CG1045," tienen una percepción de ",CJ1046,", el ",ROUND(CI9*100,0),"%"," ",CJ1047,", un ",ROUND(CI10*100,0),"%"," ",CJ1048,",",IF(CH1049>0,CONCATENATE(" ademas el ",ROUND(CI11*100,0),"%"," ",CJ1049,)," "),IF(CH1049>0,CONCATENATE(" y ",ROUND(CI12*100,0),"%",", ",CJ1050,)," "),"en tal sentido la mayoría de los ",CG1045," es decir el ",ROUND(CH1053*100,0),"%"," tienen una percepción con una inclinación a un valor ",CG1056,","," para ",CH1062,".") -> 0 | CP35: =CONCATENATE("En ","la ",CP5," y ",CP33," se observa los resultados del ",CP4," el cual aborda ",CQ1062,",en donde se demuestra que el ",ROUND(CR8*100,0),"%"," de los ",CP1045," tienen una percepción de ",CS1046,", el ",ROUND(CR9*100,0),"%"," ",CS1047,", un ",ROUND(CR10*100,0),"%"," ",CS1048,",",IF(CQ1049>0,CONCATENATE(" ademas el ",ROUND(CR11*100,0),"%"," ",CS1049,)," "),IF(CQ1049>0,CONCATENATE(" y ",ROUND(CR12*100,0),"%",", ",CS1050,)," "),"en tal sentido la mayoría de los ",CP1045," es decir el ",ROUND(CQ1053*100,0),"%"," tienen una percepción con una inclinación a un valor ",CP1056,","," para ",CQ1062,".") -> 0 | CY35: =CONCATENATE("En ","la ",CY5," y ",CY33," se observa los resultados del ",CY4," el cual aborda ",CZ1062,",en donde se demuestra que el ",ROUND(DA8*100,0),"%"," de los ",CY1045," tienen una percepción de ",DB1046,", el ",ROUND(DA9*100,0),"%"," ",DB1047,", un ",ROUND(DA10*100,0),"%"," ",DB1048,",",IF(CZ1049>0,CONCATENATE(" ademas el ",ROUND(DA11*100,0),"%"," ",DB1049,)," "),IF(CZ1049>0,CONCATENATE(" y ",ROUND(DA12*100,0),"%",", ",DB1050,)," "),"en tal sentido la mayoría de los ",CY1045," es decir el ",ROUND(CZ1053*100,0),"%"," tienen una percepción con una inclinación a un valor ",CY1056,","," para ",CZ1062,".") -> 0 | DH35: =CONCATENATE("En ","la ",DH5," y ",DH33," se observa los resultados del ",DH4," el cual aborda ",DI1062,",en donde se demuestra que el ",ROUND(DJ8*100,0),"%"," de los ",DH1045," tienen una percepción de ",DK1046,", el ",ROUND(DJ9*100,0),"%"," ",DK1047,", un ",ROUND(DJ10*100,0),"%"," ",DK1048,",",IF(DI1049>0,CONCATENATE(" ademas el ",ROUND(DJ11*100,0),"%"," ",DK1049,)," "),IF(DI1049>0,CONCATENATE(" y ",ROUND(DJ12*100,0),"%",", ",DK1050,)," "),"en tal sentido la mayoría de los ",DH1045," es decir el ",ROUND(DI1053*100,0),"%"," tienen una percepción con una inclinación a un valor ",DH1056,","," para ",DI1062,".") -> 0 | DQ35: =CONCATENATE("En ","la ",DQ5," y ",DQ33," se observa los resultados del ",DQ4," el cual aborda ",DR1062,",en donde se demuestra que el ",ROUND(DS8*100,0),"%"," de los ",DQ1045," tienen una percepción de ",DT1046,", el ",ROUND(DS9*100,0),"%"," ",DT1047,", un ",ROUND(DS10*100,0),"%"," ",DT1048,",",IF(DR1049>0,CONCATENATE(" ademas el ",ROUND(DS11*100,0),"%"," ",DT1049,)," "),IF(DR1049>0,CONCATENATE(" y ",ROUND(DS12*100,0),"%",", ",DT1050,)," "),"en tal sentido la mayoría de los ",DQ1045," es decir el ",ROUND(DR1053*100,0),"%"," tienen una percepción con una inclinación a un valor ",DQ1056,","," para ",DR1062,".") -> 0 | DZ35: =CONCATENATE("En ","la ",DZ5," y ",DZ33," se observa los resultados del ",DZ4," el cual aborda ",EA1062,",en donde se demuestra que el ",ROUND(EB8*100,0),"%"," de los ",DZ1045," tienen una percepción de ",EC1046,", el ",ROUND(EB9*100,0),"%"," ",EC1047,", un ",ROUND(EB10*100,0),"%"," ",EC1048,",",IF(EA1049>0,CONCATENATE(" ademas el ",ROUND(EB11*100,0),"%"," ",EC1049,)," "),IF(EA1049>0,CONCATENATE(" y ",ROUND(EB12*100,0),"%",", ",EC1050,)," "),"en tal sentido la mayoría de los ",DZ1045," es decir el ",ROUND(EA1053*100,0),"%"," tienen una percepción con una inclinación a un valor ",DZ1056,","," para ",EA1062,".") -> 0 | EI35: =CONCATENATE("En ","la ",EI5," y ",EI33," se observa los resultados del ",EI4," el cual aborda ",EJ1062,",en donde se demuestra que el ",ROUND(EK8*100,0),"%"," de los ",EI1045," tienen una percepción de ",EL1046,", el ",ROUND(EK9*100,0),"%"," ",EL1047,", un ",ROUND(EK10*100,0),"%"," ",EL1048,",",IF(EJ1049>0,CONCATENATE(" ademas el ",ROUND(EK11*100,0),"%"," ",EL1049,)," "),IF(EJ1049>0,CONCATENATE(" y ",ROUND(EK12*100,0),"%",", ",EL1050,)," "),"en tal sentido la mayoría de los ",EI1045," es decir el ",ROUND(EJ1053*100,0),"%"," tienen una percepción con una inclinación a un valor ",EI1056,","," para ",EJ1062,".") -> 0 | ER35: =CONCATENATE("En ","la ",ER5," y ",ER33," se observa los resultados del ",ER4," el cual aborda ",ES1062,",en donde se demuestra que el ",ROUND(ET8*100,0),"%"," de los ",ER1045," tienen una percepción de ",EU1046,", el ",ROUND(ET9*100,0),"%"," ",EU1047,", un ",ROUND(ET10*100,0),"%"," ",EU1048,",",IF(ES1049>0,CONCATENATE(" ademas el ",ROUND(ET11*100,0),"%"," ",EU1049,)," "),IF(ES1049>0,CONCATENATE(" y ",ROUND(ET12*100,0),"%",", ",EU1050,)," "),"en tal sentido la mayoría de los ",ER1045," es decir el ",ROUND(ES1053*100,0),"%"," tienen una percepción con una inclinación a un valor ",ER1056,","," para ",ES1062,".") -> 0 | FA35: =CONCATENATE("En ","la ",FA5," y ",FA33," se observa los resultados del ",FA4," el cual aborda ",FB1062,",en donde se demuestra que el ",ROUND(FC8*100,0),"%"," de los ",FA1045," tienen una percepción de ",FD1046,", el ",ROUND(FC9*100,0),"%"," ",FD1047,", un ",ROUND(FC10*100,0),"%"," ",FD1048,",",IF(FB1049>0,CONCATENATE(" ademas el ",ROUND(FC11*100,0),"%"," ",FD1049,)," "),IF(FB1049>0,CONCATENATE(" y ",ROUND(FC12*100,0),"%",", ",FD1050,)," "),"en tal sentido la mayoría de los ",FA1045," es decir el ",ROUND(FB1053*100,0),"%"," tienen una percepción con una inclinación a un valor ",FA1056,","," para ",FB1062,".") -> 0 | FJ35: =CONCATENATE("En ","la ",FJ5," y ",FJ33," se observa los resultados del ",FJ4," el cual aborda ",FK1062,",en donde se demuestra que el ",ROUND(FL8*100,0),"%"," de los ",FJ1045," tienen una percepción de ",FM1046,", el ",ROUND(FL9*100,0),"%"," ",FM1047,", un ",ROUND(FL10*100,0),"%"," ",FM1048,",",IF(FK1049>0,CONCATENATE(" ademas el ",ROUND(FL11*100,0),"%"," ",FM1049,)," "),IF(FK1049>0,CONCATENATE(" y ",ROUND(FL12*100,0),"%",", ",FM1050,)," "),"en tal sentido la mayoría de los ",FJ1045," es decir el ",ROUND(FK1053*100,0),"%"," tienen una percepción con una inclinación a un valor ",FJ1056,","," para ",FK1062,".") -> 0 | FS35: =CONCATENATE("En ","la ",FS5," y ",FS33," se observa los resultados del ",FS4," el cual aborda ",FT1062,",en donde se demuestra que el ",ROUND(FU8*100,0),"%"," de los ",FS1045," tienen una percepción de ",FV1046,", el ",ROUND(FU9*100,0),"%"," ",FV1047,", un ",ROUND(FU10*100,0),"%"," ",FV1048,",",IF(FT1049>0,CONCATENATE(" ademas el ",ROUND(FU11*100,0),"%"," ",FV1049,)," "),IF(FT1049>0,CONCATENATE(" y ",ROUND(FU12*100,0),"%",", ",FV1050,)," "),"en tal sentido la mayoría de los ",FS1045," es decir el ",ROUND(FT1053*100,0),"%"," tienen una percepción con una inclinación a un valor ",FS1056,","," para ",FT1062,".") -> 0 | GB35: =CONCATENATE("En ","la ",GB5," y ",GB33," se observa los resultados del ",GB4," el cual aborda ",GC1062,",en donde se demuestra que el ",ROUND(GD8*100,0),"%"," de los ",GB1045," tienen una percepción de ",GE1046,", el ",ROUND(GD9*100,0),"%"," ",GE1047,", un ",ROUND(GD10*100,0),"%"," ",GE1048,",",IF(GC1049>0,CONCATENATE(" ademas el ",ROUND(GD11*100,0),"%"," ",GE1049,)," "),IF(GC1049>0,CONCATENATE(" y ",ROUND(GD12*100,0),"%",", ",GE1050,)," "),"en tal sentido la mayoría de los ",GB1045," es decir el ",ROUND(GC1053*100,0),"%"," tienen una percepción con una inclinación a un valor ",GB1056,","," para ",GC1062,".") -> 0 | GK35: =CONCATENATE("En ","la ",GK5," y ",GK33," se observa los resultados del ",GK4," el cual aborda ",GL1062,",en donde se demuestra que el ",ROUND(GM8*100,0),"%"," de los ",GK1045," tienen una percepción de ",GN1046,", el ",ROUND(GM9*100,0),"%"," ",GN1047,", un ",ROUND(GM10*100,0),"%"," ",GN1048,",",IF(GL1049>0,CONCATENATE(" ademas el ",ROUND(GM11*100,0),"%"," ",GN1049,)," "),IF(GL1049>0,CONCATENATE(" y ",ROUND(GM12*100,0),"%",", ",GN1050,)," "),"en tal sentido la mayoría de los ",GK1045," es decir el ",ROUND(GL1053*100,0),"%"," tienen una percepción con una inclinación a un valor ",GK1056,","," para ",GL1062,".") -> 0 | GT35: =CONCATENATE("En ","la ",GT5," y ",GT33," se observa los resultados del ",GT4," el cual aborda ",GU1062,",en donde se demuestra que el ",ROUND(GV8*100,0),"%"," de los ",GT1045," tienen una percepción de ",GW1046,", el ",ROUND(GV9*100,0),"%"," ",GW1047,", un ",ROUND(GV10*100,0),"%"," ",GW1048,",",IF(GU1049>0,CONCATENATE(" ademas el ",ROUND(GV11*100,0),"%"," ",GW1049,)," "),IF(GU1049>0,CONCATENATE(" y ",ROUND(GV12*100,0),"%",", ",GW1050,)," "),"en tal sentido la mayoría de los ",GT1045," es decir el ",ROUND(GU1053*100,0),"%"," tienen una percepción con una inclinación a un valor ",GT1056,","," para ",GU1062,".") -> 0 | HC35: =CONCATENATE("En ","la ",HC5," y ",HC33," se observa los resultados del ",HC4," el cual aborda ",HD1062,",en donde se demuestra que el ",ROUND(HE8*100,0),"%"," de los ",HC1045," tienen una percepción de ",HF1046,", el ",ROUND(HE9*100,0),"%"," ",HF1047,", un ",ROUND(HE10*100,0),"%"," ",HF1048,",",IF(HD1049>0,CONCATENATE(" ademas el ",ROUND(HE11*100,0),"%"," ",HF1049,)," "),IF(HD1049>0,CONCATENATE(" y ",ROUND(HE12*100,0),"%",", ",HF1050,)," "),"en tal sentido la mayoría de los ",HC1045," es decir el ",ROUND(HD1053*100,0),"%"," tienen una percepción con una inclinación a un valor ",HC1056,","," para ",HD1062,".") -> 0
D1045: Docentes | E1045: . | M1045: Docentes | V1045: Docentes | AE1045: Docentes | AN1045: Docentes | AW1045: Docentes | BF1045: Docentes | BO1045: Docentes | BX1045: Docentes | CG1045: Docentes | CP1045: Docentes | CY1045: Docentes | DH1045: Docentes | DQ1045: Docentes | DZ1045: Docentes | EI1045: Docentes | ER1045: Docentes | FA1045: Docentes | FJ1045: Docentes | FS1045: Docentes | GB1045: Docentes | GK1045: Docentes | GT1045: Docentes | HC1045: Docentes
C1046: 1 | D1046: =IF(E1046=F8,D8,IF(E1046=F9,D9,IF(E1046=F10,D10,IF(E1046=F11,D11,IF(E1046=F12,D12,"ALGO ESTA MAL"))))) -> 0 | E1046: =LARGE($F$8:$F$12,C1046) -> 0 | F1046: =IF(E1046>0.1%,E1046,"Algo Esta Mal") -> 0 | G1046: =IF(F1046=E1046,D1046," ") -> 0 | L1046: 1 | M1046: =IF(N1046=O8,M8,IF(N1046=O9,M9,IF(N1046=O10,M10,IF(N1046=O11,M11,IF(N1046=O12,M12,"ALGO ESTA MAL"))))) -> 0 | N1046: =LARGE($O$8:$O$12,L1046) -> 0 | O1046: =IF(N1046>0.1%,N1046,"Algo Esta Mal") -> 0 | P1046: =IF(O1046=N1046,M1046," ") -> 0 | U1046: 1 | V1046: =IF(W1046=X8,V8,IF(W1046=X9,V9,IF(W1046=X10,V10,IF(W1046=X11,V11,IF(W1046=X12,V12,"ALGO ESTA MAL"))))) -> 0 | W1046: =LARGE($X$8:$X$12,U1046) -> 0 | X1046: =IF(W1046>0.1%,W1046,"Algo Esta Mal") -> 0 | Y1046: =IF(X1046=W1046,V1046," ") -> 0 | AD1046: 1 | AE1046: =IF(AF1046=AG8,AE8,IF(AF1046=AG9,AE9,IF(AF1046=AG10,AE10,IF(AF1046=AG11,AE11,IF(AF1046=AG12,AE12,"ALGO ESTA MAL"))))) -> 0 | AF1046: =LARGE($AG$8:$AG$12,AD1046) -> 0 | AG1046: =IF(AF1046>0.1%,AF1046,"Algo Esta Mal") -> 0 | AH1046: =IF(AG1046=AF1046,AE1046," ") -> 0 | AM1046: 1 | AN1046: =IF(AO1046=AP8,AN8,IF(AO1046=AP9,AN9,IF(AO1046=AP10,AN10,IF(AO1046=AP11,AN11,IF(AO1046=AP12,AN12,"ALGO ESTA MAL"))))) -> 0 | AO1046: =LARGE($AP$8:$AP$12,AM1046) -> 0 | AP1046: =IF(AO1046>0.1%,AO1046,"Algo Esta Mal") -> 0 | AQ1046: =IF(AP1046=AO1046,AN1046," ") -> 0 | AV1046: 1 | AW1046: =IF(AX1046=AY8,AW8,IF(AX1046=AY9,AW9,IF(AX1046=AY10,AW10,IF(AX1046=AY11,AW11,IF(AX1046=AY12,AW12,"ALGO ESTA MAL"))))) -> 0 | AX1046: =LARGE($AY$8:$AY$12,AV1046) -> 0 | AY1046: =IF(AX1046>0.1%,AX1046,"Algo Esta Mal") -> 0 | AZ1046: =IF(AY1046=AX1046,AW1046," ") -> 0 | BE1046: 1 | BF1046: =IF(BG1046=BH8,BF8,IF(BG1046=BH9,BF9,IF(BG1046=BH10,BF10,IF(BG1046=BH11,BF11,IF(BG1046=BH12,BF12,"ALGO ESTA MAL"))))) -> 0 | BG1046: =LARGE($BH$8:$BH$12,BE1046) -> 0 | BH1046: =IF(BG1046>0.1%,BG1046,"Algo Esta Mal") -> 0 | BI1046: =IF(BH1046=BG1046,BF1046," ") -> 0 | BN1046: 1 | BO1046: =IF(BP1046=BQ8,BO8,IF(BP1046=BQ9,BO9,IF(BP1046=BQ10,BO10,IF(BP1046=BQ11,BO11,IF(BP1046=BQ12,BO12,"ALGO ESTA MAL"))))) -> 0 | BP1046: =LARGE($BQ$8:$BQ$12,BN1046) -> 0 | BQ1046: =IF(BP1046>0.1%,BP1046,"Algo Esta Mal") -> 0 | BR1046: =IF(BQ1046=BP1046,BO1046," ") -> 0 | BW1046: 1 | BX1046: =IF(BY1046=BZ8,BX8,IF(BY1046=BZ9,BX9,IF(BY1046=BZ10,BX10,IF(BY1046=BZ11,BX11,IF(BY1046=BZ12,BX12,"ALGO ESTA MAL"))))) -> 0 | BY1046: =LARGE($BZ$8:$BZ$12,BW1046) -> 0 | BZ1046: =IF(BY1046>0.1%,BY1046,"Algo Esta Mal") -> 0 | CA1046: =IF(BZ1046=BY1046,BX1046," ") -> 0 | CF1046: 1 | CG1046: =IF(CH1046=CI8,CG8,IF(CH1046=CI9,CG9,IF(CH1046=CI10,CG10,IF(CH1046=CI11,CG11,IF(CH1046=CI12,CG12,"ALGO ESTA MAL"))))) -> 0 | CH1046: =LARGE($CI$8:$CI$12,CF1046) -> 0 | CI1046: =IF(CH1046>0.1%,CH1046,"Algo Esta Mal") -> 0 | CJ1046: =IF(CI1046=CH1046,CG1046," ") -> 0 | CO1046: 1 | CP1046: =IF(CQ1046=CR8,CP8,IF(CQ1046=CR9,CP9,IF(CQ1046=CR10,CP10,IF(CQ1046=CR11,CP11,IF(CQ1046=CR12,CP12,"ALGO ESTA MAL"))))) -> 0 | CQ1046: =LARGE($CR$8:$CR$12,CO1046) -> 0 | CR1046: =IF(CQ1046>0.1%,CQ1046,"Algo Esta Mal") -> 0 | CS1046: =IF(CR1046=CQ1046,CP1046," ") -> 0 | CX1046: 1 | CY1046: =IF(CZ1046=DA8,CY8,IF(CZ1046=DA9,CY9,IF(CZ1046=DA10,CY10,IF(CZ1046=DA11,CY11,IF(CZ1046=DA12,CY12,"ALGO ESTA MAL"))))) -> 0 | CZ1046: =LARGE($DA$8:$DA$12,CX1046) -> 0 | DA1046: =IF(CZ1046>0.1%,CZ1046,"Algo Esta Mal") -> 0 | DB1046: =IF(DA1046=CZ1046,CY1046," ") -> 0 | DG1046: 1 | DH1046: =IF(DI1046=DJ8,DH8,IF(DI1046=DJ9,DH9,IF(DI1046=DJ10,DH10,IF(DI1046=DJ11,DH11,IF(DI1046=DJ12,DH12,"ALGO ESTA MAL"))))) -> 0 | DI1046: =LARGE($DJ$8:$DJ$12,DG1046) -> 0 | DJ1046: =IF(DI1046>0.1%,DI1046,"Algo Esta Mal") -> 0 | DK1046: =IF(DJ1046=DI1046,DH1046," ") -> 0 | DP1046: 1 | DQ1046: =IF(DR1046=DS8,DQ8,IF(DR1046=DS9,DQ9,IF(DR1046=DS10,DQ10,IF(DR1046=DS11,DQ11,IF(DR1046=DS12,DQ12,"ALGO ESTA MAL"))))) -> 0 | DR1046: =LARGE($DS$8:$DS$12,DP1046) -> 0 | DS1046: =IF(DR1046>0.1%,DR1046,"Algo Esta Mal") -> 0 | DT1046: =IF(DS1046=DR1046,DQ1046," ") -> 0 | DY1046: 1 | DZ1046: =IF(EA1046=EB8,DZ8,IF(EA1046=EB9,DZ9,IF(EA1046=EB10,DZ10,IF(EA1046=EB11,DZ11,IF(EA1046=EB12,DZ12,"ALGO ESTA MAL"))))) -> 0 | EA1046: =LARGE($EB$8:$EB$12,DY1046) -> 0 | EB1046: =IF(EA1046>0.1%,EA1046,"Algo Esta Mal") -> 0 | EC1046: =IF(EB1046=EA1046,DZ1046," ") -> 0 | EH1046: 1 | EI1046: =IF(EJ1046=EK8,EI8,IF(EJ1046=EK9,EI9,IF(EJ1046=EK10,EI10,IF(EJ1046=EK11,EI11,IF(EJ1046=EK12,EI12,"ALGO ESTA MAL"))))) -> 0 | EJ1046: =LARGE($EK$8:$EK$12,EH1046) -> 0 | EK1046: =IF(EJ1046>0.1%,EJ1046,"Algo Esta Mal") -> 0 | EL1046: =IF(EK1046=EJ1046,EI1046," ") -> 0 | EQ1046: 1 | ER1046: =IF(ES1046=ET8,ER8,IF(ES1046=ET9,ER9,IF(ES1046=ET10,ER10,IF(ES1046=ET11,ER11,IF(ES1046=ET12,ER12,"ALGO ESTA MAL"))))) -> 0 | ES1046: =LARGE($ET$8:$ET$12,EQ1046) -> 0 | ET1046: =IF(ES1046>0.1%,ES1046,"Algo Esta Mal") -> 0 | EU1046: =IF(ET1046=ES1046,ER1046," ") -> 0 | EZ1046: 1 | FA1046: =IF(FB1046=FC8,FA8,IF(FB1046=FC9,FA9,IF(FB1046=FC10,FA10,IF(FB1046=FC11,FA11,IF(FB1046=FC12,FA12,"ALGO ESTA MAL"))))) -> 0 | FB1046: =LARGE($FC$8:$FC$12,EZ1046) -> 0 | FC1046: =IF(FB1046>0.1%,FB1046,"Algo Esta Mal") -> 0 | FD1046: =IF(FC1046=FB1046,FA1046," ") -> 0 | FI1046: 1 | FJ1046: =IF(FK1046=FL8,FJ8,IF(FK1046=FL9,FJ9,IF(FK1046=FL10,FJ10,IF(FK1046=FL11,FJ11,IF(FK1046=FL12,FJ12,"ALGO ESTA MAL"))))) -> 0 | FK1046: =LARGE($FL$8:$FL$12,FI1046) -> 0 | FL1046: =IF(FK1046>0.1%,FK1046,"Algo Esta Mal") -> 0 | FM1046: =IF(FL1046=FK1046,FJ1046," ") -> 0 | FR1046: 1 | FS1046: =IF(FT1046=FU8,FS8,IF(FT1046=FU9,FS9,IF(FT1046=FU10,FS10,IF(FT1046=FU11,FS11,IF(FT1046=FU12,FS12,"ALGO ESTA MAL"))))) -> 0 | FT1046: =LARGE($FU$8:$FU$12,FR1046) -> 0 | FU1046: =IF(FT1046>0.1%,FT1046,"Algo Esta Mal") -> 0 | FV1046: =IF(FU1046=FT1046,FS1046," ") -> 0 | GA1046: 1 | GB1046: =IF(GC1046=GD8,GB8,IF(GC1046=GD9,GB9,IF(GC1046=GD10,GB10,IF(GC1046=GD11,GB11,IF(GC1046=GD12,GB12,"ALGO ESTA MAL"))))) -> 0 | GC1046: =LARGE($GD$8:$GD$12,GA1046) -> 0 | GD1046: =IF(GC1046>0.1%,GC1046,"Algo Esta Mal") -> 0 | GE1046: =IF(GD1046=GC1046,GB1046," ") -> 0 | GJ1046: 1 | GK1046: =IF(GL1046=GM8,GK8,IF(GL1046=GM9,GK9,IF(GL1046=GM10,GK10,IF(GL1046=GM11,GK11,IF(GL1046=GM12,GK12,"ALGO ESTA MAL"))))) -> 0 | GL1046: =LARGE($GM$8:$GM$12,GJ1046) -> 0 | GM1046: =IF(GL1046>0.1%,GL1046,"Algo Esta Mal") -> 0 | GN1046: =IF(GM1046=GL1046,GK1046," ") -> 0 | GS1046: 1 | GT1046: =IF(GU1046=GV8,GT8,IF(GU1046=GV9,GT9,IF(GU1046=GV10,GT10,IF(GU1046=GV11,GT11,IF(GU1046=GV12,GT12,"ALGO ESTA MAL"))))) -> 0 | GU1046: =LARGE($GV$8:$GV$12,GS1046) -> 0 | GV1046: =IF(GU1046>0.1%,GU1046,"Algo Esta Mal") -> 0 | GW1046: =IF(GV1046=GU1046,GT1046," ") -> 0 | HB1046: 1 | HC1046: =IF(HD1046=HE8,HC8,IF(HD1046=HE9,HC9,IF(HD1046=HE10,HC10,IF(HD1046=HE11,HC11,IF(HD1046=HE12,HC12,"ALGO ESTA MAL"))))) -> 0 | HD1046: =LARGE($HE$8:$HE$12,HB1046) -> 0 | HE1046: =IF(HD1046>0.1%,HD1046,"Algo Esta Mal") -> 0 | HF1046: =IF(HE1046=HD1046,HC1046," ") -> 0
C1047: 2 | D1047: =IF(E1047=F8,D8,IF(E1047=F9,D9,IF(E1047=F10,D10,IF(E1047=F11,D11,IF(E1047=F12,D12,"ALGO ESTA MAL"))))) -> 0 | E1047: =LARGE($F$8:$F$12,C1047) -> 0 | F1047: =IF(E1047>0.1%,E1047,"Algo Esta Mal") -> 0 | G1047: =IF(F1047=E1047,D1047," ") -> 0 | L1047: 2 | M1047: =IF(N1047=O8,M8,IF(N1047=O9,M9,IF(N1047=O10,M10,IF(N1047=O11,M11,IF(N1047=O12,M12,"ALGO ESTA MAL"))))) -> 0 | N1047: =LARGE($O$8:$O$12,L1047) -> 0 | O1047: =IF(N1047>0.1%,N1047,"Algo Esta Mal") -> 0 | P1047: =IF(O1047=N1047,M1047," ") -> 0 | U1047: 2 | V1047: =IF(W1047=X8,V8,IF(W1047=X9,V9,IF(W1047=X10,V10,IF(W1047=X11,V11,IF(W1047=X12,V12,"ALGO ESTA MAL"))))) -> 0 | W1047: =LARGE($X$8:$X$12,U1047) -> 0 | X1047: =IF(W1047>0.1%,W1047,"Algo Esta Mal") -> 0 | Y1047: =IF(X1047=W1047,V1047," ") -> 0 | AD1047: 2 | AE1047: =IF(AF1047=AG8,AE8,IF(AF1047=AG9,AE9,IF(AF1047=AG10,AE10,IF(AF1047=AG11,AE11,IF(AF1047=AG12,AE12,"ALGO ESTA MAL"))))) -> 0 | AF1047: =LARGE($AG$8:$AG$12,AD1047) -> 0 | AG1047: =IF(AF1047>0.1%,AF1047,"Algo Esta Mal") -> 0 | AH1047: =IF(AG1047=AF1047,AE1047," ") -> 0 | AM1047: 2 | AN1047: =IF(AO1047=AP8,AN8,IF(AO1047=AP9,AN9,IF(AO1047=AP10,AN10,IF(AO1047=AP11,AN11,IF(AO1047=AP12,AN12,"ALGO ESTA MAL"))))) -> 0 | AO1047: =LARGE($AP$8:$AP$12,AM1047) -> 0 | AP1047: =IF(AO1047>0.1%,AO1047,"Algo Esta Mal") -> 0 | AQ1047: =IF(AP1047=AO1047,AN1047," ") -> 0 | AV1047: 2 | AW1047: =IF(AX1047=AY8,AW8,IF(AX1047=AY9,AW9,IF(AX1047=AY10,AW10,IF(AX1047=AY11,AW11,IF(AX1047=AY12,AW12,"ALGO ESTA MAL"))))) -> 0 | AX1047: =LARGE($AY$8:$AY$12,AV1047) -> 0 | AY1047: =IF(AX1047>0.1%,AX1047,"Algo Esta Mal") -> 0 | AZ1047: =IF(AY1047=AX1047,AW1047," ") -> 0 | BE1047: 2 | BF1047: =IF(BG1047=BH8,BF8,IF(BG1047=BH9,BF9,IF(BG1047=BH10,BF10,IF(BG1047=BH11,BF11,IF(BG1047=BH12,BF12,"ALGO ESTA MAL"))))) -> 0 | BG1047: =LARGE($BH$8:$BH$12,BE1047) -> 0 | BH1047: =IF(BG1047>0.1%,BG1047,"Algo Esta Mal") -> 0 | BI1047: =IF(BH1047=BG1047,BF1047," ") -> 0 | BN1047: 2 | BO1047: =IF(BP1047=BQ8,BO8,IF(BP1047=BQ9,BO9,IF(BP1047=BQ10,BO10,IF(BP1047=BQ11,BO11,IF(BP1047=BQ12,BO12,"ALGO ESTA MAL"))))) -> 0 | BP1047: =LARGE($BQ$8:$BQ$12,BN1047) -> 0 | BQ1047: =IF(BP1047>0.1%,BP1047,"Algo Esta Mal") -> 0 | BR1047: =IF(BQ1047=BP1047,BO1047," ") -> 0 | BW1047: 2 | BX1047: =IF(BY1047=BZ8,BX8,IF(BY1047=BZ9,BX9,IF(BY1047=BZ10,BX10,IF(BY1047=BZ11,BX11,IF(BY1047=BZ12,BX12,"ALGO ESTA MAL"))))) -> 0 | BY1047: =LARGE($BZ$8:$BZ$12,BW1047) -> 0 | BZ1047: =IF(BY1047>0.1%,BY1047,"Algo Esta Mal") -> 0 | CA1047: =IF(BZ1047=BY1047,BX1047," ") -> 0 | CF1047: 2 | CG1047: =IF(CH1047=CI8,CG8,IF(CH1047=CI9,CG9,IF(CH1047=CI10,CG10,IF(CH1047=CI11,CG11,IF(CH1047=CI12,CG12,"ALGO ESTA MAL"))))) -> 0 | CH1047: =LARGE($CI$8:$CI$12,CF1047) -> 0 | CI1047: =IF(CH1047>0.1%,CH1047,"Algo Esta Mal") -> 0 | CJ1047: =IF(CI1047=CH1047,CG1047," ") -> 0 | CO1047: 2 | CP1047: =IF(CQ1047=CR8,CP8,IF(CQ1047=CR9,CP9,IF(CQ1047=CR10,CP10,IF(CQ1047=CR11,CP11,IF(CQ1047=CR12,CP12,"ALGO ESTA MAL"))))) -> 0 | CQ1047: =LARGE($CR$8:$CR$12,CO1047) -> 0 | CR1047: =IF(CQ1047>0.1%,CQ1047,"Algo Esta Mal") -> 0 | CS1047: =IF(CR1047=CQ1047,CP1047," ") -> 0 | CX1047: 2 | CY1047: =IF(CZ1047=DA8,CY8,IF(CZ1047=DA9,CY9,IF(CZ1047=DA10,CY10,IF(CZ1047=DA11,CY11,IF(CZ1047=DA12,CY12,"ALGO ESTA MAL"))))) -> 0 | CZ1047: =LARGE($DA$8:$DA$12,CX1047) -> 0 | DA1047: =IF(CZ1047>0.1%,CZ1047,"Algo Esta Mal") -> 0 | DB1047: =IF(DA1047=CZ1047,CY1047," ") -> 0 | DG1047: 2 | DH1047: =IF(DI1047=DJ8,DH8,IF(DI1047=DJ9,DH9,IF(DI1047=DJ10,DH10,IF(DI1047=DJ11,DH11,IF(DI1047=DJ12,DH12,"ALGO ESTA MAL"))))) -> 0 | DI1047: =LARGE($DJ$8:$DJ$12,DG1047) -> 0 | DJ1047: =IF(DI1047>0.1%,DI1047,"Algo Esta Mal") -> 0 | DK1047: =IF(DJ1047=DI1047,DH1047," ") -> 0 | DP1047: 2 | DQ1047: =IF(DR1047=DS8,DQ8,IF(DR1047=DS9,DQ9,IF(DR1047=DS10,DQ10,IF(DR1047=DS11,DQ11,IF(DR1047=DS12,DQ12,"ALGO ESTA MAL"))))) -> 0 | DR1047: =LARGE($DS$8:$DS$12,DP1047) -> 0 | DS1047: =IF(DR1047>0.1%,DR1047,"Algo Esta Mal") -> 0 | DT1047: =IF(DS1047=DR1047,DQ1047," ") -> 0 | DY1047: 2 | DZ1047: =IF(EA1047=EB8,DZ8,IF(EA1047=EB9,DZ9,IF(EA1047=EB10,DZ10,IF(EA1047=EB11,DZ11,IF(EA1047=EB12,DZ12,"ALGO ESTA MAL"))))) -> 0 | EA1047: =LARGE($EB$8:$EB$12,DY1047) -> 0 | EB1047: =IF(EA1047>0.1%,EA1047,"Algo Esta Mal") -> 0 | EC1047: =IF(EB1047=EA1047,DZ1047," ") -> 0 | EH1047: 2 | EI1047: =IF(EJ1047=EK8,EI8,IF(EJ1047=EK9,EI9,IF(EJ1047=EK10,EI10,IF(EJ1047=EK11,EI11,IF(EJ1047=EK12,EI12,"ALGO ESTA MAL"))))) -> 0 | EJ1047: =LARGE($EK$8:$EK$12,EH1047) -> 0 | EK1047: =IF(EJ1047>0.1%,EJ1047,"Algo Esta Mal") -> 0 | EL1047: =IF(EK1047=EJ1047,EI1047," ") -> 0 | EQ1047: 2 | ER1047: =IF(ES1047=ET8,ER8,IF(ES1047=ET9,ER9,IF(ES1047=ET10,ER10,IF(ES1047=ET11,ER11,IF(ES1047=ET12,ER12,"ALGO ESTA MAL"))))) -> 0 | ES1047: =LARGE($ET$8:$ET$12,EQ1047) -> 0 | ET1047: =IF(ES1047>0.1%,ES1047,"Algo Esta Mal") -> 0 | EU1047: =IF(ET1047=ES1047,ER1047," ") -> 0 | EZ1047: 2 | FA1047: =IF(FB1047=FC8,FA8,IF(FB1047=FC9,FA9,IF(FB1047=FC10,FA10,IF(FB1047=FC11,FA11,IF(FB1047=FC12,FA12,"ALGO ESTA MAL"))))) -> 0 | FB1047: =LARGE($FC$8:$FC$12,EZ1047) -> 0 | FC1047: =IF(FB1047>0.1%,FB1047,"Algo Esta Mal") -> 0 | FD1047: =IF(FC1047=FB1047,FA1047," ") -> 0 | FI1047: 2 | FJ1047: =IF(FK1047=FL8,FJ8,IF(FK1047=FL9,FJ9,IF(FK1047=FL10,FJ10,IF(FK1047=FL11,FJ11,IF(FK1047=FL12,FJ12,"ALGO ESTA MAL"))))) -> 0 | FK1047: =LARGE($FL$8:$FL$12,FI1047) -> 0 | FL1047: =IF(FK1047>0.1%,FK1047,"Algo Esta Mal") -> 0 | FM1047: =IF(FL1047=FK1047,FJ1047," ") -> 0 | FR1047: 2 | FS1047: =IF(FT1047=FU8,FS8,IF(FT1047=FU9,FS9,IF(FT1047=FU10,FS10,IF(FT1047=FU11,FS11,IF(FT1047=FU12,FS12,"ALGO ESTA MAL"))))) -> 0 | FT1047: =LARGE($FU$8:$FU$12,FR1047) -> 0 | FU1047: =IF(FT1047>0.1%,FT1047,"Algo Esta Mal") -> 0 | FV1047: =IF(FU1047=FT1047,FS1047," ") -> 0 | GA1047: 2 | GB1047: =IF(GC1047=GD8,GB8,IF(GC1047=GD9,GB9,IF(GC1047=GD10,GB10,IF(GC1047=GD11,GB11,IF(GC1047=GD12,GB12,"ALGO ESTA MAL"))))) -> 0 | GC1047: =LARGE($GD$8:$GD$12,GA1047) -> 0 | GD1047: =IF(GC1047>0.1%,GC1047,"Algo Esta Mal") -> 0 | GE1047: =IF(GD1047=GC1047,GB1047," ") -> 0 | GJ1047: 2 | GK1047: =IF(GL1047=GM8,GK8,IF(GL1047=GM9,GK9,IF(GL1047=GM10,GK10,IF(GL1047=GM11,GK11,IF(GL1047=GM12,GK12,"ALGO ESTA MAL"))))) -> 0 | GL1047: =LARGE($GM$8:$GM$12,GJ1047) -> 0 | GM1047: =IF(GL1047>0.1%,GL1047,"Algo Esta Mal") -> 0 | GN1047: =IF(GM1047=GL1047,GK1047," ") -> 0 | GS1047: 2 | GT1047: =IF(GU1047=GV8,GT8,IF(GU1047=GV9,GT9,IF(GU1047=GV10,GT10,IF(GU1047=GV11,GT11,IF(GU1047=GV12,GT12,"ALGO ESTA MAL"))))) -> 0 | GU1047: =LARGE($GV$8:$GV$12,GS1047) -> 0 | GV1047: =IF(GU1047>0.1%,GU1047,"Algo Esta Mal") -> 0 | GW1047: =IF(GV1047=GU1047,GT1047," ") -> 0 | HB1047: 2 | HC1047: =IF(HD1047=HE8,HC8,IF(HD1047=HE9,HC9,IF(HD1047=HE10,HC10,IF(HD1047=HE11,HC11,IF(HD1047=HE12,HC12,"ALGO ESTA MAL"))))) -> 0 | HD1047: =LARGE($HE$8:$HE$12,HB1047) -> 0 | HE1047: =IF(HD1047>0.1%,HD1047,"Algo Esta Mal") -> 0 | HF1047: =IF(HE1047=HD1047,HC1047," ") -> 0
C1048: 3 | D1048: =IF(E1048=F8,D8,IF(E1048=F9,D9,IF(E1048=F10,D10,IF(E1048=F11,D11,IF(E1048=F12,D12,"ALGO ESTA MAL"))))) -> 0 | E1048: =LARGE($F$8:$F$12,C1048) -> 0 | F1048: =IF(E1048>0.1%,E1048,"Algo Esta Mal") -> 0 | G1048: =IF(F1048=E1048,D1048," ") -> 0 | L1048: 3 | M1048: =IF(N1048=O8,M8,IF(N1048=O9,M9,IF(N1048=O10,M10,IF(N1048=O11,M11,IF(N1048=O12,M12,"ALGO ESTA MAL"))))) -> 0 | N1048: =LARGE($O$8:$O$12,L1048) -> 0 | O1048: =IF(N1048>0.1%,N1048,"Algo Esta Mal") -> 0 | P1048: =IF(O1048=N1048,M1048," ") -> 0 | U1048: 3 | V1048: =IF(W1048=X8,V8,IF(W1048=X9,V9,IF(W1048=X10,V10,IF(W1048=X11,V11,IF(W1048=X12,V12,"ALGO ESTA MAL"))))) -> 0 | W1048: =LARGE($X$8:$X$12,U1048) -> 0 | X1048: =IF(W1048>0.1%,W1048,"Algo Esta Mal") -> 0 | Y1048: =IF(X1048=W1048,V1048," ") -> 0 | AD1048: 3 | AE1048: =IF(AF1048=AG8,AE8,IF(AF1048=AG9,AE9,IF(AF1048=AG10,AE10,IF(AF1048=AG11,AE11,IF(AF1048=AG12,AE12,"ALGO ESTA MAL"))))) -> 0 | AF1048: =LARGE($AG$8:$AG$12,AD1048) -> 0 | AG1048: =IF(AF1048>0.1%,AF1048,"Algo Esta Mal") -> 0 | AH1048: =IF(AG1048=AF1048,AE1048," ") -> 0 | AM1048: 3 | AN1048: =IF(AO1048=AP8,AN8,IF(AO1048=AP9,AN9,IF(AO1048=AP10,AN10,IF(AO1048=AP11,AN11,IF(AO1048=AP12,AN12,"ALGO ESTA MAL"))))) -> 0 | AO1048: =LARGE($AP$8:$AP$12,AM1048) -> 0 | AP1048: =IF(AO1048>0.1%,AO1048,"Algo Esta Mal") -> 0 | AQ1048: =IF(AP1048=AO1048,AN1048," ") -> 0 | AV1048: 3 | AW1048: =IF(AX1048=AY8,AW8,IF(AX1048=AY9,AW9,IF(AX1048=AY10,AW10,IF(AX1048=AY11,AW11,IF(AX1048=AY12,AW12,"ALGO ESTA MAL"))))) -> 0 | AX1048: =LARGE($AY$8:$AY$12,AV1048) -> 0 | AY1048: =IF(AX1048>0.1%,AX1048,"Algo Esta Mal") -> 0 | AZ1048: =IF(AY1048=AX1048,AW1048," ") -> 0 | BE1048: 3 | BF1048: =IF(BG1048=BH8,BF8,IF(BG1048=BH9,BF9,IF(BG1048=BH10,BF10,IF(BG1048=BH11,BF11,IF(BG1048=BH12,BF12,"ALGO ESTA MAL"))))) -> 0 | BG1048: =LARGE($BH$8:$BH$12,BE1048) -> 0 | BH1048: =IF(BG1048>0.1%,BG1048,"Algo Esta Mal") -> 0 | BI1048: =IF(BH1048=BG1048,BF1048," ") -> 0 | BN1048: 3 | BO1048: =IF(BP1048=BQ8,BO8,IF(BP1048=BQ9,BO9,IF(BP1048=BQ10,BO10,IF(BP1048=BQ11,BO11,IF(BP1048=BQ12,BO12,"ALGO ESTA MAL"))))) -> 0 | BP1048: =LARGE($BQ$8:$BQ$12,BN1048) -> 0 | BQ1048: =IF(BP1048>0.1%,BP1048,"Algo Esta Mal") -> 0 | BR1048: =IF(BQ1048=BP1048,BO1048," ") -> 0 | BW1048: 3 | BX1048: =IF(BY1048=BZ8,BX8,IF(BY1048=BZ9,BX9,IF(BY1048=BZ10,BX10,IF(BY1048=BZ11,BX11,IF(BY1048=BZ12,BX12,"ALGO ESTA MAL"))))) -> 0 | BY1048: =LARGE($BZ$8:$BZ$12,BW1048) -> 0 | BZ1048: =IF(BY1048>0.1%,BY1048,"Algo Esta Mal") -> 0 | CA1048: =IF(BZ1048=BY1048,BX1048," ") -> 0 | CF1048: 3 | CG1048: =IF(CH1048=CI8,CG8,IF(CH1048=CI9,CG9,IF(CH1048=CI10,CG10,IF(CH1048=CI11,CG11,IF(CH1048=CI12,CG12,"ALGO ESTA MAL"))))) -> 0 | CH1048: =LARGE($CI$8:$CI$12,CF1048) -> 0 | CI1048: =IF(CH1048>0.1%,CH1048,"Algo Esta Mal") -> 0 | CJ1048: =IF(CI1048=CH1048,CG1048," ") -> 0 | CO1048: 3 | CP1048: =IF(CQ1048=CR8,CP8,IF(CQ1048=CR9,CP9,IF(CQ1048=CR10,CP10,IF(CQ1048=CR11,CP11,IF(CQ1048=CR12,CP12,"ALGO ESTA MAL"))))) -> 0 | CQ1048: =LARGE($CR$8:$CR$12,CO1048) -> 0 | CR1048: =IF(CQ1048>0.1%,CQ1048,"Algo Esta Mal") -> 0 | CS1048: =IF(CR1048=CQ1048,CP1048," ") -> 0 | CX1048: 3 | CY1048: =IF(CZ1048=DA8,CY8,IF(CZ1048=DA9,CY9,IF(CZ1048=DA10,CY10,IF(CZ1048=DA11,CY11,IF(CZ1048=DA12,CY12,"ALGO ESTA MAL"))))) -> 0 | CZ1048: =LARGE($DA$8:$DA$12,CX1048) -> 0 | DA1048: =IF(CZ1048>0.1%,CZ1048,"Algo Esta Mal") -> 0 | DB1048: =IF(DA1048=CZ1048,CY1048," ") -> 0 | DG1048: 3 | DH1048: =IF(DI1048=DJ8,DH8,IF(DI1048=DJ9,DH9,IF(DI1048=DJ10,DH10,IF(DI1048=DJ11,DH11,IF(DI1048=DJ12,DH12,"ALGO ESTA MAL"))))) -> 0 | DI1048: =LARGE($DJ$8:$DJ$12,DG1048) -> 0 | DJ1048: =IF(DI1048>0.1%,DI1048,"Algo Esta Mal") -> 0 | DK1048: =IF(DJ1048=DI1048,DH1048," ") -> 0 | DP1048: 3 | DQ1048: =IF(DR1048=DS8,DQ8,IF(DR1048=DS9,DQ9,IF(DR1048=DS10,DQ10,IF(DR1048=DS11,DQ11,IF(DR1048=DS12,DQ12,"ALGO ESTA MAL"))))) -> 0 | DR1048: =LARGE($DS$8:$DS$12,DP1048) -> 0 | DS1048: =IF(DR1048>0.1%,DR1048,"Algo Esta Mal") -> 0 | DT1048: =IF(DS1048=DR1048,DQ1048," ") -> 0 | DY1048: 3 | DZ1048: =IF(EA1048=EB8,DZ8,IF(EA1048=EB9,DZ9,IF(EA1048=EB10,DZ10,IF(EA1048=EB11,DZ11,IF(EA1048=EB12,DZ12,"ALGO ESTA MAL"))))) -> 0 | EA1048: =LARGE($EB$8:$EB$12,DY1048) -> 0 | EB1048: =IF(EA1048>0.1%,EA1048,"Algo Esta Mal") -> 0 | EC1048: =IF(EB1048=EA1048,DZ1048," ") -> 0 | EH1048: 3 | EI1048: =IF(EJ1048=EK8,EI8,IF(EJ1048=EK9,EI9,IF(EJ1048=EK10,EI10,IF(EJ1048=EK11,EI11,IF(EJ1048=EK12,EI12,"ALGO ESTA MAL"))))) -> 0 | EJ1048: =LARGE($EK$8:$EK$12,EH1048) -> 0 | EK1048: =IF(EJ1048>0.1%,EJ1048,"Algo Esta Mal") -> 0 | EL1048: =IF(EK1048=EJ1048,EI1048," ") -> 0 | EQ1048: 3 | ER1048: =IF(ES1048=ET8,ER8,IF(ES1048=ET9,ER9,IF(ES1048=ET10,ER10,IF(ES1048=ET11,ER11,IF(ES1048=ET12,ER12,"ALGO ESTA MAL"))))) -> 0 | ES1048: =LARGE($ET$8:$ET$12,EQ1048) -> 0 | ET1048: =IF(ES1048>0.1%,ES1048,"Algo Esta Mal") -> 0 | EU1048: =IF(ET1048=ES1048,ER1048," ") -> 0 | EZ1048: 3 | FA1048: =IF(FB1048=FC8,FA8,IF(FB1048=FC9,FA9,IF(FB1048=FC10,FA10,IF(FB1048=FC11,FA11,IF(FB1048=FC12,FA12,"ALGO ESTA MAL"))))) -> 0 | FB1048: =LARGE($FC$8:$FC$12,EZ1048) -> 0 | FC1048: =IF(FB1048>0.1%,FB1048,"Algo Esta Mal") -> 0 | FD1048: =IF(FC1048=FB1048,FA1048," ") -> 0 | FI1048: 3 | FJ1048: =IF(FK1048=FL8,FJ8,IF(FK1048=FL9,FJ9,IF(FK1048=FL10,FJ10,IF(FK1048=FL11,FJ11,IF(FK1048=FL12,FJ12,"ALGO ESTA MAL"))))) -> 0 | FK1048: =LARGE($FL$8:$FL$12,FI1048) -> 0 | FL1048: =IF(FK1048>0.1%,FK1048,"Algo Esta Mal") -> 0 | FM1048: =IF(FL1048=FK1048,FJ1048," ") -> 0 | FR1048: 3 | FS1048: =IF(FT1048=FU8,FS8,IF(FT1048=FU9,FS9,IF(FT1048=FU10,FS10,IF(FT1048=FU11,FS11,IF(FT1048=FU12,FS12,"ALGO ESTA MAL"))))) -> 0 | FT1048: =LARGE($FU$8:$FU$12,FR1048) -> 0 | FU1048: =IF(FT1048>0.1%,FT1048,"Algo Esta Mal") -> 0 | FV1048: =IF(FU1048=FT1048,FS1048," ") -> 0 | GA1048: 3 | GB1048: =IF(GC1048=GD8,GB8,IF(GC1048=GD9,GB9,IF(GC1048=GD10,GB10,IF(GC1048=GD11,GB11,IF(GC1048=GD12,GB12,"ALGO ESTA MAL"))))) -> 0 | GC1048: =LARGE($GD$8:$GD$12,GA1048) -> 0 | GD1048: =IF(GC1048>0.1%,GC1048,"Algo Esta Mal") -> 0 | GE1048: =IF(GD1048=GC1048,GB1048," ") -> 0 | GJ1048: 3 | GK1048: =IF(GL1048=GM8,GK8,IF(GL1048=GM9,GK9,IF(GL1048=GM10,GK10,IF(GL1048=GM11,GK11,IF(GL1048=GM12,GK12,"ALGO ESTA MAL"))))) -> 0 | GL1048: =LARGE($GM$8:$GM$12,GJ1048) -> 0 | GM1048: =IF(GL1048>0.1%,GL1048,"Algo Esta Mal") -> 0 | GN1048: =IF(GM1048=GL1048,GK1048," ") -> 0 | GS1048: 3 | GT1048: =IF(GU1048=GV8,GT8,IF(GU1048=GV9,GT9,IF(GU1048=GV10,GT10,IF(GU1048=GV11,GT11,IF(GU1048=GV12,GT12,"ALGO ESTA MAL"))))) -> 0 | GU1048: =LARGE($GV$8:$GV$12,GS1048) -> 0 | GV1048: =IF(GU1048>0.1%,GU1048,"Algo Esta Mal") -> 0 | GW1048: =IF(GV1048=GU1048,GT1048," ") -> 0 | HB1048: 3 | HC1048: =IF(HD1048=HE8,HC8,IF(HD1048=HE9,HC9,IF(HD1048=HE10,HC10,IF(HD1048=HE11,HC11,IF(HD1048=HE12,HC12,"ALGO ESTA MAL"))))) -> 0 | HD1048: =LARGE($HE$8:$HE$12,HB1048) -> 0 | HE1048: =IF(HD1048>0.1%,HD1048,"Algo Esta Mal") -> 0 | HF1048: =IF(HE1048=HD1048,HC1048," ") -> 0
C1049: 4 | D1049: =IF(E1049=F8,D8,IF(E1049=F9,D9,IF(E1049=F10,D10,IF(E1049=F11,D11,IF(E1049=F12,D12,"ALGO ESTA MAL"))))) -> 0 | E1049: =LARGE($F$8:$F$12,C1049) -> 0 | F1049: =IF(E1049>0.1%,E1049,"Algo Esta Mal") -> 0 | G1049: =IF(F1049=E1049,D1049," ") -> 0 | L1049: 4 | M1049: =IF(N1049=O8,M8,IF(N1049=O9,M9,IF(N1049=O10,M10,IF(N1049=O11,M11,IF(N1049=O12,M12,"ALGO ESTA MAL"))))) -> 0 | N1049: =LARGE($O$8:$O$12,L1049) -> 0 | O1049: =IF(N1049>0.1%,N1049,"Algo Esta Mal") -> 0 | P1049: =IF(O1049=N1049,M1049," ") -> 0 | U1049: 4 | V1049: =IF(W1049=X8,V8,IF(W1049=X9,V9,IF(W1049=X10,V10,IF(W1049=X11,V11,IF(W1049=X12,V12,"ALGO ESTA MAL"))))) -> 0 | W1049: =LARGE($X$8:$X$12,U1049) -> 0 | X1049: =IF(W1049>0.1%,W1049,"Algo Esta Mal") -> 0 | Y1049: =IF(X1049=W1049,V1049," ") -> 0 | AD1049: 4 | AE1049: =IF(AF1049=AG8,AE8,IF(AF1049=AG9,AE9,IF(AF1049=AG10,AE10,IF(AF1049=AG11,AE11,IF(AF1049=AG12,AE12,"ALGO ESTA MAL"))))) -> 0 | AF1049: =LARGE($AG$8:$AG$12,AD1049) -> 0 | AG1049: =IF(AF1049>0.1%,AF1049,"Algo Esta Mal") -> 0 | AH1049: =IF(AG1049=AF1049,AE1049," ") -> 0 | AM1049: 4 | AN1049: =IF(AO1049=AP8,AN8,IF(AO1049=AP9,AN9,IF(AO1049=AP10,AN10,IF(AO1049=AP11,AN11,IF(AO1049=AP12,AN12,"ALGO ESTA MAL"))))) -> 0 | AO1049: =LARGE($AP$8:$AP$12,AM1049) -> 0 | AP1049: =IF(AO1049>0.1%,AO1049,"Algo Esta Mal") -> 0 | AQ1049: =IF(AP1049=AO1049,AN1049," ") -> 0 | AV1049: 4 | AW1049: =IF(AX1049=AY8,AW8,IF(AX1049=AY9,AW9,IF(AX1049=AY10,AW10,IF(AX1049=AY11,AW11,IF(AX1049=AY12,AW12,"ALGO ESTA MAL"))))) -> 0 | AX1049: =LARGE($AY$8:$AY$12,AV1049) -> 0 | AY1049: =IF(AX1049>0.1%,AX1049,"Algo Esta Mal") -> 0 | AZ1049: =IF(AY1049=AX1049,AW1049," ") -> 0 | BE1049: 4 | BF1049: =IF(BG1049=BH8,BF8,IF(BG1049=BH9,BF9,IF(BG1049=BH10,BF10,IF(BG1049=BH11,BF11,IF(BG1049=BH12,BF12,"ALGO ESTA MAL"))))) -> 0 | BG1049: =LARGE($BH$8:$BH$12,BE1049) -> 0 | BH1049: =IF(BG1049>0.1%,BG1049,"Algo Esta Mal") -> 0 | BI1049: =IF(BH1049=BG1049,BF1049," ") -> 0 | BN1049: 4 | BO1049: =IF(BP1049=BQ8,BO8,IF(BP1049=BQ9,BO9,IF(BP1049=BQ10,BO10,IF(BP1049=BQ11,BO11,IF(BP1049=BQ12,BO12,"ALGO ESTA MAL"))))) -> 0 | BP1049: =LARGE($BQ$8:$BQ$12,BN1049) -> 0 | BQ1049: =IF(BP1049>0.1%,BP1049,"Algo Esta Mal") -> 0 | BR1049: =IF(BQ1049=BP1049,BO1049," ") -> 0 | BW1049: 4 | BX1049: =IF(BY1049=BZ8,BX8,IF(BY1049=BZ9,BX9,IF(BY1049=BZ10,BX10,IF(BY1049=BZ11,BX11,IF(BY1049=BZ12,BX12,"ALGO ESTA MAL"))))) -> 0 | BY1049: =LARGE($BZ$8:$BZ$12,BW1049) -> 0 | BZ1049: =IF(BY1049>0.1%,BY1049,"Algo Esta Mal") -> 0 | CA1049: =IF(BZ1049=BY1049,BX1049," ") -> 0 | CF1049: 4 | CG1049: =IF(CH1049=CI8,CG8,IF(CH1049=CI9,CG9,IF(CH1049=CI10,CG10,IF(CH1049=CI11,CG11,IF(CH1049=CI12,CG12,"ALGO ESTA MAL"))))) -> 0 | CH1049: =LARGE($CI$8:$CI$12,CF1049) -> 0 | CI1049: =IF(CH1049>0.1%,CH1049,"Algo Esta Mal") -> 0 | CJ1049: =IF(CI1049=CH1049,CG1049," ") -> 0 | CO1049: 4 | CP1049: =IF(CQ1049=CR8,CP8,IF(CQ1049=CR9,CP9,IF(CQ1049=CR10,CP10,IF(CQ1049=CR11,CP11,IF(CQ1049=CR12,CP12,"ALGO ESTA MAL"))))) -> 0 | CQ1049: =LARGE($CR$8:$CR$12,CO1049) -> 0 | CR1049: =IF(CQ1049>0.1%,CQ1049,"Algo Esta Mal") -> 0 | CS1049: =IF(CR1049=CQ1049,CP1049," ") -> 0 | CX1049: 4 | CY1049: =IF(CZ1049=DA8,CY8,IF(CZ1049=DA9,CY9,IF(CZ1049=DA10,CY10,IF(CZ1049=DA11,CY11,IF(CZ1049=DA12,CY12,"ALGO ESTA MAL"))))) -> 0 | CZ1049: =LARGE($DA$8:$DA$12,CX1049) -> 0 | DA1049: =IF(CZ1049>0.1%,CZ1049,"Algo Esta Mal") -> 0 | DB1049: =IF(DA1049=CZ1049,CY1049," ") -> 0 | DG1049: 4 | DH1049: =IF(DI1049=DJ8,DH8,IF(DI1049=DJ9,DH9,IF(DI1049=DJ10,DH10,IF(DI1049=DJ11,DH11,IF(DI1049=DJ12,DH12,"ALGO ESTA MAL"))))) -> 0 | DI1049: =LARGE($DJ$8:$DJ$12,DG1049) -> 0 | DJ1049: =IF(DI1049>0.1%,DI1049,"Algo Esta Mal") -> 0 | DK1049: =IF(DJ1049=DI1049,DH1049," ") -> 0 | DP1049: 4 | DQ1049: =IF(DR1049=DS8,DQ8,IF(DR1049=DS9,DQ9,IF(DR1049=DS10,DQ10,IF(DR1049=DS11,DQ11,IF(DR1049=DS12,DQ12,"ALGO ESTA MAL"))))) -> 0 | DR1049: =LARGE($DS$8:$DS$12,DP1049) -> 0 | DS1049: =IF(DR1049>0.1%,DR1049,"Algo Esta Mal") -> 0 | DT1049: =IF(DS1049=DR1049,DQ1049," ") -> 0 | DY1049: 4 | DZ1049: =IF(EA1049=EB8,DZ8,IF(EA1049=EB9,DZ9,IF(EA1049=EB10,DZ10,IF(EA1049=EB11,DZ11,IF(EA1049=EB12,DZ12,"ALGO ESTA MAL"))))) -> 0 | EA1049: =LARGE($EB$8:$EB$12,DY1049) -> 0 | EB1049: =IF(EA1049>0.1%,EA1049,"Algo Esta Mal") -> 0 | EC1049: =IF(EB1049=EA1049,DZ1049," ") -> 0 | EH1049: 4 | EI1049: =IF(EJ1049=EK8,EI8,IF(EJ1049=EK9,EI9,IF(EJ1049=EK10,EI10,IF(EJ1049=EK11,EI11,IF(EJ1049=EK12,EI12,"ALGO ESTA MAL"))))) -> 0 | EJ1049: =LARGE($EK$8:$EK$12,EH1049) -> 0 | EK1049: =IF(EJ1049>0.1%,EJ1049,"Algo Esta Mal") -> 0 | EL1049: =IF(EK1049=EJ1049,EI1049," ") -> 0 | EQ1049: 4 | ER1049: =IF(ES1049=ET8,ER8,IF(ES1049=ET9,ER9,IF(ES1049=ET10,ER10,IF(ES1049=ET11,ER11,IF(ES1049=ET12,ER12,"ALGO ESTA MAL"))))) -> 0 | ES1049: =LARGE($ET$8:$ET$12,EQ1049) -> 0 | ET1049: =IF(ES1049>0.1%,ES1049,"Algo Esta Mal") -> 0 | EU1049: =IF(ET1049=ES1049,ER1049," ") -> 0 | EZ1049: 4 | FA1049: =IF(FB1049=FC8,FA8,IF(FB1049=FC9,FA9,IF(FB1049=FC10,FA10,IF(FB1049=FC11,FA11,IF(FB1049=FC12,FA12,"ALGO ESTA MAL"))))) -> 0 | FB1049: =LARGE($FC$8:$FC$12,EZ1049) -> 0 | FC1049: =IF(FB1049>0.1%,FB1049,"Algo Esta Mal") -> 0 | FD1049: =IF(FC1049=FB1049,FA1049," ") -> 0 | FI1049: 4 | FJ1049: =IF(FK1049=FL8,FJ8,IF(FK1049=FL9,FJ9,IF(FK1049=FL10,FJ10,IF(FK1049=FL11,FJ11,IF(FK1049=FL12,FJ12,"ALGO ESTA MAL"))))) -> 0 | FK1049: =LARGE($FL$8:$FL$12,FI1049) -> 0 | FL1049: =IF(FK1049>0.1%,FK1049,"Algo Esta Mal") -> 0 | FM1049: =IF(FL1049=FK1049,FJ1049," ") -> 0 | FR1049: 4 | FS1049: =IF(FT1049=FU8,FS8,IF(FT1049=FU9,FS9,IF(FT1049=FU10,FS10,IF(FT1049=FU11,FS11,IF(FT1049=FU12,FS12,"ALGO ESTA MAL"))))) -> 0 | FT1049: =LARGE($FU$8:$FU$12,FR1049) -> 0 | FU1049: =IF(FT1049>0.1%,FT1049,"Algo Esta Mal") -> 0 | FV1049: =IF(FU1049=FT1049,FS1049," ") -> 0 | GA1049: 4 | GB1049: =IF(GC1049=GD8,GB8,IF(GC1049=GD9,GB9,IF(GC1049=GD10,GB10,IF(GC1049=GD11,GB11,IF(GC1049=GD12,GB12,"ALGO ESTA MAL"))))) -> 0 | GC1049: =LARGE($GD$8:$GD$12,GA1049) -> 0 | GD1049: =IF(GC1049>0.1%,GC1049,"Algo Esta Mal") -> 0 | GE1049: =IF(GD1049=GC1049,GB1049," ") -> 0 | GJ1049: 4 | GK1049: =IF(GL1049=GM8,GK8,IF(GL1049=GM9,GK9,IF(GL1049=GM10,GK10,IF(GL1049=GM11,GK11,IF(GL1049=GM12,GK12,"ALGO ESTA MAL"))))) -> 0 | GL1049: =LARGE($GM$8:$GM$12,GJ1049) -> 0 | GM1049: =IF(GL1049>0.1%,GL1049,"Algo Esta Mal") -> 0 | GN1049: =IF(GM1049=GL1049,GK1049," ") -> 0 | GS1049: 4 | GT1049: =IF(GU1049=GV8,GT8,IF(GU1049=GV9,GT9,IF(GU1049=GV10,GT10,IF(GU1049=GV11,GT11,IF(GU1049=GV12,GT12,"ALGO ESTA MAL"))))) -> 0 | GU1049: =LARGE($GV$8:$GV$12,GS1049) -> 0 | GV1049: =IF(GU1049>0.1%,GU1049,"Algo Esta Mal") -> 0 | GW1049: =IF(GV1049=GU1049,GT1049," ") -> 0 | HB1049: 4 | HC1049: =IF(HD1049=HE8,HC8,IF(HD1049=HE9,HC9,IF(HD1049=HE10,HC10,IF(HD1049=HE11,HC11,IF(HD1049=HE12,HC12,"ALGO ESTA MAL"))))) -> 0 | HD1049: =LARGE($HE$8:$HE$12,HB1049) -> 0 | HE1049: =IF(HD1049>0.1%,HD1049,"Algo Esta Mal") -> 0 | HF1049: =IF(HE1049=HD1049,HC1049," ") -> 0
C1050: 5 | D1050: =IF(E1050=F8,D8,IF(E1050=F9,D9,IF(E1050=F10,D10,IF(E1050=F11,D11,IF(E1050=F12,D12,"ALGO ESTA MAL"))))) -> 0 | E1050: =LARGE($F$8:$F$12,C1050) -> 0 | F1050: =IF(E1050>0.1%,E1050,"Algo Esta Mal") -> 0 | G1050: =IF(F1050=E1050,D1050," ") -> 0 | L1050: 5 | M1050: =IF(N1050=O8,M8,IF(N1050=O9,M9,IF(N1050=O10,M10,IF(N1050=O11,M11,IF(N1050=O12,M12,"ALGO ESTA MAL"))))) -> 0 | N1050: =LARGE($O$8:$O$12,L1050) -> 0 | O1050: =IF(N1050>0.1%,N1050,"Algo Esta Mal") -> 0 | P1050: =IF(O1050=N1050,M1050," ") -> 0 | U1050: 5 | V1050: =IF(W1050=X8,V8,IF(W1050=X9,V9,IF(W1050=X10,V10,IF(W1050=X11,V11,IF(W1050=X12,V12,"ALGO ESTA MAL"))))) -> 0 | W1050: =LARGE($X$8:$X$12,U1050) -> 0 | X1050: =IF(W1050>0.1%,W1050,"Algo Esta Mal") -> 0 | Y1050: =IF(X1050=W1050,V1050," ") -> 0 | AD1050: 5 | AE1050: =IF(AF1050=AG8,AE8,IF(AF1050=AG9,AE9,IF(AF1050=AG10,AE10,IF(AF1050=AG11,AE11,IF(AF1050=AG12,AE12,"ALGO ESTA MAL"))))) -> 0 | AF1050: =LARGE($AG$8:$AG$12,AD1050) -> 0 | AG1050: =IF(AF1050>0.1%,AF1050,"Algo Esta Mal") -> 0 | AH1050: =IF(AG1050=AF1050,AE1050," ") -> 0 | AM1050: 5 | AN1050: =IF(AO1050=AP8,AN8,IF(AO1050=AP9,AN9,IF(AO1050=AP10,AN10,IF(AO1050=AP11,AN11,IF(AO1050=AP12,AN12,"ALGO ESTA MAL"))))) -> 0 | AO1050: =LARGE($AP$8:$AP$12,AM1050) -> 0 | AP1050: =IF(AO1050>0.1%,AO1050,"Algo Esta Mal") -> 0 | AQ1050: =IF(AP1050=AO1050,AN1050," ") -> 0 | AV1050: 5 | AW1050: =IF(AX1050=AY8,AW8,IF(AX1050=AY9,AW9,IF(AX1050=AY10,AW10,IF(AX1050=AY11,AW11,IF(AX1050=AY12,AW12,"ALGO ESTA MAL"))))) -> 0 | AX1050: =LARGE($AY$8:$AY$12,AV1050) -> 0 | AY1050: =IF(AX1050>0.1%,AX1050,"Algo Esta Mal") -> 0 | AZ1050: =IF(AY1050=AX1050,AW1050," ") -> 0 | BE1050: 5 | BF1050: =IF(BG1050=BH8,BF8,IF(BG1050=BH9,BF9,IF(BG1050=BH10,BF10,IF(BG1050=BH11,BF11,IF(BG1050=BH12,BF12,"ALGO ESTA MAL"))))) -> 0 | BG1050: =LARGE($BH$8:$BH$12,BE1050) -> 0 | BH1050: =IF(BG1050>0.1%,BG1050,"Algo Esta Mal") -> 0 | BI1050: =IF(BH1050=BG1050,BF1050," ") -> 0 | BN1050: 5 | BO1050: =IF(BP1050=BQ8,BO8,IF(BP1050=BQ9,BO9,IF(BP1050=BQ10,BO10,IF(BP1050=BQ11,BO11,IF(BP1050=BQ12,BO12,"ALGO ESTA MAL"))))) -> 0 | BP1050: =LARGE($BQ$8:$BQ$12,BN1050) -> 0 | BQ1050: =IF(BP1050>0.1%,BP1050,"Algo Esta Mal") -> 0 | BR1050: =IF(BQ1050=BP1050,BO1050," ") -> 0 | BW1050: 5 | BX1050: =IF(BY1050=BZ8,BX8,IF(BY1050=BZ9,BX9,IF(BY1050=BZ10,BX10,IF(BY1050=BZ11,BX11,IF(BY1050=BZ12,BX12,"ALGO ESTA MAL"))))) -> 0 | BY1050: =LARGE($BZ$8:$BZ$12,BW1050) -> 0 | BZ1050: =IF(BY1050>0.1%,BY1050,"Algo Esta Mal") -> 0 | CA1050: =IF(BZ1050=BY1050,BX1050," ") -> 0 | CF1050: 5 | CG1050: =IF(CH1050=CI8,CG8,IF(CH1050=CI9,CG9,IF(CH1050=CI10,CG10,IF(CH1050=CI11,CG11,IF(CH1050=CI12,CG12,"ALGO ESTA MAL"))))) -> 0 | CH1050: =LARGE($CI$8:$CI$12,CF1050) -> 0 | CI1050: =IF(CH1050>0.1%,CH1050,"Algo Esta Mal") -> 0 | CJ1050: =IF(CI1050=CH1050,CG1050," ") -> 0 | CO1050: 5 | CP1050: =IF(CQ1050=CR8,CP8,IF(CQ1050=CR9,CP9,IF(CQ1050=CR10,CP10,IF(CQ1050=CR11,CP11,IF(CQ1050=CR12,CP12,"ALGO ESTA MAL"))))) -> 0 | CQ1050: =LARGE($CR$8:$CR$12,CO1050) -> 0 | CR1050: =IF(CQ1050>0.1%,CQ1050,"Algo Esta Mal") -> 0 | CS1050: =IF(CR1050=CQ1050,CP1050," ") -> 0 | CX1050: 5 | CY1050: =IF(CZ1050=DA8,CY8,IF(CZ1050=DA9,CY9,IF(CZ1050=DA10,CY10,IF(CZ1050=DA11,CY11,IF(CZ1050=DA12,CY12,"ALGO ESTA MAL"))))) -> 0 | CZ1050: =LARGE($DA$8:$DA$12,CX1050) -> 0 | DA1050: =IF(CZ1050>0.1%,CZ1050,"Algo Esta Mal") -> 0 | DB1050: =IF(DA1050=CZ1050,CY1050," ") -> 0 | DG1050: 5 | DH1050: =IF(DI1050=DJ8,DH8,IF(DI1050=DJ9,DH9,IF(DI1050=DJ10,DH10,IF(DI1050=DJ11,DH11,IF(DI1050=DJ12,DH12,"ALGO ESTA MAL"))))) -> 0 | DI1050: =LARGE($DJ$8:$DJ$12,DG1050) -> 0 | DJ1050: =IF(DI1050>0.1%,DI1050,"Algo Esta Mal") -> 0 | DK1050: =IF(DJ1050=DI1050,DH1050," ") -> 0 | DP1050: 5 | DQ1050: =IF(DR1050=DS8,DQ8,IF(DR1050=DS9,DQ9,IF(DR1050=DS10,DQ10,IF(DR1050=DS11,DQ11,IF(DR1050=DS12,DQ12,"ALGO ESTA MAL"))))) -> 0 | DR1050: =LARGE($DS$8:$DS$12,DP1050) -> 0 | DS1050: =IF(DR1050>0.1%,DR1050,"Algo Esta Mal") -> 0 | DT1050: =IF(DS1050=DR1050,DQ1050," ") -> 0 | DY1050: 5 | DZ1050: =IF(EA1050=EB8,DZ8,IF(EA1050=EB9,DZ9,IF(EA1050=EB10,DZ10,IF(EA1050=EB11,DZ11,IF(EA1050=EB12,DZ12,"ALGO ESTA MAL"))))) -> 0 | EA1050: =LARGE($EB$8:$EB$12,DY1050) -> 0 | EB1050: =IF(EA1050>0.1%,EA1050,"Algo Esta Mal") -> 0 | EC1050: =IF(EB1050=EA1050,DZ1050," ") -> 0 | EH1050: 5 | EI1050: =IF(EJ1050=EK8,EI8,IF(EJ1050=EK9,EI9,IF(EJ1050=EK10,EI10,IF(EJ1050=EK11,EI11,IF(EJ1050=EK12,EI12,"ALGO ESTA MAL"))))) -> 0 | EJ1050: =LARGE($EK$8:$EK$12,EH1050) -> 0 | EK1050: =IF(EJ1050>0.1%,EJ1050,"Algo Esta Mal") -> 0 | EL1050: =IF(EK1050=EJ1050,EI1050," ") -> 0 | EQ1050: 5 | ER1050: =IF(ES1050=ET8,ER8,IF(ES1050=ET9,ER9,IF(ES1050=ET10,ER10,IF(ES1050=ET11,ER11,IF(ES1050=ET12,ER12,"ALGO ESTA MAL"))))) -> 0 | ES1050: =LARGE($ET$8:$ET$12,EQ1050) -> 0 | ET1050: =IF(ES1050>0.1%,ES1050,"Algo Esta Mal") -> 0 | EU1050: =IF(ET1050=ES1050,ER1050," ") -> 0 | EZ1050: 5 | FA1050: =IF(FB1050=FC8,FA8,IF(FB1050=FC9,FA9,IF(FB1050=FC10,FA10,IF(FB1050=FC11,FA11,IF(FB1050=FC12,FA12,"ALGO ESTA MAL"))))) -> 0 | FB1050: =LARGE($FC$8:$FC$12,EZ1050) -> 0 | FC1050: =IF(FB1050>0.1%,FB1050,"Algo Esta Mal") -> 0 | FD1050: =IF(FC1050=FB1050,FA1050," ") -> 0 | FI1050: 5 | FJ1050: =IF(FK1050=FL8,FJ8,IF(FK1050=FL9,FJ9,IF(FK1050=FL10,FJ10,IF(FK1050=FL11,FJ11,IF(FK1050=FL12,FJ12,"ALGO ESTA MAL"))))) -> 0 | FK1050: =LARGE($FL$8:$FL$12,FI1050) -> 0 | FL1050: =IF(FK1050>0.1%,FK1050,"Algo Esta Mal") -> 0 | FM1050: =IF(FL1050=FK1050,FJ1050," ") -> 0 | FR1050: 5 | FS1050: =IF(FT1050=FU8,FS8,IF(FT1050=FU9,FS9,IF(FT1050=FU10,FS10,IF(FT1050=FU11,FS11,IF(FT1050=FU12,FS12,"ALGO ESTA MAL"))))) -> 0 | FT1050: =LARGE($FU$8:$FU$12,FR1050) -> 0 | FU1050: =IF(FT1050>0.1%,FT1050,"Algo Esta Mal") -> 0 | FV1050: =IF(FU1050=FT1050,FS1050," ") -> 0 | GA1050: 5 | GB1050: =IF(GC1050=GD8,GB8,IF(GC1050=GD9,GB9,IF(GC1050=GD10,GB10,IF(GC1050=GD11,GB11,IF(GC1050=GD12,GB12,"ALGO ESTA MAL"))))) -> 0 | GC1050: =LARGE($GD$8:$GD$12,GA1050) -> 0 | GD1050: =IF(GC1050>0.1%,GC1050,"Algo Esta Mal") -> 0 | GE1050: =IF(GD1050=GC1050,GB1050," ") -> 0 | GJ1050: 5 | GK1050: =IF(GL1050=GM8,GK8,IF(GL1050=GM9,GK9,IF(GL1050=GM10,GK10,IF(GL1050=GM11,GK11,IF(GL1050=GM12,GK12,"ALGO ESTA MAL"))))) -> 0 | GL1050: =LARGE($GM$8:$GM$12,GJ1050) -> 0 | GM1050: =IF(GL1050>0.1%,GL1050,"Algo Esta Mal") -> 0 | GN1050: =IF(GM1050=GL1050,GK1050," ") -> 0 | GS1050: 5 | GT1050: =IF(GU1050=GV8,GT8,IF(GU1050=GV9,GT9,IF(GU1050=GV10,GT10,IF(GU1050=GV11,GT11,IF(GU1050=GV12,GT12,"ALGO ESTA MAL"))))) -> 0 | GU1050: =LARGE($GV$8:$GV$12,GS1050) -> 0 | GV1050: =IF(GU1050>0.1%,GU1050,"Algo Esta Mal") -> 0 | GW1050: =IF(GV1050=GU1050,GT1050," ") -> 0 | HB1050: 5 | HC1050: =IF(HD1050=HE8,HC8,IF(HD1050=HE9,HC9,IF(HD1050=HE10,HC10,IF(HD1050=HE11,HC11,IF(HD1050=HE12,HC12,"ALGO ESTA MAL"))))) -> 0 | HD1050: =LARGE($HE$8:$HE$12,HB1050) -> 0 | HE1050: =IF(HD1050>0.1%,HD1050,"Algo Esta Mal") -> 0 | HF1050: =IF(HE1050=HD1050,HC1050," ") -> 0
D1052: Mayoria | M1052: Mayoria | V1052: Mayoria | AE1052: Mayoria | AN1052: Mayoria | AW1052: Mayoria | BF1052: Mayoria | BO1052: Mayoria | BX1052: Mayoria | CG1052: Mayoria | CP1052: Mayoria | CY1052: Mayoria | DH1052: Mayoria | DQ1052: Mayoria | DZ1052: Mayoria | EI1052: Mayoria | ER1052: Mayoria | FA1052: Mayoria | FJ1052: Mayoria | FS1052: Mayoria | GB1052: Mayoria | GK1052: Mayoria | GT1052: Mayoria | HC1052: Mayoria
D1053: =SUM(F8:F10) -> 0 | E1053: =MAX(D1053:D1054) -> 0 | M1053: =SUM(O8:O10) -> 0 | N1053: =MAX(M1053:M1054) -> 0 | V1053: =SUM(X8:X10) -> 0 | W1053: =MAX(V1053:V1054) -> 0 | AE1053: =SUM(AG8:AG10) -> 0 | AF1053: =MAX(AE1053:AE1054) -> 0 | AN1053: =SUM(AP8:AP10) -> 0 | AO1053: =MAX(AN1053:AN1054) -> 0 | AW1053: =SUM(AY8:AY10) -> 0 | AX1053: =MAX(AW1053:AW1054) -> 0 | BF1053: =SUM(BH8:BH10) -> 0 | BG1053: =MAX(BF1053:BF1054) -> 0 | BO1053: =SUM(BQ8:BQ10) -> 0 | BP1053: =MAX(BO1053:BO1054) -> 0 | BX1053: =SUM(BZ8:BZ10) -> 0 | BY1053: =MAX(BX1053:BX1054) -> 0 | CG1053: =SUM(CI8:CI10) -> 0 | CH1053: =MAX(CG1053:CG1054) -> 0 | CP1053: =SUM(CR8:CR10) -> 0 | CQ1053: =MAX(CP1053:CP1054) -> 0 | CY1053: =SUM(DA8:DA10) -> 0 | CZ1053: =MAX(CY1053:CY1054) -> 0 | DH1053: =SUM(DJ8:DJ10) -> 0 | DI1053: =MAX(DH1053:DH1054) -> 0 | DQ1053: =SUM(DS8:DS10) -> 0 | DR1053: =MAX(DQ1053:DQ1054) -> 0 | DZ1053: =SUM(EB8:EB10) -> 0 | EA1053: =MAX(DZ1053:DZ1054) -> 0 | EI1053: =SUM(EK8:EK10) -> 0 | EJ1053: =MAX(EI1053:EI1054) -> 0 | ER1053: =SUM(ET8:ET10) -> 0 | ES1053: =MAX(ER1053:ER1054) -> 0 | FA1053: =SUM(FC8:FC10) -> 0 | FB1053: =MAX(FA1053:FA1054) -> 0 | FJ1053: =SUM(FL8:FL10) -> 0 | FK1053: =MAX(FJ1053:FJ1054) -> 0 | FS1053: =SUM(FU8:FU10) -> 0 | FT1053: =MAX(FS1053:FS1054) -> 0 | GB1053: =SUM(GD8:GD10) -> 0 | GC1053: =MAX(GB1053:GB1054) -> 0 | GK1053: =SUM(GM8:GM10) -> 0 | GL1053: =MAX(GK1053:GK1054) -> 0 | GT1053: =SUM(GV8:GV10) -> 0 | GU1053: =MAX(GT1053:GT1054) -> 0 | HC1053: =SUM(HE8:HE10) -> 0 | HD1053: =MAX(HC1053:HC1054) -> 0
D1054: =SUM(F10:F12) -> 0 | M1054: =SUM(O10:O12) -> 0 | V1054: =SUM(X10:X12) -> 0 | AE1054: =SUM(AG10:AG12) -> 0 | AN1054: =SUM(AP10:AP12) -> 0 | AW1054: =SUM(AY10:AY12) -> 0 | BF1054: =SUM(BH10:BH12) -> 0 | BO1054: =SUM(BQ10:BQ12) -> 0 | BX1054: =SUM(BZ10:BZ12) -> 0 | CG1054: =SUM(CI10:CI12) -> 0 | CP1054: =SUM(CR10:CR12) -> 0 | CY1054: =SUM(DA10:DA12) -> 0 | DH1054: =SUM(DJ10:DJ12) -> 0 | DQ1054: =SUM(DS10:DS12) -> 0 | DZ1054: =SUM(EB10:EB12) -> 0 | EI1054: =SUM(EK10:EK12) -> 0 | ER1054: =SUM(ET10:ET12) -> 0 | FA1054: =SUM(FC10:FC12) -> 0 | FJ1054: =SUM(FL10:FL12) -> 0 | FS1054: =SUM(FU10:FU12) -> 0 | GB1054: =SUM(GD10:GD12) -> 0 | GK1054: =SUM(GM10:GM12) -> 0 | GT1054: =SUM(GV10:GV12) -> 0 | HC1054: =SUM(HE10:HE12) -> 0
D1056: Bajo | E1056: =SUM(F8:F9) -> 0 | M1056: Bajo | N1056: =SUM(O8:O9) -> 0 | V1056: Bajo | W1056: =SUM(X8:X9) -> 0 | AE1056: Bajo | AF1056: =SUM(AG8:AG9) -> 0 | AN1056: Bajo | AO1056: =SUM(AP8:AP9) -> 0 | AW1056: Bajo | AX1056: =SUM(AY8:AY9) -> 0 | BF1056: Bajo | BG1056: =SUM(BH8:BH9) -> 0 | BO1056: Bajo | BP1056: =SUM(BQ8:BQ9) -> 0 | BX1056: Bajo | BY1056: =SUM(BZ8:BZ9) -> 0 | CG1056: Bajo | CH1056: =SUM(CI8:CI9) -> 0 | CP1056: Bajo | CQ1056: =SUM(CR8:CR9) -> 0 | CY1056: Bajo | CZ1056: =SUM(DA8:DA9) -> 0 | DH1056: Bajo | DI1056: =SUM(DJ8:DJ9) -> 0 | DQ1056: Bajo | DR1056: =SUM(DS8:DS9) -> 0 | DZ1056: Bajo | EA1056: =SUM(EB8:EB9) -> 0 | EI1056: Bajo | EJ1056: =SUM(EK8:EK9) -> 0 | ER1056: Bajo | ES1056: =SUM(ET8:ET9) -> 0 | FA1056: Bajo | FB1056: =SUM(FC8:FC9) -> 0 | FJ1056: Bajo | FK1056: =SUM(FL8:FL9) -> 0 | FS1056: Bajo | FT1056: =SUM(FU8:FU9) -> 0 | GB1056: Bajo | GC1056: =SUM(GD8:GD9) -> 0 | GK1056: Bajo | GL1056: =SUM(GM8:GM9) -> 0 | GT1056: Bajo | GU1056: =SUM(GV8:GV9) -> 0 | HC1056: Bajo | HD1056: =SUM(HE8:HE9) -> 0
D1057: Regular | E1057: =SUM(F10) -> 0 | M1057: Regular | N1057: =SUM(O10) -> 0 | V1057: Regular | W1057: =SUM(X10) -> 0 | AE1057: Regular | AF1057: =SUM(AG10) -> 0 | AN1057: Regular | AO1057: =SUM(AP10) -> 0 | AW1057: Regular | AX1057: =SUM(AY10) -> 0 | BF1057: Regular | BG1057: =SUM(BH10) -> 0 | BO1057: Regular | BP1057: =SUM(BQ10) -> 0 | BX1057: Regular | BY1057: =SUM(BZ10) -> 0 | CG1057: Regular | CH1057: =SUM(CI10) -> 0 | CP1057: Regular | CQ1057: =SUM(CR10) -> 0 | CY1057: Regular | CZ1057: =SUM(DA10) -> 0 | DH1057: Regular | DI1057: =SUM(DJ10) -> 0 | DQ1057: Regular | DR1057: =SUM(DS10) -> 0 | DZ1057: Regular | EA1057: =SUM(EB10) -> 0 | EI1057: Regular | EJ1057: =SUM(EK10) -> 0 | ER1057: Regular | ES1057: =SUM(ET10) -> 0 | FA1057: Regular | FB1057: =SUM(FC10) -> 0 | FJ1057: Regular | FK1057: =SUM(FL10) -> 0 | FS1057: Regular | FT1057: =SUM(FU10) -> 0 | GB1057: Regular | GC1057: =SUM(GD10) -> 0 | GK1057: Regular | GL1057: =SUM(GM10) -> 0 | GT1057: Regular | GU1057: =SUM(GV10) -> 0 | HC1057: Regular | HD1057: =SUM(HE10) -> 0
D1058: Alto | E1058: =SUM(F11:F12) -> 0 | M1058: Alto | N1058: =SUM(O11:O12) -> 0 | V1058: Alto | W1058: =SUM(X11:X12) -> 0 | AE1058: Alto | AF1058: =SUM(AG11:AG12) -> 0 | AN1058: Alto | AO1058: =SUM(AP11:AP12) -> 0 | AW1058: Alto | AX1058: =SUM(AY11:AY12) -> 0 | BF1058: Alto | BG1058: =SUM(BH11:BH12) -> 0 | BO1058: Alto | BP1058: =SUM(BQ11:BQ12) -> 0 | BX1058: Alto | BY1058: =SUM(BZ11:BZ12) -> 0 | CG1058: Alto | CH1058: =SUM(CI11:CI12) -> 0 | CP1058: Alto | CQ1058: =SUM(CR11:CR12) -> 0 | CY1058: Alto | CZ1058: =SUM(DA11:DA12) -> 0 | DH1058: Alto | DI1058: =SUM(DJ11:DJ12) -> 0 | DQ1058: Alto | DR1058: =SUM(DS11:DS12) -> 0 | DZ1058: Alto | EA1058: =SUM(EB11:EB12) -> 0 | EI1058: Alto | EJ1058: =SUM(EK11:EK12) -> 0 | ER1058: Alto | ES1058: =SUM(ET11:ET12) -> 0 | FA1058: Alto | FB1058: =SUM(FC11:FC12) -> 0 | FJ1058: Alto | FK1058: =SUM(FL11:FL12) -> 0 | FS1058: Alto | FT1058: =SUM(FU11:FU12) -> 0 | GB1058: Alto | GC1058: =SUM(GD11:GD12) -> 0 | GK1058: Alto | GL1058: =SUM(GM11:GM12) -> 0 | GT1058: Alto | GU1058: =SUM(GV11:GV12) -> 0 | HC1058: Alto | HD1058: =SUM(HE11:HE12) -> 0
E1060: =IF(E1056>=51%,D1056,IF(E1057>=51%,D1057,IF(E1058>=51%,D1058,IF(SUM(E1056:E1057)>SUM(E1057:E1058),D1056,IF(SUM(E1056:E1057)<SUM(E1057:E1058),D1058,"Algo esta Mal"))))) -> 0 | N1060: =IF(N1056>=51%,M1056,IF(N1057>=51%,M1057,IF(N1058>=51%,M1058,IF(SUM(N1056:N1057)>SUM(N1057:N1058),M1056,IF(SUM(N1056:N1057)<SUM(N1057:N1058),M1058,"Algo esta Mal"))))) -> 0 | W1060: =IF(W1056>=51%,V1056,IF(W1057>=51%,V1057,IF(W1058>=51%,V1058,IF(SUM(W1056:W1057)>SUM(W1057:W1058),V1056,IF(SUM(W1056:W1057)<SUM(W1057:W1058),V1058,"Algo esta Mal"))))) -> 0 | AF1060: =IF(AF1056>=51%,AE1056,IF(AF1057>=51%,AE1057,IF(AF1058>=51%,AE1058,IF(SUM(AF1056:AF1057)>SUM(AF1057:AF1058),AE1056,IF(SUM(AF1056:AF1057)<SUM(AF1057:AF1058),AE1058,"Algo esta Mal"))))) -> 0 | AO1060: =IF(AO1056>=51%,AN1056,IF(AO1057>=51%,AN1057,IF(AO1058>=51%,AN1058,IF(SUM(AO1056:AO1057)>SUM(AO1057:AO1058),AN1056,IF(SUM(AO1056:AO1057)<SUM(AO1057:AO1058),AN1058,"Algo esta Mal"))))) -> 0 | AX1060: =IF(AX1056>=51%,AW1056,IF(AX1057>=51%,AW1057,IF(AX1058>=51%,AW1058,IF(SUM(AX1056:AX1057)>SUM(AX1057:AX1058),AW1056,IF(SUM(AX1056:AX1057)<SUM(AX1057:AX1058),AW1058,"Algo esta Mal"))))) -> 0 | BG1060: =IF(BG1056>=51%,BF1056,IF(BG1057>=51%,BF1057,IF(BG1058>=51%,BF1058,IF(SUM(BG1056:BG1057)>SUM(BG1057:BG1058),BF1056,IF(SUM(BG1056:BG1057)<SUM(BG1057:BG1058),BF1058,"Algo esta Mal"))))) -> 0 | BP1060: =IF(BP1056>=51%,BO1056,IF(BP1057>=51%,BO1057,IF(BP1058>=51%,BO1058,IF(SUM(BP1056:BP1057)>SUM(BP1057:BP1058),BO1056,IF(SUM(BP1056:BP1057)<SUM(BP1057:BP1058),BO1058,"Algo esta Mal"))))) -> 0 | BY1060: =IF(BY1056>=51%,BX1056,IF(BY1057>=51%,BX1057,IF(BY1058>=51%,BX1058,IF(SUM(BY1056:BY1057)>SUM(BY1057:BY1058),BX1056,IF(SUM(BY1056:BY1057)<SUM(BY1057:BY1058),BX1058,"Algo esta Mal"))))) -> 0 | CH1060: =IF(CH1056>=51%,CG1056,IF(CH1057>=51%,CG1057,IF(CH1058>=51%,CG1058,IF(SUM(CH1056:CH1057)>SUM(CH1057:CH1058),CG1056,IF(SUM(CH1056:CH1057)<SUM(CH1057:CH1058),CG1058,"Algo esta Mal"))))) -> 0 | CQ1060: =IF(CQ1056>=51%,CP1056,IF(CQ1057>=51%,CP1057,IF(CQ1058>=51%,CP1058,IF(SUM(CQ1056:CQ1057)>SUM(CQ1057:CQ1058),CP1056,IF(SUM(CQ1056:CQ1057)<SUM(CQ1057:CQ1058),CP1058,"Algo esta Mal"))))) -> 0 | CZ1060: =IF(CZ1056>=51%,CY1056,IF(CZ1057>=51%,CY1057,IF(CZ1058>=51%,CY1058,IF(SUM(CZ1056:CZ1057)>SUM(CZ1057:CZ1058),CY1056,IF(SUM(CZ1056:CZ1057)<SUM(CZ1057:CZ1058),CY1058,"Algo esta Mal"))))) -> 0 | DI1060: =IF(DI1056>=51%,DH1056,IF(DI1057>=51%,DH1057,IF(DI1058>=51%,DH1058,IF(SUM(DI1056:DI1057)>SUM(DI1057:DI1058),DH1056,IF(SUM(DI1056:DI1057)<SUM(DI1057:DI1058),DH1058,"Algo esta Mal"))))) -> 0 | DR1060: =IF(DR1056>=51%,DQ1056,IF(DR1057>=51%,DQ1057,IF(DR1058>=51%,DQ1058,IF(SUM(DR1056:DR1057)>SUM(DR1057:DR1058),DQ1056,IF(SUM(DR1056:DR1057)<SUM(DR1057:DR1058),DQ1058,"Algo esta Mal"))))) -> 0 | EA1060: =IF(EA1056>=51%,DZ1056,IF(EA1057>=51%,DZ1057,IF(EA1058>=51%,DZ1058,IF(SUM(EA1056:EA1057)>SUM(EA1057:EA1058),DZ1056,IF(SUM(EA1056:EA1057)<SUM(EA1057:EA1058),DZ1058,"Algo esta Mal"))))) -> 0 | EJ1060: =IF(EJ1056>=51%,EI1056,IF(EJ1057>=51%,EI1057,IF(EJ1058>=51%,EI1058,IF(SUM(EJ1056:EJ1057)>SUM(EJ1057:EJ1058),EI1056,IF(SUM(EJ1056:EJ1057)<SUM(EJ1057:EJ1058),EI1058,"Algo esta Mal"))))) -> 0 | ES1060: =IF(ES1056>=51%,ER1056,IF(ES1057>=51%,ER1057,IF(ES1058>=51%,ER1058,IF(SUM(ES1056:ES1057)>SUM(ES1057:ES1058),ER1056,IF(SUM(ES1056:ES1057)<SUM(ES1057:ES1058),ER1058,"Algo esta Mal"))))) -> 0 | FB1060: =IF(FB1056>=51%,FA1056,IF(FB1057>=51%,FA1057,IF(FB1058>=51%,FA1058,IF(SUM(FB1056:FB1057)>SUM(FB1057:FB1058),FA1056,IF(SUM(FB1056:FB1057)<SUM(FB1057:FB1058),FA1058,"Algo esta Mal"))))) -> 0 | FK1060: =IF(FK1056>=51%,FJ1056,IF(FK1057>=51%,FJ1057,IF(FK1058>=51%,FJ1058,IF(SUM(FK1056:FK1057)>SUM(FK1057:FK1058),FJ1056,IF(SUM(FK1056:FK1057)<SUM(FK1057:FK1058),FJ1058,"Algo esta Mal"))))) -> 0 | FT1060: =IF(FT1056>=51%,FS1056,IF(FT1057>=51%,FS1057,IF(FT1058>=51%,FS1058,IF(SUM(FT1056:FT1057)>SUM(FT1057:FT1058),FS1056,IF(SUM(FT1056:FT1057)<SUM(FT1057:FT1058),FS1058,"Algo esta Mal"))))) -> 0 | GC1060: =IF(GC1056>=51%,GB1056,IF(GC1057>=51%,GB1057,IF(GC1058>=51%,GB1058,IF(SUM(GC1056:GC1057)>SUM(GC1057:GC1058),GB1056,IF(SUM(GC1056:GC1057)<SUM(GC1057:GC1058),GB1058,"Algo esta Mal"))))) -> 0 | GL1060: =IF(GL1056>=51%,GK1056,IF(GL1057>=51%,GK1057,IF(GL1058>=51%,GK1058,IF(SUM(GL1056:GL1057)>SUM(GL1057:GL1058),GK1056,IF(SUM(GL1056:GL1057)<SUM(GL1057:GL1058),GK1058,"Algo esta Mal"))))) -> 0 | GU1060: =IF(GU1056>=51%,GT1056,IF(GU1057>=51%,GT1057,IF(GU1058>=51%,GT1058,IF(SUM(GU1056:GU1057)>SUM(GU1057:GU1058),GT1056,IF(SUM(GU1056:GU1057)<SUM(GU1057:GU1058),GT1058,"Algo esta Mal"))))) -> 0 | HD1060: =IF(HD1056>=51%,HC1056,IF(HD1057>=51%,HC1057,IF(HD1058>=51%,HC1058,IF(SUM(HD1056:HD1057)>SUM(HD1057:HD1058),HC1056,IF(SUM(HD1056:HD1057)<SUM(HD1057:HD1058),HC1058,"Algo esta Mal"))))) -> 0
E1062: .
D2008: =('Inteligencia emocional'!A1355) -> 0 | E2008: =('Inteligencia emocional'!B1355) -> 0 | F2008: =('Inteligencia emocional'!B1361) -> 0 | M2008: =('Inteligencia emocional'!A1355) -> 0 | N2008: =('Inteligencia emocional'!C1355) -> 0 | O2008: =('Inteligencia emocional'!C1361) -> 0 | V2008: =('Inteligencia emocional'!A1355) -> 0 | W2008: =('Inteligencia emocional'!D1355) -> 0 | X2008: =('Inteligencia emocional'!D1361) -> 0 | AE2008: =('Inteligencia emocional'!A1355) -> 0 | AF2008: =('Inteligencia emocional'!E1355) -> 0 | AG2008: =('Inteligencia emocional'!E1361) -> 0 | AN2008: =('Inteligencia emocional'!A1355) -> 0 | AO2008: =('Inteligencia emocional'!F1355) -> 0 | AP2008: =('Inteligencia emocional'!F1361) -> 0 | AW2008: =('Inteligencia emocional'!A1355) -> 0 | AX2008: =('Inteligencia emocional'!G1355) -> 0 | AY2008: =('Inteligencia emocional'!G1361) -> 0 | BF2008: =('Inteligencia emocional'!A1355) -> 0 | BG2008: =('Inteligencia emocional'!H1355) -> 0 | BH2008: =('Inteligencia emocional'!H1361) -> 0 | BO2008: =('Inteligencia emocional'!A1355) -> 0 | BP2008: =('Inteligencia emocional'!I1355) -> 0 | BQ2008: =('Inteligencia emocional'!I1361) -> 0 | BX2008: =('Inteligencia emocional'!A1355) -> 0 | BY2008: =('Inteligencia emocional'!J1355) -> 0 | BZ2008: =('Inteligencia emocional'!J1361) -> 0 | CG2008: =('Inteligencia emocional'!A1355) -> 0 | CH2008: =('Inteligencia emocional'!K1355) -> 0 | CI2008: =('Inteligencia emocional'!K1361) -> 0 | CP2008: =('Inteligencia emocional'!A1355) -> 0 | CQ2008: =('Inteligencia emocional'!L1355) -> 0 | CR2008: =('Inteligencia emocional'!L1361) -> 0 | CY2008: =('Inteligencia emocional'!A1355) -> 0 | CZ2008: =('Inteligencia emocional'!M1355) -> 0 | DA2008: =('Inteligencia emocional'!M1361) -> 0 | DH2008: =('Inteligencia emocional'!A1355) -> 0 | DI2008: =('Inteligencia emocional'!N1355) -> 0 | DJ2008: =('Inteligencia emocional'!N1361) -> 0 | DQ2008: =('Inteligencia emocional'!A1355) -> 0 | DR2008: =('Inteligencia emocional'!O1355) -> 0 | DS2008: =('Inteligencia emocional'!O1361) -> 0 | DZ2008: =('Inteligencia emocional'!A1355) -> 0 | EA2008: =('Inteligencia emocional'!P1355) -> 0 | EB2008: =('Inteligencia emocional'!P1361) -> 0 | EI2008: =('Inteligencia emocional'!A1355) -> 0 | EJ2008: =('Inteligencia emocional'!Q1355) -> 0 | EK2008: =('Inteligencia emocional'!Q1361) -> 0 | ER2008: =('Inteligencia emocional'!A1355) -> 0 | ES2008: =('Inteligencia emocional'!R1355) -> 0 | ET2008: =('Inteligencia emocional'!R1361) -> 0 | FA2008: =('Inteligencia emocional'!A1355) -> 0 | FB2008: =('Inteligencia emocional'!S1355) -> 0 | FC2008: =('Inteligencia emocional'!S1361) -> 0 | FJ2008: =('Inteligencia emocional'!A1355) -> 0 | FK2008: =('Inteligencia emocional'!T1355) -> 0 | FL2008: =('Inteligencia emocional'!T1361) -> 0 | FS2008: =('Inteligencia emocional'!A1355) -> 0 | FT2008: =('Inteligencia emocional'!U1355) -> 0 | FU2008: =('Inteligencia emocional'!U1361) -> 0 | GB2008: =('Inteligencia emocional'!A1355) -> 0 | GC2008: =('Inteligencia emocional'!V1355) -> 0 | GD2008: =('Inteligencia emocional'!V1361) -> 0 | GK2008: =('Inteligencia emocional'!A1355) -> 0 | GL2008: =('Inteligencia emocional'!W1355) -> 0 | GM2008: =('Inteligencia emocional'!W1361) -> 0 | GT2008: =('Inteligencia emocional'!A1355) -> 0 | GU2008: =('Inteligencia emocional'!X1355) -> 0 | GV2008: =('Inteligencia emocional'!X1361) -> 0 | HC2008: =('Inteligencia emocional'!A1355) -> 0 | HD2008: =('Inteligencia emocional'!Y1355) -> 0 | HE2008: =('Inteligencia emocional'!Y1361) -> 0
D2009: =('Inteligencia emocional'!A1356) -> 0 | E2009: =('Inteligencia emocional'!B1356) -> 0 | F2009: =('Inteligencia emocional'!B1362) -> 0 | M2009: =('Inteligencia emocional'!A1356) -> 0 | N2009: =('Inteligencia emocional'!C1356) -> 0 | O2009: =('Inteligencia emocional'!C1362) -> 0 | V2009: =('Inteligencia emocional'!A1356) -> 0 | W2009: =('Inteligencia emocional'!D1356) -> 0 | X2009: =('Inteligencia emocional'!D1362) -> 0 | AE2009: =('Inteligencia emocional'!A1356) -> 0 | AF2009: =('Inteligencia emocional'!E1356) -> 0 | AG2009: =('Inteligencia emocional'!E1362) -> 0 | AN2009: =('Inteligencia emocional'!A1356) -> 0 | AO2009: =('Inteligencia emocional'!F1356) -> 0 | AP2009: =('Inteligencia emocional'!F1362) -> 0 | AW2009: =('Inteligencia emocional'!A1356) -> 0 | AX2009: =('Inteligencia emocional'!G1356) -> 0 | AY2009: =('Inteligencia emocional'!G1362) -> 0 | BF2009: =('Inteligencia emocional'!A1356) -> 0 | BG2009: =('Inteligencia emocional'!H1356) -> 0 | BH2009: =('Inteligencia emocional'!H1362) -> 0 | BO2009: =('Inteligencia emocional'!A1356) -> 0 | BP2009: =('Inteligencia emocional'!I1356) -> 0 | BQ2009: =('Inteligencia emocional'!I1362) -> 0 | BX2009: =('Inteligencia emocional'!A1356) -> 0 | BY2009: =('Inteligencia emocional'!J1356) -> 0 | BZ2009: =('Inteligencia emocional'!J1362) -> 0 | CG2009: =('Inteligencia emocional'!A1356) -> 0 | CH2009: =('Inteligencia emocional'!K1356) -> 0 | CI2009: =('Inteligencia emocional'!K1362) -> 0 | CP2009: =('Inteligencia emocional'!A1356) -> 0 | CQ2009: =('Inteligencia emocional'!L1356) -> 0 | CR2009: =('Inteligencia emocional'!L1362) -> 0 | CY2009: =('Inteligencia emocional'!A1356) -> 0 | CZ2009: =('Inteligencia emocional'!M1356) -> 0 | DA2009: =('Inteligencia emocional'!M1362) -> 0 | DH2009: =('Inteligencia emocional'!A1356) -> 0 | DI2009: =('Inteligencia emocional'!N1356) -> 0 | DJ2009: =('Inteligencia emocional'!N1362) -> 0 | DQ2009: =('Inteligencia emocional'!A1356) -> 0 | DR2009: =('Inteligencia emocional'!O1356) -> 0 | DS2009: =('Inteligencia emocional'!O1362) -> 0 | DZ2009: =('Inteligencia emocional'!A1356) -> 0 | EA2009: =('Inteligencia emocional'!P1356) -> 0 | EB2009: =('Inteligencia emocional'!P1362) -> 0 | EI2009: =('Inteligencia emocional'!A1356) -> 0 | EJ2009: =('Inteligencia emocional'!Q1356) -> 0 | EK2009: =('Inteligencia emocional'!Q1362) -> 0 | ER2009: =('Inteligencia emocional'!A1356) -> 0 | ES2009: =('Inteligencia emocional'!R1356) -> 0 | ET2009: =('Inteligencia emocional'!R1362) -> 0 | FA2009: =('Inteligencia emocional'!A1356) -> 0 | FB2009: =('Inteligencia emocional'!S1356) -> 0 | FC2009: =('Inteligencia emocional'!S1362) -> 0 | FJ2009: =('Inteligencia emocional'!A1356) -> 0 | FK2009: =('Inteligencia emocional'!T1356) -> 0 | FL2009: =('Inteligencia emocional'!T1362) -> 0 | FS2009: =('Inteligencia emocional'!A1356) -> 0 | FT2009: =('Inteligencia emocional'!U1356) -> 0 | FU2009: =('Inteligencia emocional'!U1362) -> 0 | GB2009: =('Inteligencia emocional'!A1356) -> 0 | GC2009: =('Inteligencia emocional'!V1356) -> 0 | GD2009: =('Inteligencia emocional'!V1362) -> 0 | GK2009: =('Inteligencia emocional'!A1356) -> 0 | GL2009: =('Inteligencia emocional'!W1356) -> 0 | GM2009: =('Inteligencia emocional'!W1362) -> 0 | GT2009: =('Inteligencia emocional'!A1356) -> 0 | GU2009: =('Inteligencia emocional'!X1356) -> 0 | GV2009: =('Inteligencia emocional'!X1362) -> 0 | HC2009: =('Inteligencia emocional'!A1356) -> 0 | HD2009: =('Inteligencia emocional'!Y1356) -> 0 | HE2009: =('Inteligencia emocional'!Y1362) -> 0
D2010: =('Inteligencia emocional'!A1357) -> 0 | E2010: =('Inteligencia emocional'!B1357) -> 0 | F2010: =('Inteligencia emocional'!B1363) -> 0 | M2010: =('Inteligencia emocional'!A1357) -> 0 | N2010: =('Inteligencia emocional'!C1357) -> 0 | O2010: =('Inteligencia emocional'!C1363) -> 0 | V2010: =('Inteligencia emocional'!A1357) -> 0 | W2010: =('Inteligencia emocional'!D1357) -> 0 | X2010: =('Inteligencia emocional'!D1363) -> 0 | AE2010: =('Inteligencia emocional'!A1357) -> 0 | AF2010: =('Inteligencia emocional'!E1357) -> 0 | AG2010: =('Inteligencia emocional'!E1363) -> 0 | AN2010: =('Inteligencia emocional'!A1357) -> 0 | AO2010: =('Inteligencia emocional'!F1357) -> 0 | AP2010: =('Inteligencia emocional'!F1363) -> 0 | AW2010: =('Inteligencia emocional'!A1357) -> 0 | AX2010: =('Inteligencia emocional'!G1357) -> 0 | AY2010: =('Inteligencia emocional'!G1363) -> 0 | BF2010: =('Inteligencia emocional'!A1357) -> 0 | BG2010: =('Inteligencia emocional'!H1357) -> 0 | BH2010: =('Inteligencia emocional'!H1363) -> 0 | BO2010: =('Inteligencia emocional'!A1357) -> 0 | BP2010: =('Inteligencia emocional'!I1357) -> 0 | BQ2010: =('Inteligencia emocional'!I1363) -> 0 | BX2010: =('Inteligencia emocional'!A1357) -> 0 | BY2010: =('Inteligencia emocional'!J1357) -> 0 | BZ2010: =('Inteligencia emocional'!J1363) -> 0 | CG2010: =('Inteligencia emocional'!A1357) -> 0 | CH2010: =('Inteligencia emocional'!K1357) -> 0 | CI2010: =('Inteligencia emocional'!K1363) -> 0 | CP2010: =('Inteligencia emocional'!A1357) -> 0 | CQ2010: =('Inteligencia emocional'!L1357) -> 0 | CR2010: =('Inteligencia emocional'!L1363) -> 0 | CY2010: =('Inteligencia emocional'!A1357) -> 0 | CZ2010: =('Inteligencia emocional'!M1357) -> 0 | DA2010: =('Inteligencia emocional'!M1363) -> 0 | DH2010: =('Inteligencia emocional'!A1357) -> 0 | DI2010: =('Inteligencia emocional'!N1357) -> 0 | DJ2010: =('Inteligencia emocional'!N1363) -> 0 | DQ2010: =('Inteligencia emocional'!A1357) -> 0 | DR2010: =('Inteligencia emocional'!O1357) -> 0 | DS2010: =('Inteligencia emocional'!O1363) -> 0 | DZ2010: =('Inteligencia emocional'!A1357) -> 0 | EA2010: =('Inteligencia emocional'!P1357) -> 0 | EB2010: =('Inteligencia emocional'!P1363) -> 0 | EI2010: =('Inteligencia emocional'!A1357) -> 0 | EJ2010: =('Inteligencia emocional'!Q1357) -> 0 | EK2010: =('Inteligencia emocional'!Q1363) -> 0 | ER2010: =('Inteligencia emocional'!A1357) -> 0 | ES2010: =('Inteligencia emocional'!R1357) -> 0 | ET2010: =('Inteligencia emocional'!R1363) -> 0 | FA2010: =('Inteligencia emocional'!A1357) -> 0 | FB2010: =('Inteligencia emocional'!S1357) -> 0 | FC2010: =('Inteligencia emocional'!S1363) -> 0 | FJ2010: =('Inteligencia emocional'!A1357) -> 0 | FK2010: =('Inteligencia emocional'!T1357) -> 0 | FL2010: =('Inteligencia emocional'!T1363) -> 0 | FS2010: =('Inteligencia emocional'!A1357) -> 0 | FT2010: =('Inteligencia emocional'!U1357) -> 0 | FU2010: =('Inteligencia emocional'!U1363) -> 0 | GB2010: =('Inteligencia emocional'!A1357) -> 0 | GC2010: =('Inteligencia emocional'!V1357) -> 0 | GD2010: =('Inteligencia emocional'!V1363) -> 0 | GK2010: =('Inteligencia emocional'!A1357) -> 0 | GL2010: =('Inteligencia emocional'!W1357) -> 0 | GM2010: =('Inteligencia emocional'!W1363) -> 0 | GT2010: =('Inteligencia emocional'!A1357) -> 0 | GU2010: =('Inteligencia emocional'!X1357) -> 0 | GV2010: =('Inteligencia emocional'!X1363) -> 0 | HC2010: =('Inteligencia emocional'!A1357) -> 0 | HD2010: =('Inteligencia emocional'!Y1357) -> 0 | HE2010: =('Inteligencia emocional'!Y1363) -> 0
D2011: =('Inteligencia emocional'!A1358) -> 0 | E2011: =('Inteligencia emocional'!B1358) -> 0 | F2011: =('Inteligencia emocional'!B1364) -> 0 | M2011: =('Inteligencia emocional'!A1358) -> 0 | N2011: =('Inteligencia emocional'!C1358) -> 0 | O2011: =('Inteligencia emocional'!C1364) -> 0 | V2011: =('Inteligencia emocional'!A1358) -> 0 | W2011: =('Inteligencia emocional'!D1358) -> 0 | X2011: =('Inteligencia emocional'!D1364) -> 0 | AE2011: =('Inteligencia emocional'!A1358) -> 0 | AF2011: =('Inteligencia emocional'!E1358) -> 0 | AG2011: =('Inteligencia emocional'!E1364) -> 0 | AN2011: =('Inteligencia emocional'!A1358) -> 0 | AO2011: =('Inteligencia emocional'!F1358) -> 0 | AP2011: =('Inteligencia emocional'!F1364) -> 0 | AW2011: =('Inteligencia emocional'!A1358) -> 0 | AX2011: =('Inteligencia emocional'!G1358) -> 0 | AY2011: =('Inteligencia emocional'!G1364) -> 0 | BF2011: =('Inteligencia emocional'!A1358) -> 0 | BG2011: =('Inteligencia emocional'!H1358) -> 0 | BH2011: =('Inteligencia emocional'!H1364) -> 0 | BO2011: =('Inteligencia emocional'!A1358) -> 0 | BP2011: =('Inteligencia emocional'!I1358) -> 0 | BQ2011: =('Inteligencia emocional'!I1364) -> 0 | BX2011: =('Inteligencia emocional'!A1358) -> 0 | BY2011: =('Inteligencia emocional'!J1358) -> 0 | BZ2011: =('Inteligencia emocional'!J1364) -> 0 | CG2011: =('Inteligencia emocional'!A1358) -> 0 | CH2011: =('Inteligencia emocional'!K1358) -> 0 | CI2011: =('Inteligencia emocional'!K1364) -> 0 | CP2011: =('Inteligencia emocional'!A1358) -> 0 | CQ2011: =('Inteligencia emocional'!L1358) -> 0 | CR2011: =('Inteligencia emocional'!L1364) -> 0 | CY2011: =('Inteligencia emocional'!A1358) -> 0 | CZ2011: =('Inteligencia emocional'!M1358) -> 0 | DA2011: =('Inteligencia emocional'!M1364) -> 0 | DH2011: =('Inteligencia emocional'!A1358) -> 0 | DI2011: =('Inteligencia emocional'!N1358) -> 0 | DJ2011: =('Inteligencia emocional'!N1364) -> 0 | DQ2011: =('Inteligencia emocional'!A1358) -> 0 | DR2011: =('Inteligencia emocional'!O1358) -> 0 | DS2011: =('Inteligencia emocional'!O1364) -> 0 | DZ2011: =('Inteligencia emocional'!A1358) -> 0 | EA2011: =('Inteligencia emocional'!P1358) -> 0 | EB2011: =('Inteligencia emocional'!P1364) -> 0 | EI2011: =('Inteligencia emocional'!A1358) -> 0 | EJ2011: =('Inteligencia emocional'!Q1358) -> 0 | EK2011: =('Inteligencia emocional'!Q1364) -> 0 | ER2011: =('Inteligencia emocional'!A1358) -> 0 | ES2011: =('Inteligencia emocional'!R1358) -> 0 | ET2011: =('Inteligencia emocional'!R1364) -> 0 | FA2011: =('Inteligencia emocional'!A1358) -> 0 | FB2011: =('Inteligencia emocional'!S1358) -> 0 | FC2011: =('Inteligencia emocional'!S1364) -> 0 | FJ2011: =('Inteligencia emocional'!A1358) -> 0 | FK2011: =('Inteligencia emocional'!T1358) -> 0 | FL2011: =('Inteligencia emocional'!T1364) -> 0 | FS2011: =('Inteligencia emocional'!A1358) -> 0 | FT2011: =('Inteligencia emocional'!U1358) -> 0 | FU2011: =('Inteligencia emocional'!U1364) -> 0 | GB2011: =('Inteligencia emocional'!A1358) -> 0 | GC2011: =('Inteligencia emocional'!V1358) -> 0 | GD2011: =('Inteligencia emocional'!V1364) -> 0 | GK2011: =('Inteligencia emocional'!A1358) -> 0 | GL2011: =('Inteligencia emocional'!W1358) -> 0 | GM2011: =('Inteligencia emocional'!W1364) -> 0 | GT2011: =('Inteligencia emocional'!A1358) -> 0 | GU2011: =('Inteligencia emocional'!X1358) -> 0 | GV2011: =('Inteligencia emocional'!X1364) -> 0 | HC2011: =('Inteligencia emocional'!A1358) -> 0 | HD2011: =('Inteligencia emocional'!Y1358) -> 0 | HE2011: =('Inteligencia emocional'!Y1364) -> 0
D2012: =('Inteligencia emocional'!A1359) -> 0 | E2012: =('Inteligencia emocional'!B1359) -> 0 | F2012: =('Inteligencia emocional'!B1365) -> 0 | M2012: =('Inteligencia emocional'!A1359) -> 0 | N2012: =('Inteligencia emocional'!C1359) -> 0 | O2012: =('Inteligencia emocional'!C1365) -> 0 | V2012: =('Inteligencia emocional'!A1359) -> 0 | W2012: =('Inteligencia emocional'!D1359) -> 0 | X2012: =('Inteligencia emocional'!D1365) -> 0 | AE2012: =('Inteligencia emocional'!A1359) -> 0 | AF2012: =('Inteligencia emocional'!E1359) -> 0 | AG2012: =('Inteligencia emocional'!E1365) -> 0 | AN2012: =('Inteligencia emocional'!A1359) -> 0 | AO2012: =('Inteligencia emocional'!F1359) -> 0 | AP2012: =('Inteligencia emocional'!F1365) -> 0 | AW2012: =('Inteligencia emocional'!A1359) -> 0 | AX2012: =('Inteligencia emocional'!G1359) -> 0 | AY2012: =('Inteligencia emocional'!G1365) -> 0 | BF2012: =('Inteligencia emocional'!A1359) -> 0 | BG2012: =('Inteligencia emocional'!H1359) -> 0 | BH2012: =('Inteligencia emocional'!H1365) -> 0 | BO2012: =('Inteligencia emocional'!A1359) -> 0 | BP2012: =('Inteligencia emocional'!I1359) -> 0 | BQ2012: =('Inteligencia emocional'!I1365) -> 0 | BX2012: =('Inteligencia emocional'!A1359) -> 0 | BY2012: =('Inteligencia emocional'!J1359) -> 0 | BZ2012: =('Inteligencia emocional'!J1365) -> 0 | CG2012: =('Inteligencia emocional'!A1359) -> 0 | CH2012: =('Inteligencia emocional'!K1359) -> 0 | CI2012: =('Inteligencia emocional'!K1365) -> 0 | CP2012: =('Inteligencia emocional'!A1359) -> 0 | CQ2012: =('Inteligencia emocional'!L1359) -> 0 | CR2012: =('Inteligencia emocional'!L1365) -> 0 | CY2012: =('Inteligencia emocional'!A1359) -> 0 | CZ2012: =('Inteligencia emocional'!M1359) -> 0 | DA2012: =('Inteligencia emocional'!M1365) -> 0 | DH2012: =('Inteligencia emocional'!A1359) -> 0 | DI2012: =('Inteligencia emocional'!N1359) -> 0 | DJ2012: =('Inteligencia emocional'!N1365) -> 0 | DQ2012: =('Inteligencia emocional'!A1359) -> 0 | DR2012: =('Inteligencia emocional'!O1359) -> 0 | DS2012: =('Inteligencia emocional'!O1365) -> 0 | DZ2012: =('Inteligencia emocional'!A1359) -> 0 | EA2012: =('Inteligencia emocional'!P1359) -> 0 | EB2012: =('Inteligencia emocional'!P1365) -> 0 | EI2012: =('Inteligencia emocional'!A1359) -> 0 | EJ2012: =('Inteligencia emocional'!Q1359) -> 0 | EK2012: =('Inteligencia emocional'!Q1365) -> 0 | ER2012: =('Inteligencia emocional'!A1359) -> 0 | ES2012: =('Inteligencia emocional'!R1359) -> 0 | ET2012: =('Inteligencia emocional'!R1365) -> 0 | FA2012: =('Inteligencia emocional'!A1359) -> 0 | FB2012: =('Inteligencia emocional'!S1359) -> 0 | FC2012: =('Inteligencia emocional'!S1365) -> 0 | FJ2012: =('Inteligencia emocional'!A1359) -> 0 | FK2012: =('Inteligencia emocional'!T1359) -> 0 | FL2012: =('Inteligencia emocional'!T1365) -> 0 | FS2012: =('Inteligencia emocional'!A1359) -> 0 | FT2012: =('Inteligencia emocional'!U1359) -> 0 | FU2012: =('Inteligencia emocional'!U1365) -> 0 | GB2012: =('Inteligencia emocional'!A1359) -> 0 | GC2012: =('Inteligencia emocional'!V1359) -> 0 | GD2012: =('Inteligencia emocional'!V1365) -> 0 | GK2012: =('Inteligencia emocional'!A1359) -> 0 | GL2012: =('Inteligencia emocional'!W1359) -> 0 | GM2012: =('Inteligencia emocional'!W1365) -> 0 | GT2012: =('Inteligencia emocional'!A1359) -> 0 | GU2012: =('Inteligencia emocional'!X1359) -> 0 | GV2012: =('Inteligencia emocional'!X1365) -> 0 | HC2012: =('Inteligencia emocional'!A1359) -> 0 | HD2012: =('Inteligencia emocional'!Y1359) -> 0 | HE2012: =('Inteligencia emocional'!Y1365) -> 0
D2013: =('Inteligencia emocional'!A1360) -> 0 | E2013: =('Inteligencia emocional'!B1360) -> 0 | F2013: =('Inteligencia emocional'!B1366) -> 0 | M2013: =('Inteligencia emocional'!A1360) -> 0 | N2013: =('Inteligencia emocional'!C1360) -> 0 | O2013: =('Inteligencia emocional'!C1366) -> 0 | V2013: =('Inteligencia emocional'!A1360) -> 0 | W2013: =('Inteligencia emocional'!D1360) -> 0 | X2013: =('Inteligencia emocional'!D1366) -> 0 | AE2013: =('Inteligencia emocional'!A1360) -> 0 | AF2013: =('Inteligencia emocional'!E1360) -> 0 | AG2013: =('Inteligencia emocional'!E1366) -> 0 | AN2013: =('Inteligencia emocional'!A1360) -> 0 | AO2013: =('Inteligencia emocional'!F1360) -> 0 | AP2013: =('Inteligencia emocional'!F1366) -> 0 | AW2013: =('Inteligencia emocional'!A1360) -> 0 | AX2013: =('Inteligencia emocional'!G1360) -> 0 | AY2013: =('Inteligencia emocional'!G1366) -> 0 | BF2013: =('Inteligencia emocional'!A1360) -> 0 | BG2013: =('Inteligencia emocional'!H1360) -> 0 | BH2013: =('Inteligencia emocional'!H1366) -> 0 | BO2013: =('Inteligencia emocional'!A1360) -> 0 | BP2013: =('Inteligencia emocional'!I1360) -> 0 | BQ2013: =('Inteligencia emocional'!I1366) -> 0 | BX2013: =('Inteligencia emocional'!A1360) -> 0 | BY2013: =('Inteligencia emocional'!J1360) -> 0 | BZ2013: =('Inteligencia emocional'!J1366) -> 0 | CG2013: =('Inteligencia emocional'!A1360) -> 0 | CH2013: =('Inteligencia emocional'!K1360) -> 0 | CI2013: =('Inteligencia emocional'!K1366) -> 0 | CP2013: =('Inteligencia emocional'!A1360) -> 0 | CQ2013: =('Inteligencia emocional'!L1360) -> 0 | CR2013: =('Inteligencia emocional'!L1366) -> 0 | CY2013: =('Inteligencia emocional'!A1360) -> 0 | CZ2013: =('Inteligencia emocional'!M1360) -> 0 | DA2013: =('Inteligencia emocional'!M1366) -> 0 | DH2013: =('Inteligencia emocional'!A1360) -> 0 | DI2013: =('Inteligencia emocional'!N1360) -> 0 | DJ2013: =('Inteligencia emocional'!N1366) -> 0 | DQ2013: =('Inteligencia emocional'!A1360) -> 0 | DR2013: =('Inteligencia emocional'!O1360) -> 0 | DS2013: =('Inteligencia emocional'!O1366) -> 0 | DZ2013: =('Inteligencia emocional'!A1360) -> 0 | EA2013: =('Inteligencia emocional'!P1360) -> 0 | EB2013: =('Inteligencia emocional'!P1366) -> 0 | EI2013: =('Inteligencia emocional'!A1360) -> 0 | EJ2013: =('Inteligencia emocional'!Q1360) -> 0 | EK2013: =('Inteligencia emocional'!Q1366) -> 0 | ER2013: =('Inteligencia emocional'!A1360) -> 0 | ES2013: =('Inteligencia emocional'!R1360) -> 0 | ET2013: =('Inteligencia emocional'!R1366) -> 0 | FA2013: =('Inteligencia emocional'!A1360) -> 0 | FB2013: =('Inteligencia emocional'!S1360) -> 0 | FC2013: =('Inteligencia emocional'!S1366) -> 0 | FJ2013: =('Inteligencia emocional'!A1360) -> 0 | FK2013: =('Inteligencia emocional'!T1360) -> 0 | FL2013: =('Inteligencia emocional'!T1366) -> 0 | FS2013: =('Inteligencia emocional'!A1360) -> 0 | FT2013: =('Inteligencia emocional'!U1360) -> 0 | FU2013: =('Inteligencia emocional'!U1366) -> 0 | GB2013: =('Inteligencia emocional'!A1360) -> 0 | GC2013: =('Inteligencia emocional'!V1360) -> 0 | GD2013: =('Inteligencia emocional'!V1366) -> 0 | GK2013: =('Inteligencia emocional'!A1360) -> 0 | GL2013: =('Inteligencia emocional'!W1360) -> 0 | GM2013: =('Inteligencia emocional'!W1366) -> 0 | GT2013: =('Inteligencia emocional'!A1360) -> 0 | GU2013: =('Inteligencia emocional'!X1360) -> 0 | GV2013: =('Inteligencia emocional'!X1366) -> 0 | HC2013: =('Inteligencia emocional'!A1360) -> 0 | HD2013: =('Inteligencia emocional'!Y1360) -> 0 | HE2013: =('Inteligencia emocional'!Y1366) -> 0
D2046: =IF(E2046=F2008,D2008,IF(E2046=F2009,D2009,IF(E2046=F2010,D2010,IF(E2046=F2011,D2011,IF(E2046=F2012,D2012,"ALGO ESTA MAL"))))) -> 0 | E2046: =LARGE($F$2008:$F$2012,C1046) -> 0 | F2046: =IF(E2046>0.1%,E2046,"Algo Esta Mal") -> 0 | G2046: =IF(F2046=E2046,D2046," ") -> 0 | M2046: =IF(N2046=O2008,M2008,IF(N2046=O2009,M2009,IF(N2046=O2010,M2010,IF(N2046=O2011,M2011,IF(N2046=O2012,M2012,"ALGO ESTA MAL"))))) -> 0 | N2046: =LARGE($O$2008:$O$2012,L1046) -> 0 | O2046: =IF(N2046>0.1%,N2046,"Algo Esta Mal") -> 0 | P2046: =IF(O2046=N2046,M2046," ") -> 0 | V2046: =IF(W2046=X2008,V2008,IF(W2046=X2009,V2009,IF(W2046=X2010,V2010,IF(W2046=X2011,V2011,IF(W2046=X2012,V2012,"ALGO ESTA MAL"))))) -> 0 | W2046: =LARGE($X$2008:$X$2012,U1046) -> 0 | X2046: =IF(W2046>0.1%,W2046,"Algo Esta Mal") -> 0 | Y2046: =IF(X2046=W2046,V2046," ") -> 0 | AE2046: =IF(AF2046=AG2008,AE2008,IF(AF2046=AG2009,AE2009,IF(AF2046=AG2010,AE2010,IF(AF2046=AG2011,AE2011,IF(AF2046=AG2012,AE2012,"ALGO ESTA MAL"))))) -> 0 | AF2046: =LARGE($AG$2008:$AG$2012,AD1046) -> 0 | AG2046: =IF(AF2046>0.1%,AF2046,"Algo Esta Mal") -> 0 | AH2046: =IF(AG2046=AF2046,AE2046," ") -> 0 | AN2046: =IF(AO2046=AP2008,AN2008,IF(AO2046=AP2009,AN2009,IF(AO2046=AP2010,AN2010,IF(AO2046=AP2011,AN2011,IF(AO2046=AP2012,AN2012,"ALGO ESTA MAL"))))) -> 0 | AO2046: =LARGE($AP$2008:$AP$2012,AM1046) -> 0 | AP2046: =IF(AO2046>0.1%,AO2046,"Algo Esta Mal") -> 0 | AQ2046: =IF(AP2046=AO2046,AN2046," ") -> 0 | AW2046: =IF(AX2046=AY2008,AW2008,IF(AX2046=AY2009,AW2009,IF(AX2046=AY2010,AW2010,IF(AX2046=AY2011,AW2011,IF(AX2046=AY2012,AW2012,"ALGO ESTA MAL"))))) -> 0 | AX2046: =LARGE($AY$2008:$AY$2012,AV1046) -> 0 | AY2046: =IF(AX2046>0.1%,AX2046,"Algo Esta Mal") -> 0 | AZ2046: =IF(AY2046=AX2046,AW2046," ") -> 0 | BF2046: =IF(BG2046=BH2008,BF2008,IF(BG2046=BH2009,BF2009,IF(BG2046=BH2010,BF2010,IF(BG2046=BH2011,BF2011,IF(BG2046=BH2012,BF2012,"ALGO ESTA MAL"))))) -> 0 | BG2046: =LARGE($BH$2008:$BH$2012,BE1046) -> 0 | BH2046: =IF(BG2046>0.1%,BG2046,"Algo Esta Mal") -> 0 | BI2046: =IF(BH2046=BG2046,BF2046," ") -> 0 | BO2046: =IF(BP2046=BQ2008,BO2008,IF(BP2046=BQ2009,BO2009,IF(BP2046=BQ2010,BO2010,IF(BP2046=BQ2011,BO2011,IF(BP2046=BQ2012,BO2012,"ALGO ESTA MAL"))))) -> 0 | BP2046: =LARGE($BQ$2008:$BQ$2012,BN1046) -> 0 | BQ2046: =IF(BP2046>0.1%,BP2046,"Algo Esta Mal") -> 0 | BR2046: =IF(BQ2046=BP2046,BO2046," ") -> 0 | BX2046: =IF(BY2046=BZ2008,BX2008,IF(BY2046=BZ2009,BX2009,IF(BY2046=BZ2010,BX2010,IF(BY2046=BZ2011,BX2011,IF(BY2046=BZ2012,BX2012,"ALGO ESTA MAL"))))) -> 0 | BY2046: =LARGE($BZ$2008:$BZ$2012,BW1046) -> 0 | BZ2046: =IF(BY2046>0.1%,BY2046,"Algo Esta Mal") -> 0 | CA2046: =IF(BZ2046=BY2046,BX2046," ") -> 0 | CG2046: =IF(CH2046=CI2008,CG2008,IF(CH2046=CI2009,CG2009,IF(CH2046=CI2010,CG2010,IF(CH2046=CI2011,CG2011,IF(CH2046=CI2012,CG2012,"ALGO ESTA MAL"))))) -> 0 | CH2046: =LARGE($CI$2008:$CI$2012,CF1046) -> 0 | CI2046: =IF(CH2046>0.1%,CH2046,"Algo Esta Mal") -> 0 | CJ2046: =IF(CI2046=CH2046,CG2046," ") -> 0 | CP2046: =IF(CQ2046=CR2008,CP2008,IF(CQ2046=CR2009,CP2009,IF(CQ2046=CR2010,CP2010,IF(CQ2046=CR2011,CP2011,IF(CQ2046=CR2012,CP2012,"ALGO ESTA MAL"))))) -> 0 | CQ2046: =LARGE($CR$2008:$CR$2012,CO1046) -> 0 | CR2046: =IF(CQ2046>0.1%,CQ2046,"Algo Esta Mal") -> 0 | CS2046: =IF(CR2046=CQ2046,CP2046," ") -> 0 | CY2046: =IF(CZ2046=DA2008,CY2008,IF(CZ2046=DA2009,CY2009,IF(CZ2046=DA2010,CY2010,IF(CZ2046=DA2011,CY2011,IF(CZ2046=DA2012,CY2012,"ALGO ESTA MAL"))))) -> 0 | CZ2046: =LARGE($DA$2008:$DA$2012,CX1046) -> 0 | DA2046: =IF(CZ2046>0.1%,CZ2046,"Algo Esta Mal") -> 0 | DB2046: =IF(DA2046=CZ2046,CY2046," ") -> 0 | DH2046: =IF(DI2046=DJ2008,DH2008,IF(DI2046=DJ2009,DH2009,IF(DI2046=DJ2010,DH2010,IF(DI2046=DJ2011,DH2011,IF(DI2046=DJ2012,DH2012,"ALGO ESTA MAL"))))) -> 0 | DI2046: =LARGE($DJ$2008:$DJ$2012,DG1046) -> 0 | DJ2046: =IF(DI2046>0.1%,DI2046,"Algo Esta Mal") -> 0 | DK2046: =IF(DJ2046=DI2046,DH2046," ") -> 0 | DQ2046: =IF(DR2046=DS2008,DQ2008,IF(DR2046=DS2009,DQ2009,IF(DR2046=DS2010,DQ2010,IF(DR2046=DS2011,DQ2011,IF(DR2046=DS2012,DQ2012,"ALGO ESTA MAL"))))) -> 0 | DR2046: =LARGE($DS$2008:$DS$2012,DP1046) -> 0 | DS2046: =IF(DR2046>0.1%,DR2046,"Algo Esta Mal") -> 0 | DT2046: =IF(DS2046=DR2046,DQ2046," ") -> 0 | DZ2046: =IF(EA2046=EB2008,DZ2008,IF(EA2046=EB2009,DZ2009,IF(EA2046=EB2010,DZ2010,IF(EA2046=EB2011,DZ2011,IF(EA2046=EB2012,DZ2012,"ALGO ESTA MAL"))))) -> 0 | EA2046: =LARGE($EB$2008:$EB$2012,DY1046) -> 0 | EB2046: =IF(EA2046>0.1%,EA2046,"Algo Esta Mal") -> 0 | EC2046: =IF(EB2046=EA2046,DZ2046," ") -> 0 | EI2046: =IF(EJ2046=EK2008,EI2008,IF(EJ2046=EK2009,EI2009,IF(EJ2046=EK2010,EI2010,IF(EJ2046=EK2011,EI2011,IF(EJ2046=EK2012,EI2012,"ALGO ESTA MAL"))))) -> 0 | EJ2046: =LARGE($EK$2008:$EK$2012,EH1046) -> 0 | EK2046: =IF(EJ2046>0.1%,EJ2046,"Algo Esta Mal") -> 0 | EL2046: =IF(EK2046=EJ2046,EI2046," ") -> 0 | ER2046: =IF(ES2046=ET2008,ER2008,IF(ES2046=ET2009,ER2009,IF(ES2046=ET2010,ER2010,IF(ES2046=ET2011,ER2011,IF(ES2046=ET2012,ER2012,"ALGO ESTA MAL"))))) -> 0 | ES2046: =LARGE($ET$2008:$ET$2012,EQ1046) -> 0 | ET2046: =IF(ES2046>0.1%,ES2046,"Algo Esta Mal") -> 0 | EU2046: =IF(ET2046=ES2046,ER2046," ") -> 0 | FA2046: =IF(FB2046=FC2008,FA2008,IF(FB2046=FC2009,FA2009,IF(FB2046=FC2010,FA2010,IF(FB2046=FC2011,FA2011,IF(FB2046=FC2012,FA2012,"ALGO ESTA MAL"))))) -> 0 | FB2046: =LARGE($FC$2008:$FC$2012,EZ1046) -> 0 | FC2046: =IF(FB2046>0.1%,FB2046,"Algo Esta Mal") -> 0 | FD2046: =IF(FC2046=FB2046,FA2046," ") -> 0 | FJ2046: =IF(FK2046=FL2008,FJ2008,IF(FK2046=FL2009,FJ2009,IF(FK2046=FL2010,FJ2010,IF(FK2046=FL2011,FJ2011,IF(FK2046=FL2012,FJ2012,"ALGO ESTA MAL"))))) -> 0 | FK2046: =LARGE($FL$2008:$FL$2012,FI1046) -> 0 | FL2046: =IF(FK2046>0.1%,FK2046,"Algo Esta Mal") -> 0 | FM2046: =IF(FL2046=FK2046,FJ2046," ") -> 0 | FS2046: =IF(FT2046=FU2008,FS2008,IF(FT2046=FU2009,FS2009,IF(FT2046=FU2010,FS2010,IF(FT2046=FU2011,FS2011,IF(FT2046=FU2012,FS2012,"ALGO ESTA MAL"))))) -> 0 | FT2046: =LARGE($FU$2008:$FU$2012,FR1046) -> 0 | FU2046: =IF(FT2046>0.1%,FT2046,"Algo Esta Mal") -> 0 | FV2046: =IF(FU2046=FT2046,FS2046," ") -> 0 | GB2046: =IF(GC2046=GD2008,GB2008,IF(GC2046=GD2009,GB2009,IF(GC2046=GD2010,GB2010,IF(GC2046=GD2011,GB2011,IF(GC2046=GD2012,GB2012,"ALGO ESTA MAL"))))) -> 0 | GC2046: =LARGE($GD$2008:$GD$2012,GA1046) -> 0 | GD2046: =IF(GC2046>0.1%,GC2046,"Algo Esta Mal") -> 0 | GE2046: =IF(GD2046=GC2046,GB2046," ") -> 0 | GK2046: =IF(GL2046=GM2008,GK2008,IF(GL2046=GM2009,GK2009,IF(GL2046=GM2010,GK2010,IF(GL2046=GM2011,GK2011,IF(GL2046=GM2012,GK2012,"ALGO ESTA MAL"))))) -> 0 | GL2046: =LARGE($GM$2008:$GM$2012,GJ1046) -> 0 | GM2046: =IF(GL2046>0.1%,GL2046,"Algo Esta Mal") -> 0 | GN2046: =IF(GM2046=GL2046,GK2046," ") -> 0 | GT2046: =IF(GU2046=GV2008,GT2008,IF(GU2046=GV2009,GT2009,IF(GU2046=GV2010,GT2010,IF(GU2046=GV2011,GT2011,IF(GU2046=GV2012,GT2012,"ALGO ESTA MAL"))))) -> 0 | GU2046: =LARGE($GV$2008:$GV$2012,GS1046) -> 0 | GV2046: =IF(GU2046>0.1%,GU2046,"Algo Esta Mal") -> 0 | GW2046: =IF(GV2046=GU2046,GT2046," ") -> 0 | HC2046: =IF(HD2046=HE2008,HC2008,IF(HD2046=HE2009,HC2009,IF(HD2046=HE2010,HC2010,IF(HD2046=HE2011,HC2011,IF(HD2046=HE2012,HC2012,"ALGO ESTA MAL"))))) -> 0 | HD2046: =LARGE($HE$2008:$HE$2012,HB1046) -> 0 | HE2046: =IF(HD2046>0.1%,HD2046,"Algo Esta Mal") -> 0 | HF2046: =IF(HE2046=HD2046,HC2046," ") -> 0
