Workbook

Sheet Clima institucional
A1: Dimension 1
B3: Estructuración Organizacional | F3: Relaciones Interpersonales | J3: Identidad Institucional | N3: Total | O3: Valoración
B4: PRG.1 | C4: PRG.2 | D4: PRG.3 | E4: PRG.4 | F4: PRG.5 | G4: PRG.6 | H4: PRG.7 | I4: PRG.8 | J4: PRG.9 | K4: PRG.10 | L4: PRG.11 | M4: PRG.12
A5: Docentes 1 | B5: 3 | C5: 1 | D5: 4 | E5: 1 | F5: 4 | G5: 4 | H5: 3 | I5: 4 | J5: 3 | K5: 4 | L5: 2 | M5: 4 | N5: 37
A6: Docentes 2 | B6: 2 | C6: 2 | D6: 2 | E6: 2 | F6: 2 | G6: 3 | H6: 3 | I6: 3 | J6: 3 | K6: 3 | L6: 3 | M6: 4 | N6: 32
A7: Docentes 3 | B7: 3 | C7: 2 | D7: 2 | E7: 1 | F7: 3 | G7: 3 | H7: 3 | I7: 2 | J7: 2 | K7: 3 | L7: 2 | M7: 3 | N7: 29
A8: Docentes 4 | B8: 1 | C8: 1 | D8: 1 | E8: 2 | F8: 1 | G8: 1 | H8: 2 | I8: 1 | J8: 1 | K8: 1 | L8: 1 | M8: 1 | N8: 14
A9: Docentes 5 | B9: 1 | C9: 1 | D9: 1 | E9: 2 | F9: 1 | G9: 1 | H9: 2 | I9: 2 | J9: 1 | K9: 1 | L9: 1 | M9: 1 | N9: 15
A10: Docentes 6 | B10: 1 | C10: 2 | D10: 1 | E10: 3 | F10: 2 | G10: 1 | H10: 2 | I10: 2 | J10: 2 | K10: 2 | L10: 2 | M10: 2 | N10: 22
A11: Docentes 7 | B11: 1 | C11: 2 | D11: 1 | E11: 3 | F11: 1 | G11: 2 | H11: 1 | I11: 1 | J11: 1 | K11: 1 | L11: 1 | M11: 1 | N11: 16
A12: Docentes 8 | B12: 4 | C12: 2 | D12: 5 | E12: 2 | F12: 3 | G12: 5 | H12: 3 | I12: 5 | J12: 5 | K12: 5 | L12: 4 | M12: 5 | N12: 48
A13: Docentes 9 | B13: 1 | C13: 3 | D13: 1 | E13: 1 | F13: 2 | G13: 2 | H13: 2 | I13: 1 | J13: 1 | K13: 2 | L13: 2 | M13: 1 | N13: 19
A14: Docentes 10 | B14: 1 | C14: 1 | D14: 2 | E14: 3 | F14: 1 | G14: 1 | H14: 2 | I14: 2 | J14: 1 | K14: 2 | L14: 1 | M14: 1 | N14: 18
A15: Docentes 11 | B15: 5 | C15: 3 | D15: 5 | E15: 2 | F15: 5 | G15: 5 | H15: 2 | I15: 4 | J15: 4 | K15: 4 | L15: 3 | M15: 4 | N15: 46
A16: Docentes 12 | B16: 1 | C16: 2 | D16: 1 | E16: 2 | F16: 1 | G16: 1 | H16: 2 | I16: 1 | J16: 1 | K16: 1 | L16: 1 | M16: 1 | N16: 15
... A24: Docentes 20 | B24: 1 | C24: 2 | D24: 2 | E24: 3 | F24: 1 | G24: 1 | H24: 1 | I24: 1 | J24: 1 | K24: 1 | L24: 2 | M24: 1 | N24: 17
A25: TOTAL | B25: =SUM(B5:B24) -> 38 | C25: =SUM(C5:C24) -> 36 | D25: =SUM(D5:D24) -> 43 | E25: =SUM(E5:E24) -> 40 | F25: =SUM(F5:F24) -> 42 | G25: =SUM(G5:G24) -> 44 | H25: =SUM(H5:H24) -> 42 | I25: =SUM(I5:I24) -> 44 | ... N25: =SUM(N5:N24) -> 494
A26: MODA | B26: =MODE(B5:B24) -> 1 | C26: =MODE(C5:C24) -> 2 | D26: =MODE(D5:D24) -> 2 | E26: =MODE(E5:E24) -> 2 | F26: =MODE(F5:F24) -> 2 | G26: =MODE(G5:G24) -> 1 | H26: =MODE(H5:H24) -> 2 | I26: =MODE(I5:I24) -> 2 | ... N26: =MODE(N5:N24) -> 15
A27: MEDIA | B27: =(B25/20) -> 1.9 | C27: =(C25/20) -> 1.8 | D27: =(D25/20) -> 2.15 | E27: =(E25/20) -> 2 | F27: =(F25/20) -> 2.1 | G27: =(G25/20) -> 2.2 | H27: =(H25/20) -> 2.1 | I27: =(I25/20) -> 2.2 | ... N27: =(N25/20) -> 24.7
A28: MEDIANA | B28: =MEDIAN(B5:B24) -> 1.5 | C28: =MEDIAN(C5:C24) -> 2 | D28: =MEDIAN(D5:D24) -> 2 | E28: =MEDIAN(E5:E24) -> 2 | F28: =MEDIAN(F5:F24) -> 2 | G28: =MEDIAN(G5:G24) -> 2 | H28: =MEDIAN(H5:H24) -> 2 | I28: =MEDIAN(I5:I24) -> 2 | ... N28: =MEDIAN(N5:N24) -> 22
A29: Desv.Est | B29: =ROUND(STDEV(B5:B24),2) -> 1.17 | C29: =ROUND(STDEV(C5:C24),2) -> 0.7 | D29: =ROUND(STDEV(D5:D24),2) -> 1.31 | E29: =ROUND(STDEV(E5:E24),2) -> 0.79 | F29: =ROUND(STDEV(F5:F24),2) -> 1.17 | G29: =ROUND(STDEV(G5:G24),2) -> 1.36 | H29: =ROUND(STDEV(H5:H24),2) -> 0.79 | I29: =ROUND(STDEV(I5:I24),2) -> 1.32 | ... N29: =ROUND(STDEV(N5:N24),2) -> 11.19
A30: Coef. Varia. | B30: =(B29/B27) -> 0.61578947 | C30: =(C29/C27) -> 0.38888889 | D30: =(D29/D27) -> 0.60930233 | E30: =(E29/E27) -> 0.395 | F30: =(F29/F27) -> 0.55714286 | G30: =(G29/G27) -> 0.61818182 | H30: =(H29/H27) -> 0.37619048 | I30: =(I29/I27) -> 0.6 | ... N30: =(N29/N27) -> 0.45303644
A31: Nunca | B31: =COUNTIF($B$5:$B$24,$A1020) -> 10 | C31: =COUNTIF($C$5:$C$24,$A1020) -> 7 | D31: =COUNTIF($D$5:$D$24,$A1020) -> 7 | E31: =COUNTIF($E$5:$E$24,$A1020) -> 6 | F31: =COUNTIF($F$5:$F$24,$A1020) -> 7 | G31: =COUNTIF($G$5:$G$24,$A1020) -> 8 | H31: =COUNTIF($H$5:$H$24,$A1020) -> 5 | I31: =COUNTIF($I$5:$I$24,$A1020) -> 7 | J31: =COUNTIF($J$5:$J$24,$A1020) -> 9 | K31: =COUNTIF($K$5:$K$24,$A1020) -> 8 | L31: =COUNTIF($L$5:$L$24,$A1020) -> 8 | M31: =COUNTIF($M$5:$M$24,$A1020) -> 9
A32: Casi Nunca | B32: =COUNTIF($B$5:$B$24,$A1021) -> 5 | C32: =COUNTIF($C$5:$C$24,$A1021) -> 10 | D32: =COUNTIF($D$5:$D$24,$A1021) -> 9 | E32: =COUNTIF($E$5:$E$24,$A1021) -> 8 | F32: =COUNTIF($F$5:$F$24,$A1021) -> 8 | G32: =COUNTIF($G$5:$G$24,$A1021) -> 6 | H32: =COUNTIF($H$5:$H$24,$A1021) -> 8 | I32: =COUNTIF($I$5:$I$24,$A1021) -> 8 | J32: =COUNTIF($J$5:$J$24,$A1021) -> 5 | K32: =COUNTIF($K$5:$K$24,$A1021) -> 6 | L32: =COUNTIF($L$5:$L$24,$A1021) -> 8 | M32: =COUNTIF($M$5:$M$24,$A1021) -> 5
A33: A veces | B33: =COUNTIF($B$5:$B$24,$A1022) -> 3 | C33: =COUNTIF($C$5:$C$24,$A1022) -> 3 | D33: =COUNTIF($D$5:$D$24,$A1022) -> 0 | E33: =COUNTIF($E$5:$E$24,$A1022) -> 6 | F33: =COUNTIF($F$5:$F$24,$A1022) -> 2 | G33: =COUNTIF($G$5:$G$24,$A1022) -> 2 | H33: =COUNTIF($H$5:$H$24,$A1022) -> 7 | I33: =COUNTIF($I$5:$I$24,$A1022) -> 1 | J33: =COUNTIF($J$5:$J$24,$A1022) -> 4 | K33: =COUNTIF($K$5:$K$24,$A1022) -> 2 | L33: =COUNTIF($L$5:$L$24,$A1022) -> 2 | M33: =COUNTIF($M$5:$M$24,$A1022) -> 1
A34: Casi siempre | B34: =COUNTIF($B$5:$B$24,$A1023) -> 1 | C34: =COUNTIF($C$5:$C$24,$A1023) -> 0 | D34: =COUNTIF($D$5:$D$24,$A1023) -> 2 | E34: =COUNTIF($E$5:$E$24,$A1023) -> 0 | F34: =COUNTIF($F$5:$F$24,$A1023) -> 2 | G34: =COUNTIF($G$5:$G$24,$A1023) -> 2 | H34: =COUNTIF($H$5:$H$24,$A1023) -> 0 | I34: =COUNTIF($I$5:$I$24,$A1023) -> 2 | J34: =COUNTIF($J$5:$J$24,$A1023) -> 1 | K34: =COUNTIF($K$5:$K$24,$A1023) -> 3 | L34: =COUNTIF($L$5:$L$24,$A1023) -> 2 | M34: =COUNTIF($M$5:$M$24,$A1023) -> 3
A35: Siempre | B35: =COUNTIF($B$5:$B$24,$A1024) -> 1 | C35: =COUNTIF($C$5:$C$24,$A1024) -> 0 | D35: =COUNTIF($D$5:$D$24,$A1024) -> 2 | E35: =COUNTIF($E$5:$E$24,$A1024) -> 0 | F35: =COUNTIF($F$5:$F$24,$A1024) -> 1 | G35: =COUNTIF($G$5:$G$24,$A1024) -> 2 | H35: =COUNTIF($H$5:$H$24,$A1024) -> 0 | I35: =COUNTIF($I$5:$I$24,$A1024) -> 2 | J35: =COUNTIF($J$5:$J$24,$A1024) -> 1 | K35: =COUNTIF($K$5:$K$24,$A1024) -> 1 | L35: =COUNTIF($L$5:$L$24,$A1024) -> 0 | M35: =COUNTIF($M$5:$M$24,$A1024) -> 2
A36: Total | B36: =SUM($B31:$B35) -> 20 | C36: =SUM($C31:$C35) -> 20 | D36: =SUM($D31:$D35) -> 20 | E36: =SUM($E31:$E35) -> 20 | F36: =SUM($F31:$F35) -> 20 | G36: =SUM($G31:$G35) -> 20 | H36: =SUM($H31:$H35) -> 20 | I36: =SUM($I31:$I35) -> 20 | J36: =SUM($J31:$J35) -> 20 | K36: =SUM($K31:$K35) -> 20 | L36: =SUM($L31:$L35) -> 20 | M36: =SUM($M31:$M35) -> 20
A37: Nunca% | B37: =($B31/$B36) -> 0.5 | C37: =($C31/$C36) -> 0.35 | D37: =($D31/$D36) -> 0.35 | E37: =($E31/$E36) -> 0.3 | F37: =($F31/$F36) -> 0.35 | G37: =($G31/$G36) -> 0.4 | H37: =($H31/$H36) -> 0.25 | I37: =($I31/$I36) -> 0.35 | J37: =($J31/$J36) -> 0.45 | K37: =($K31/$K36) -> 0.4 | L37: =($L31/$L36) -> 0.4 | M37: =($M31/$M36) -> 0.45
A38: Casi Nunca% | B38: =($B32/$B36) -> 0.25 | C38: =($C32/$C36) -> 0.5 | D38: =($D32/$D36) -> 0.45 | E38: =($E32/$E36) -> 0.4 | F38: =($F32/$F36) -> 0.4 | G38: =($G32/$G36) -> 0.3 | H38: =($H32/$H36) -> 0.4 | I38: =($I32/$I36) -> 0.4 | J38: =($J32/$J36) -> 0.25 | K38: =($K32/$K36) -> 0.3 | L38: =($L32/$L36) -> 0.4 | M38: =($M32/$M36) -> 0.25
A39: A veces% | B39: =($B33/$B36) -> 0.15 | C39: =($C33/$C36) -> 0.15 | D39: =($D33/$D36) -> 0 | E39: =($E33/$E36) -> 0.3 | F39: =($F33/$F36) -> 0.1 | G39: =($G33/$G36) -> 0.1 | H39: =($H33/$H36) -> 0.35 | I39: =($I33/$I36) -> 0.05 | J39: =($J33/$J36) -> 0.2 | K39: =($K33/$K36) -> 0.1 | L39: =($L33/$L36) -> 0.1 | M39: =($M33/$M36) -> 0.05
A40: Casi siempre% | B40: =($B34/$B36) -> 0.05 | C40: =($C34/$C36) -> 0 | D40: =($D34/$D36) -> 0.1 | E40: =($E34/$E36) -> 0 | F40: =($F34/$F36) -> 0.1 | G40: =($G34/$G36) -> 0.1 | H40: =($H34/$H36) -> 0 | I40: =($I34/$I36) -> 0.1 | J40: =($J34/$J36) -> 0.05 | K40: =($K34/$K36) -> 0.15 | L40: =($L34/$L36) -> 0.1 | M40: =($M34/$M36) -> 0.15
A41: Siempre% | B41: =($B35/$B36) -> 0.05 | C41: =($C35/$C36) -> 0 | D41: =($D35/$D36) -> 0.1 | E41: =($E35/$E36) -> 0 | F41: =($F35/$F36) -> 0.05 | G41: =($G35/$G36) -> 0.1 | H41: =($H35/$H36) -> 0 | I41: =($I35/$I36) -> 0.1 | J41: =($J35/$J36) -> 0.05 | K41: =($K35/$K36) -> 0.05 | L41: =($L35/$L36) -> 0 | M41: =($M35/$M36) -> 0.1
A42: Total % | B42: =SUM($B37:$B41) -> 1 | C42: =SUM($C37:$C41) -> 1 | D42: =SUM($D37:$D41) -> 1 | E42: =SUM($E37:$E41) -> 1 | F42: =SUM($F37:$F41) -> 1 | G42: =SUM($G37:$G41) -> 1 | H42: =SUM($H37:$H41) -> 1 | I42: =SUM($I37:$I41) -> 1 | J42: =SUM($J37:$J41) -> 1 | K42: =SUM($K37:$K41) -> 1 | L42: =SUM($L37:$L41) -> 1 | M42: =SUM($M37:$M41) -> 1
A1020: 1
A1021: 2
A1022: 3
A1023: 4
A1024: 5
B1025: =SUM($B1020:$B1024) -> 0 | C1025: =SUM($C1020:$C1024) -> 0 | D1025: =SUM($D1020:$D1024) -> 0 | E1025: =SUM($E1020:$E1024) -> 0 | F1025: =SUM($F1020:$F1024) -> 0 | G1025: =SUM($G1020:$G1024) -> 0 | H1025: =SUM($H1020:$H1024) -> 0 | I1025: =SUM($I1020:$I1024) -> 0 | J1025: =SUM($J1020:$J1024) -> 0 | K1025: =SUM($K1020:$K1024) -> 0 | L1025: =SUM($L1020:$L1024) -> 0 | M1025: =SUM($M1020:$M1024) -> 0
B1031: =SUM($B1026:$B1030) -> 0 | C1031: =SUM($C1026:$C1030) -> 0 | D1031: =SUM($D1026:$D1030) -> 0 | E1031: =SUM($E1026:$E1030) -> 0 | F1031: =SUM($F1026:$F1030) -> 0 | G1031: =SUM($G1026:$G1030) -> 0 | H1031: =SUM($H1026:$H1030) -> 0 | I1031: =SUM($I1026:$I1030) -> 0 | J1031: =SUM($J1026:$J1030) -> 0 | K1031: =SUM($K1026:$K1030) -> 0 | L1031: =SUM($L1026:$L1030) -> 0 | M1031: =SUM($M1026:$M1030) -> 0

Sheet Por Valoracion (3) Dimension
A1: Dimension 1
A2: Nº de Personas | B2: Estructuración Organizacional | D2: Relaciones Interpersonales | F2: Identidad Institucional | H2: Clima institucional
B3: Suma Total | C3: Valoración | D3: Suma Total | E3: Valoración | F3: Suma Total | G3: Valoración | H3: Suma Total | I3: Valoración
A4: Docentes 1 | B4: =SUM('Clima institucional'!B5:E5) -> 9 | C4: =IF(B4<=$Q$19,"Inadecuado",IF(B4<=$Q$20,"Regular",IF(B4<=$Q$21,"Adecuado",0))) -> Inadecuado | D4: =SUM('Clima institucional'!F5:I5) -> 15 | E4: =IF(D4<=$AC$19,"Inadecuado",IF(D4<=$AC$20,"Regular",IF(D4<=$AC$21,"Adecuado",0))) -> Regular | F4: =SUM('Clima institucional'!J5:M5) -> 13 | G4: =IF(F4<=$AO$19,"Inadecuado",IF(F4<=$AO$20,"Regular",IF(F4<=$AO$21,"Adecuado",0))) -> Regular | H4: =SUM(B4:F4) -> 37 | I4: =IF(H4<=$BA$19,"Inadecuado",IF(H4<=$BA$20,"Regular",IF(H4<=$BA$21,"Adecuado",0))) -> Regular | M4: Variable | N4: Clima institucional | Y4: Variable | Z4: Clima institucional | AK4: Variable | AL4: Clima institucional | AW4: Variable | AX4: Clima institucional
A5: Docentes 2 | B5: =SUM('Clima institucional'!B6:E6) -> 8 | C5: =IF(B5<=$Q$19,"Inadecuado",IF(B5<=$Q$20,"Regular",IF(B5<=$Q$21,"Adecuado",0))) -> Inadecuado | D5: =SUM('Clima institucional'!F6:I6) -> 11 | E5: =IF(D5<=$AC$19,"Inadecuado",IF(D5<=$AC$20,"Regular",IF(D5<=$AC$21,"Adecuado",0))) -> Regular | F5: =SUM('Clima institucional'!J6:M6) -> 13 | G5: =IF(F5<=$AO$19,"Inadecuado",IF(F5<=$AO$20,"Regular",IF(F5<=$AO$21,"Adecuado",0))) -> Regular | H5: =SUM(B5:F5) -> 32 | I5: =IF(H5<=$BA$19,"Inadecuado",IF(H5<=$BA$20,"Regular",IF(H5<=$BA$21,"Adecuado",0))) -> Regular | M5: Nombre de la Dimensión | N5: =B2 -> Estructuración Organizacional | Y5: Nombre de la Dimensión | Z5: =D2 -> Relaciones Interpersonales | AK5: Nombre de la Dimensión | AL5: =F2 -> Identidad Institucional
A6: Docentes 3 | B6: =SUM('Clima institucional'!B7:E7) -> 8 | C6: =IF(B6<=$Q$19,"Inadecuado",IF(B6<=$Q$20,"Regular",IF(B6<=$Q$21,"Adecuado",0))) -> Inadecuado | D6: =SUM('Clima institucional'!F7:I7) -> 11 | E6: =IF(D6<=$AC$19,"Inadecuado",IF(D6<=$AC$20,"Regular",IF(D6<=$AC$21,"Adecuado",0))) -> Regular | F6: =SUM('Clima institucional'!J7:M7) -> 10 | G6: =IF(F6<=$AO$19,"Inadecuado",IF(F6<=$AO$20,"Regular",IF(F6<=$AO$21,"Adecuado",0))) -> Regular | H6: =SUM(B6:F6) -> 29 | I6: =IF(H6<=$BA$19,"Inadecuado",IF(H6<=$BA$20,"Regular",IF(H6<=$BA$21,"Adecuado",0))) -> Regular | M6: Cantidad de Escalas Valorativas | N6: 3 | Y6: Cantidad de Escalas Valorativas | Z6: 3 | AK6: Cantidad de Escalas Valorativas | AL6: 3 | AW6: Cantidad de Escalas Valorativas | AX6: 3
A7: Docentes 4 | B7: =SUM('Clima institucional'!B8:E8) -> 5 | C7: =IF(B7<=$Q$19,"Inadecuado",IF(B7<=$Q$20,"Regular",IF(B7<=$Q$21,"Adecuado",0))) -> Inadecuado | D7: =SUM('Clima institucional'!F8:I8) -> 5 | E7: =IF(D7<=$AC$19,"Inadecuado",IF(D7<=$AC$20,"Regular",IF(D7<=$AC$21,"Adecuado",0))) -> Inadecuado | F7: =SUM('Clima institucional'!J8:M8) -> 4 | G7: =IF(F7<=$AO$19,"Inadecuado",IF(F7<=$AO$20,"Regular",IF(F7<=$AO$21,"Adecuado",0))) -> Inadecuado | H7: =SUM(B7:F7) -> 14 | I7: =IF(H7<=$BA$19,"Inadecuado",IF(H7<=$BA$20,"Regular",IF(H7<=$BA$21,"Adecuado",0))) -> Inadecuado | M7: Nº de Peguntas | N7: 4 | Y7: Nº de Peguntas | Z7: 4 | AK7: Nº de Peguntas | AL7: 4 | AW7: Nº de Peguntas | AX7: 12
A8: Docentes 5 | B8: =SUM('Clima institucional'!B9:E9) -> 5 | C8: =IF(B8<=$Q$19,"Inadecuado",IF(B8<=$Q$20,"Regular",IF(B8<=$Q$21,"Adecuado",0))) -> Inadecuado | D8: =SUM('Clima institucional'!F9:I9) -> 6 | E8: =IF(D8<=$AC$19,"Inadecuado",IF(D8<=$AC$20,"Regular",IF(D8<=$AC$21,"Adecuado",0))) -> Inadecuado | F8: =SUM('Clima institucional'!J9:M9) -> 4 | G8: =IF(F8<=$AO$19,"Inadecuado",IF(F8<=$AO$20,"Regular",IF(F8<=$AO$21,"Adecuado",0))) -> Inadecuado | H8: =SUM(B8:F8) -> 15 | I8: =IF(H8<=$BA$19,"Inadecuado",IF(H8<=$BA$20,"Regular",IF(H8<=$BA$21,"Adecuado",0))) -> Inadecuado | M8: Valor Mínimo por item | N8: 1 | Y8: Valor Mínimo por item | Z8: 1 | AK8: Valor Mínimo por item | AL8: 1 | AW8: Valor Mínimo por item | AX8: 1
A9: Docentes 6 | B9: =SUM('Clima institucional'!B10:E10) -> 7 | C9: =IF(B9<=$Q$19,"Inadecuado",IF(B9<=$Q$20,"Regular",IF(B9<=$Q$21,"Adecuado",0))) -> Inadecuado | D9: =SUM('Clima institucional'!F10:I10) -> 7 | E9: =IF(D9<=$AC$19,"Inadecuado",IF(D9<=$AC$20,"Regular",IF(D9<=$AC$21,"Adecuado",0))) -> Inadecuado | F9: =SUM('Clima institucional'!J10:M10) -> 8 | G9: =IF(F9<=$AO$19,"Inadecuado",IF(F9<=$AO$20,"Regular",IF(F9<=$AO$21,"Adecuado",0))) -> Inadecuado | H9: =SUM(B9:F9) -> 22 | I9: =IF(H9<=$BA$19,"Inadecuado",IF(H9<=$BA$20,"Regular",IF(H9<=$BA$21,"Adecuado",0))) -> Inadecuado | M9: Valor Máximo por item | N9: 5 | Y9: Valor Máximo por item | Z9: 5 | AK9: Valor Máximo por item | AL9: 5 | AW9: Valor Máximo por item | AX9: 5
A10: Docentes 7 | B10: =SUM('Clima institucional'!B11:E11) -> 7 | C10: =IF(B10<=$Q$19,"Inadecuado",IF(B10<=$Q$20,"Regular",IF(B10<=$Q$21,"Adecuado",0))) -> Inadecuado | D10: =SUM('Clima institucional'!F11:I11) -> 5 | E10: =IF(D10<=$AC$19,"Inadecuado",IF(D10<=$AC$20,"Regular",IF(D10<=$AC$21,"Adecuado",0))) -> Inadecuado | F10: =SUM('Clima institucional'!J11:M11) -> 4 | G10: =IF(F10<=$AO$19,"Inadecuado",IF(F10<=$AO$20,"Regular",IF(F10<=$AO$21,"Adecuado",0))) -> Inadecuado | H10: =SUM(B10:F10) -> 16 | I10: =IF(H10<=$BA$19,"Inadecuado",IF(H10<=$BA$20,"Regular",IF(H10<=$BA$21,"Adecuado",0))) -> Inadecuado | M10: Máximo | N10: =N7*N9 -> 20 | Y10: Máximo | Z10: =Z7*Z9 -> 20 | AK10: Máximo | AL10: =AL7*AL9 -> 20 | AW10: Máximo | AX10: =AX7*AX9 -> 60
A11: Docentes 8 | B11: =SUM('Clima institucional'!B12:E12) -> 13 | C11: =IF(B11<=$Q$19,"Inadecuado",IF(B11<=$Q$20,"Regular",IF(B11<=$Q$21,"Adecuado",0))) -> Regular | D11: =SUM('Clima institucional'!F12:I12) -> 16 | E11: =IF(D11<=$AC$19,"Inadecuado",IF(D11<=$AC$20,"Regular",IF(D11<=$AC$21,"Adecuado",0))) -> Adecuado | F11: =SUM('Clima institucional'!J12:M12) -> 19 | G11: =IF(F11<=$AO$19,"Inadecuado",IF(F11<=$AO$20,"Regular",IF(F11<=$AO$21,"Adecuado",0))) -> Adecuado | H11: =SUM(B11:F11) -> 48 | I11: =IF(H11<=$BA$19,"Inadecuado",IF(H11<=$BA$20,"Regular",IF(H11<=$BA$21,"Adecuado",0))) -> Adecuado | M11: Mínimo | N11: =N8*N7 -> 4 | Y11: Mínimo | Z11: =Z8*Z7 -> 4 | AK11: Mínimo | AL11: =AL8*AL7 -> 4 | AW11: Mínimo | AX11: =AX8*AX7 -> 12
A12: Docentes 9 | B12: =SUM('Clima institucional'!B13:E13) -> 6 | C12: =IF(B12<=$Q$19,"Inadecuado",IF(B12<=$Q$20,"Regular",IF(B12<=$Q$21,"Adecuado",0))) -> Inadecuado | D12: =SUM('Clima institucional'!F13:I13) -> 7 | E12: =IF(D12<=$AC$19,"Inadecuado",IF(D12<=$AC$20,"Regular",IF(D12<=$AC$21,"Adecuado",0))) -> Inadecuado | F12: =SUM('Clima institucional'!J13:M13) -> 6 | G12: =IF(F12<=$AO$19,"Inadecuado",IF(F12<=$AO$20,"Regular",IF(F12<=$AO$21,"Adecuado",0))) -> Inadecuado | H12: =SUM(B12:F12) -> 19 | I12: =IF(H12<=$BA$19,"Inadecuado",IF(H12<=$BA$20,"Regular",IF(H12<=$BA$21,"Adecuado",0))) -> Inadecuado | M12: Rango | N12: =N10-N11 -> 16 | Y12: Rango | Z12: =Z10-Z11 -> 16 | AK12: Rango | AL12: =AL10-AL11 -> 16 | AW12: Rango | AX12: =AX10-AX11 -> 48
A13: Docentes 10 | B13: =SUM('Clima institucional'!B14:E14) -> 7 | C13: =IF(B13<=$Q$19,"Inadecuado",IF(B13<=$Q$20,"Regular",IF(B13<=$Q$21,"Adecuado",0))) -> Inadecuado | D13: =SUM('Clima institucional'!F14:I14) -> 6 | E13: =IF(D13<=$AC$19,"Inadecuado",IF(D13<=$AC$20,"Regular",IF(D13<=$AC$21,"Adecuado",0))) -> Inadecuado | F13: =SUM('Clima institucional'!J14:M14) -> 5 | G13: =IF(F13<=$AO$19,"Inadecuado",IF(F13<=$AO$20,"Regular",IF(F13<=$AO$21,"Adecuado",0))) -> Inadecuado | H13: =SUM(B13:F13) -> 18 | I13: =IF(H13<=$BA$19,"Inadecuado",IF(H13<=$BA$20,"Regular",IF(H13<=$BA$21,"Adecuado",0))) -> Inadecuado | M13: Amplitud del Intervalo | N13: =ROUND(N12/N6,0) -> 5 | Y13: Amplitud del Intervalo | Z13: =ROUND(Z12/Z6,0) -> 5 | AK13: Amplitud del Intervalo | AL13: =ROUND(AL12/AL6,0) -> 5 | AW13: Amplitud del Intervalo | AX13: =ROUND(AX12/AX6,0) -> 16
A14: Docentes 11 | B14: =SUM('Clima institucional'!B15:E15) -> 15 | C14: =IF(B14<=$Q$19,"Inadecuado",IF(B14<=$Q$20,"Regular",IF(B14<=$Q$21,"Adecuado",0))) -> Regular | D14: =SUM('Clima institucional'!F15:I15) -> 16 | E14: =IF(D14<=$AC$19,"Inadecuado",IF(D14<=$AC$20,"Regular",IF(D14<=$AC$21,"Adecuado",0))) -> Adecuado | F14: =SUM('Clima institucional'!J15:M15) -> 15 | G14: =IF(F14<=$AO$19,"Inadecuado",IF(F14<=$AO$20,"Regular",IF(F14<=$AO$21,"Adecuado",0))) -> Regular | H14: =SUM(B14:F14) -> 46 | I14: =IF(H14<=$BA$19,"Inadecuado",IF(H14<=$BA$20,"Regular",IF(H14<=$BA$21,"Adecuado",0))) -> Adecuado
A15: Docentes 12 | B15: =SUM('Clima institucional'!B16:E16) -> 6 | C15: =IF(B15<=$Q$19,"Inadecuado",IF(B15<=$Q$20,"Regular",IF(B15<=$Q$21,"Adecuado",0))) -> Inadecuado | D15: =SUM('Clima institucional'!F16:I16) -> 5 | E15: =IF(D15<=$AC$19,"Inadecuado",IF(D15<=$AC$20,"Regular",IF(D15<=$AC$21,"Adecuado",0))) -> Inadecuado | F15: =SUM('Clima institucional'!J16:M16) -> 4 | G15: =IF(F15<=$AO$19,"Inadecuado",IF(F15<=$AO$20,"Regular",IF(F15<=$AO$21,"Adecuado",0))) -> Inadecuado | H15: =SUM(B15:F15) -> 15 | I15: =IF(H15<=$BA$19,"Inadecuado",IF(H15<=$BA$20,"Regular",IF(H15<=$BA$21,"Adecuado",0))) -> Inadecuado | O15: Tabla 1 | AA15: Tabla 2 | AM15: Tabla 3 | AY15: Tabla 4
A16: Docentes 13 | B16: =SUM('Clima institucional'!B17:E17) -> 7 | C16: =IF(B16<=$Q$19,"Inadecuado",IF(B16<=$Q$20,"Regular",IF(B16<=$Q$21,"Adecuado",0))) -> Inadecuado | D16: =SUM('Clima institucional'!F17:I17) -> 8 | E16: =IF(D16<=$AC$19,"Inadecuado",IF(D16<=$AC$20,"Regular",IF(D16<=$AC$21,"Adecuado",0))) -> Inadecuado | F16: =SUM('Clima institucional'!J17:M17) -> 8 | G16: =IF(F16<=$AO$19,"Inadecuado",IF(F16<=$AO$20,"Regular",IF(F16<=$AO$21,"Adecuado",0))) -> Inadecuado | H16: =SUM(B16:F16) -> 23 | I16: =IF(H16<=$BA$19,"Inadecuado",IF(H16<=$BA$20,"Regular",IF(H16<=$BA$21,"Adecuado",0))) -> Inadecuado | O16: =N5 -> Estructuración Organizacional | AA16: =Z5 -> Relaciones Interpersonales | AM16: =AL5 -> Identidad Institucional | AY16: Clima institucional
A17: Docentes 14 | B17: =SUM('Clima institucional'!B18:E18) -> 13 | C17: =IF(B17<=$Q$19,"Inadecuado",IF(B17<=$Q$20,"Regular",IF(B17<=$Q$21,"Adecuado",0))) -> Regular | D17: =SUM('Clima institucional'!F18:I18) -> 16 | E17: =IF(D17<=$AC$19,"Inadecuado",IF(D17<=$AC$20,"Regular",IF(D17<=$AC$21,"Adecuado",0))) -> Adecuado | F17: =SUM('Clima institucional'!J18:M18) -> 16 | G17: =IF(F17<=$AO$19,"Inadecuado",IF(F17<=$AO$20,"Regular",IF(F17<=$AO$21,"Adecuado",0))) -> Adecuado | H17: =SUM(B17:F17) -> 45 | I17: =IF(H17<=$BA$19,"Inadecuado",IF(H17<=$BA$20,"Regular",IF(H17<=$BA$21,"Adecuado",0))) -> Adecuado | O17: Calificación | P17: Rango | R17: Frec. | S17: % | AA17: Calificación | AB17: Rango | AD17: Frec. | AE17: % | AM17: Calificación | AN17: Rango | AP17: Frec. | AQ17: % | AY17: Calificación | AZ17: Rango | BB17: Frec. | BC17: %
A18: Docentes 15 | B18: =SUM('Clima institucional'!B19:E19) -> 7 | C18: =IF(B18<=$Q$19,"Inadecuado",IF(B18<=$Q$20,"Regular",IF(B18<=$Q$21,"Adecuado",0))) -> Inadecuado | D18: =SUM('Clima institucional'!F19:I19) -> 7 | E18: =IF(D18<=$AC$19,"Inadecuado",IF(D18<=$AC$20,"Regular",IF(D18<=$AC$21,"Adecuado",0))) -> Inadecuado | F18: =SUM('Clima institucional'!J19:M19) -> 9 | G18: =IF(F18<=$AO$19,"Inadecuado",IF(F18<=$AO$20,"Regular",IF(F18<=$AO$21,"Adecuado",0))) -> Inadecuado | H18: =SUM(B18:F18) -> 23 | I18: =IF(H18<=$BA$19,"Inadecuado",IF(H18<=$BA$20,"Regular",IF(H18<=$BA$21,"Adecuado",0))) -> Inadecuado | P18: Desde | Q18: Hasta | AB18: Desde | AC18: Hasta | AN18: Desde | AO18: Hasta | AZ18: Desde | BA18: Hasta
A19: Docentes 16 | B19: =SUM('Clima institucional'!B20:E20) -> 5 | C19: =IF(B19<=$Q$19,"Inadecuado",IF(B19<=$Q$20,"Regular",IF(B19<=$Q$21,"Adecuado",0))) -> Inadecuado | D19: =SUM('Clima institucional'!F20:I20) -> 7 | E19: =IF(D19<=$AC$19,"Inadecuado",IF(D19<=$AC$20,"Regular",IF(D19<=$AC$21,"Adecuado",0))) -> Inadecuado | F19: =SUM('Clima institucional'!J20:M20) -> 4 | G19: =IF(F19<=$AO$19,"Inadecuado",IF(F19<=$AO$20,"Regular",IF(F19<=$AO$21,"Adecuado",0))) -> Inadecuado | H19: =SUM(B19:F19) -> 16 | I19: =IF(H19<=$BA$19,"Inadecuado",IF(H19<=$BA$20,"Regular",IF(H19<=$BA$21,"Adecuado",0))) -> Inadecuado | O19: Inadecuado | P19: =N11 -> 4 | Q19: =P19+N13 -> 9 | R19: =COUNTIF($C$4:$C$23,$O19) -> 17 | S19: =R19/R22 -> 0.85 | AA19: Inadecuado | AB19: =Z11 -> 4 | AC19: =AB19+Z13 -> 9 | AD19: =COUNTIF($E$4:$E$23,$AA19) -> 14 | AE19: =AD19/AD22 -> 0.7 | AM19: Inadecuado | AN19: =AL11 -> 4 | AO19: =AN19+AL13 -> 9 | AP19: =COUNTIF($G$4:$G$23,$AM19) -> 14 | AQ19: =AP19/AP22 -> 0.7 | AY19: Inadecuado | AZ19: 12 | BA19: 27 | BB19: 14 | BC19: 0.7
A20: Docentes 17 | B20: =SUM('Clima institucional'!B21:E21) -> 8 | C20: =IF(B20<=$Q$19,"Inadecuado",IF(B20<=$Q$20,"Regular",IF(B20<=$Q$21,"Adecuado",0))) -> Inadecuado | D20: =SUM('Clima institucional'!F21:I21) -> 9 | E20: =IF(D20<=$AC$19,"Inadecuado",IF(D20<=$AC$20,"Regular",IF(D20<=$AC$21,"Adecuado",0))) -> Inadecuado | F20: =SUM('Clima institucional'!J21:M21) -> 7 | G20: =IF(F20<=$AO$19,"Inadecuado",IF(F20<=$AO$20,"Regular",IF(F20<=$AO$21,"Adecuado",0))) -> Inadecuado | H20: =SUM(B20:F20) -> 24 | I20: =IF(H20<=$BA$19,"Inadecuado",IF(H20<=$BA$20,"Regular",IF(H20<=$BA$21,"Adecuado",0))) -> Inadecuado | O20: Regular | P20: =Q19+ 1 -> 10 | Q20: =P20+N13 -> 15 | R20: =COUNTIF($C$4:$C$23,$O20) -> 3 | S20: =R20/R22 -> 0.15 | AA20: Regular | AB20: =AC19+ 1 -> 10 | AC20: =AB20+Z13 -> 15 | AD20: =COUNTIF($E$4:$E$23,$AA20) -> 3 | AE20: =AD20/AD22 -> 0.15 | AM20: Regular | AN20: =AO19+ 1 -> 10 | AO20: =AN20+AL13 -> 15 | AP20: =COUNTIF($G$4:$G$23,$AM20) -> 4 | AQ20: =AP20/AP22 -> 0.2 | AY20: Regular | AZ20: 28 | BA20: 43 | BB20: 3 | BC20: 0.15
A21: Docentes 18 | B21: =SUM('Clima institucional'!B22:E22) -> 5 | C21: =IF(B21<=$Q$19,"Inadecuado",IF(B21<=$Q$20,"Regular",IF(B21<=$Q$21,"Adecuado",0))) -> Inadecuado | D21: =SUM('Clima institucional'!F22:I22) -> 4 | E21: =IF(D21<=$AC$19,"Inadecuado",IF(D21<=$AC$20,"Regular",IF(D21<=$AC$21,"Adecuado",0))) -> Inadecuado | F21: =SUM('Clima institucional'!J22:M22) -> 4 | G21: =IF(F21<=$AO$19,"Inadecuado",IF(F21<=$AO$20,"Regular",IF(F21<=$AO$21,"Adecuado",0))) -> Inadecuado | H21: =SUM(B21:F21) -> 13 | I21: =IF(H21<=$BA$19,"Inadecuado",IF(H21<=$BA$20,"Regular",IF(H21<=$BA$21,"Adecuado",0))) -> Inadecuado | O21: Adecuado | P21: =Q20+ 1 -> 16 | Q21: =N10 -> 20 | R21: =COUNTIF($C$4:$C$23,$O21) -> 0 | S21: =R21/R22 -> 0 | AA21: Adecuado | AB21: =AC20+ 1 -> 16 | AC21: =Z10 -> 20 | AD21: =COUNTIF($E$4:$E$23,$AA21) -> 3 | AE21: =AD21/AD22 -> 0.15 | AM21: Adecuado | AN21: =AO20+ 1 -> 16 | AO21: =AL10 -> 20 | AP21: =COUNTIF($G$4:$G$23,$AM21) -> 2 | AQ21: =AP21/AP22 -> 0.1 | AY21: Adecuado | AZ21: 44 | BA21: 60 | BB21: 3 | BC21: 0.15
A22: Docentes 19 | B22: =SUM('Clima institucional'!B23:E23) -> 8 | C22: =IF(B22<=$Q$19,"Inadecuado",IF(B22<=$Q$20,"Regular",IF(B22<=$Q$21,"Adecuado",0))) -> Inadecuado | D22: =SUM('Clima institucional'!F23:I23) -> 7 | E22: =IF(D22<=$AC$19,"Inadecuado",IF(D22<=$AC$20,"Regular",IF(D22<=$AC$21,"Adecuado",0))) -> Inadecuado | F22: =SUM('Clima institucional'!J23:M23) -> 7 | G22: =IF(F22<=$AO$19,"Inadecuado",IF(F22<=$AO$20,"Regular",IF(F22<=$AO$21,"Adecuado",0))) -> Inadecuado | H22: =SUM(B22:F22) -> 22 | I22: =IF(H22<=$BA$19,"Inadecuado",IF(H22<=$BA$20,"Regular",IF(H22<=$BA$21,"Adecuado",0))) -> Inadecuado | O22: Total | R22: =SUM(R19:R21) -> 20 | S22: =SUM(S19:S21) -> 1 | AA22: Total | AD22: =SUM(AD19:AD21) -> 20 | AE22: =SUM(AE19:AE21) -> 1 | AM22: Total | AP22: =SUM(AP19:AP21) -> 20 | AQ22: =SUM(AQ19:AQ21) -> 1 | AY22: Total | BB22: 20 | BC22: 1
A23: Docentes 20 | B23: =SUM('Clima institucional'!B24:E24) -> 8 | C23: =IF(B23<=$Q$19,"Inadecuado",IF(B23<=$Q$20,"Regular",IF(B23<=$Q$21,"Adecuado",0))) -> Inadecuado | D23: =SUM('Clima institucional'!F24:I24) -> 4 | E23: =IF(D23<=$AC$19,"Inadecuado",IF(D23<=$AC$20,"Regular",IF(D23<=$AC$21,"Adecuado",0))) -> Inadecuado | F23: =SUM('Clima institucional'!J24:M24) -> 5 | G23: =IF(F23<=$AO$19,"Inadecuado",IF(F23<=$AO$20,"Regular",IF(F23<=$AO$21,"Adecuado",0))) -> Inadecuado | H23: =SUM(B23:F23) -> 17 | I23: =IF(H23<=$BA$19,"Inadecuado",IF(H23<=$BA$20,"Regular",IF(H23<=$BA$21,"Adecuado",0))) -> Inadecuado | O23: Fuente: Encuesta aplicada | AA23: Fuente: Encuesta aplicada | AM23: Fuente: Encuesta aplicada | AY23: Fuente: Encuesta aplicada
O24: Elaboración: Propia | AA24: Elaboración: Propia | AM24: Elaboración: Propia | AY24: Elaboración: Propia
O43: Figura.1 | AA43: Figura.2 | AM43: Figura.3 | AY43: Figura.4
O44: Estructuración Organizacional | AA44: Relaciones Interpersonales | AM44: Identidad Institucional | AY44: Estructuración Organizacional
M47: =CONCATENATE("en la ",O15," y ",O43," se puede observar que la variable ",L901," en base a su dimensión ",L902," tiene una calificación de ",M904," por el ",ROUND(L904*100,0),"% ","de los resultados, ","los cuales fueron extraídos de las encuestas ejecutadas a los ",N902,", estos resultados son afectados debido a que, ",U1016," ",M1016,",","asi mismo ",U1017," ",M1017,", de nuevo ",U1018," ",M1018, ", ","y ",M1019," ",U1019,", ","por todo ello la dimensión ",L902," es ",M904,".") -> en la Tabla 1 y Figura.1 se puede observar que la variable Clima institucional en base a su dimensión Estructuración Organizacional tiene una calificación de Inadecuado por el 85% de los resultados, los cuales fueron extraídos de las encuestas ejecutadas a los Docentess, estos resultados son afectados debido a que, el 75% calificó como Nunca y Casi Nunca .,asi mismo el 85% de los evaluó como Nunca y Casi Nunca 0, de nuevo el 80% evaluó como Nunca y Casi Nunca 0, y 0 el 70% de los calificó como Nunca y Casi Nunca, por todo ello la dimensión Estructuración Organizacional es Inadecuado. | Y47: =CONCATENATE("en la ",AA15," y ",AA43," se puede observar que la variable ",X901," en base a su dimensión ",X902," tiene una calificación de ",Y904," por el ",ROUND(X904*100,0),"% ","de los resultados, ","los cuales fueron extraídos de las encuestas ejecutadas a los ",Z902,", estos resultados son afectados debido a que, ",AG1016," ",Y1016,",","asi mismo ",AG1017," ",Y1017,", así ",AG1018," ",Y1018, ", ","y ",Y1019," ",AG1019,", ","por todo ello la dimensión ",X902," es ",Y904,".") -> en la Tabla 2 y Figura.2 se puede observar que la variable Clima institucional en base a su dimensión Relaciones Interpersonales tiene una calificación de Inadecuado por el 70% de los resultados, los cuales fueron extraídos de las encuestas ejecutadas a los Docentess, estos resultados son afectados debido a que, el 75% mencionó como Nunca y Casi Nunca 0,asi mismo el 70% de los determinó como Nunca y Casi Nunca 0, así el 65% mencionó como Nunca y Casi Nunca 0, y 0 el 75% de los evaluó como Nunca y Casi Nunca, por todo ello la dimensión Relaciones Interpersonales es Inadecuado. | AK47: =CONCATENATE("en la ",AM15," y ",AM43," se puede observar que la variable ",AJ901," en base a su dimensión ",AJ902," tiene una calificación de ",AK904," por el ",ROUND(AJ904*100,0),"% ","de los resultados, ","los cuales fueron extraídos de las encuestas ejecutadas a los ",AL902,", estos resultados son afectados debido a que, ",AS1016," ",AK1016,",","asi mismo ",AS1017," ",AK1017,", sin embargo ",AS1018," ",AK1018, ", ","y ",AK1019," ",AS1019,", ","por todo ello la dimensión ",AJ902," es ",AK904,".") -> en la Tabla 3 y Figura.3 se puede observar que la variable Clima institucional en base a su dimensión Identidad Institucional tiene una calificación de Inadecuado por el 70% de los resultados, los cuales fueron extraídos de las encuestas ejecutadas a los Docentess, estos resultados son afectados debido a que, el 70% percibió como Nunca y Casi Nunca 0,asi mismo el 70% de los apreció como Nunca y Casi Nunca 0, sin embargo el 80% mencionó como Nunca y Casi Nunca 0, y 0 el 70% de los Tuvo una percepción de como Nunca y Casi Nunca, por todo ello la dimensión Identidad Institucional es Inadecuado. | AW47: =CONCATENATE("En la ",AY15," y ",AY43," se puede evidenciar que la variable ",AV901," es calificado como ",AW904," por el ",ROUND(AV904*100,0),"% de los resultados, mismos que son originados porque; ",BI1016," ",BI1017," ",BI1018,BI1019,BI1020,BI1021,BI1022,BI1023,BI1024,BI1025,BI1026," se concluye que la variable ",AV901,"tiene un valor de ",AW904,".") -> En la Tabla 4 y Figura.4 se puede evidenciar que la variable Clima institucional es calificado como Inadecuado por el 70% de los resultados, mismos que son originados porque; el 85% de los Resultados Tuvo una percepción de a la dimensión Estructuración Organizacional como Inadecuado, por otro lado el 70% de los Resultados apreció a la dimensión Relaciones Interpersonales como Inadecuado, ademas el 70% de los Docentess consideró a la dimensión Identidad Institucional como Inadecuado, por consecuencia se concluye que la variable Clima institucionaltiene un valor de Inadecuado.
K901: Variable | L901: =(N4) -> Clima institucional | N901: Unidades de Medida | W901: Variable | X901: =(Z4) -> Clima institucional | Z901: Unidades de Medida | AI901: Variable | AJ901: =(AL4) -> Clima institucional | AL901: Unidades de Medida | AU901: Variable | AV901: =(AX4) -> Clima institucional | AX901: Unidades de Medida
K902: Dimensión | L902: =(N5) -> Estructuración Organizacional | N902: Docentess | W902: Dimensión | X902: =(Z5) -> Relaciones Interpersonales | Z902: Docentess | AI902: Dimensión | AJ902: =(AL5) -> Identidad Institucional | AL902: Docentess | AU902: Dimensión | AV902: =(AX5) -> 0 | AX902: Docentess
K904: Valoración de la variable | L904: =MAX(S19:S21) -> 0.85 | M904: =IF(L2104=S19,O19,IF(L2104=S20,O20,IF(L2104=S21,O21,"algo esta mal"))) -> Inadecuado | W904: Valoración de la variable | X904: =MAX(AE19:AE21) -> 0.7 | Y904: =IF(X2104=AE19,AA19,IF(X2104=AE20,AA20,IF(X2104=AE21,AA21,"algo esta mal"))) -> Inadecuado | AI904: Valoración de la variable | AJ904: =MAX(AQ19:AQ21) -> 0.7 | AK904: =IF(AJ2104=AQ19,AM19,IF(AJ2104=AQ20,AM20,IF(AJ2104=AQ21,AM21,"algo esta mal"))) -> Inadecuado | AU904: Valoración de la variable | AV904: =MAX(BC19:BC21) -> 0.7 | AW904: =IF(AV2104=BC19,AY19,IF(AV2104=BC20,AY20,IF(AV2104=BC21,AY21,"algo esta mal"))) -> Inadecuado
M905: Preguntas Originales | N905: Enunciados Para Palafraseo | O905: Nunca | P905: Casi Nunca | Q905: A veces | R905: Casi siempre | S905: Siempre | Y905: Preguntas Originales | Z905: Enunciados Para Palafraseo | AA905: Nunca | AB905: Casi Nunca | AC905: A veces | AD905: Casi siempre | AE905: Siempre | AK905: Preguntas Originales | AL905: Enunciados Para Palafraseo | AM905: Nunca | AN905: Casi Nunca | AO905: A veces | AP905: Casi siempre | AQ905: Siempre
M906: . | N906: . | O906: =('Clima institucional'!B37) -> 0.5 | P906: =('Clima institucional'!B38) -> 0.25 | Q906: =('Clima institucional'!B39) -> 0.15 | R906: =('Clima institucional'!B40) -> 0.05 | S906: =('Clima institucional'!B41) -> 0.05 | AA906: =('Clima institucional'!F37) -> 0.35 | AB906: =('Clima institucional'!F38) -> 0.4 | AC906: =('Clima institucional'!F39) -> 0.1 | AD906: =('Clima institucional'!F40) -> 0.1 | AE906: =('Clima institucional'!F41) -> 0.05 | AM906: =('Clima institucional'!J37) -> 0.45 | AN906: =('Clima institucional'!J38) -> 0.25 | AO906: =('Clima institucional'!J39) -> 0.2 | AP906: =('Clima institucional'!J40) -> 0.05 | AQ906: =('Clima institucional'!J41) -> 0.05
O907: =('Clima institucional'!C37) -> 0.35 | P907: =('Clima institucional'!C38) -> 0.5 | Q907: =('Clima institucional'!C39) -> 0.15 | R907: =('Clima institucional'!C40) -> 0 | S907: =('Clima institucional'!C41) -> 0 | AA907: =('Clima institucional'!G37) -> 0.4 | AB907: =('Clima institucional'!G38) -> 0.3 | AC907: =('Clima institucional'!G39) -> 0.1 | AD907: =('Clima institucional'!G40) -> 0.1 | AE907: =('Clima institucional'!G41) -> 0.1 | AM907: =('Clima institucional'!K37) -> 0.4 | AN907: =('Clima institucional'!K38) -> 0.3 | AO907: =('Clima institucional'!K39) -> 0.1 | AP907: =('Clima institucional'!K40) -> 0.15 | AQ907: =('Clima institucional'!K41) -> 0.05
O908: =('Clima institucional'!D37) -> 0.35 | P908: =('Clima institucional'!D38) -> 0.45 | Q908: =('Clima institucional'!D39) -> 0 | R908: =('Clima institucional'!D40) -> 0.1 | S908: =('Clima institucional'!D41) -> 0.1 | AA908: =('Clima institucional'!H37) -> 0.25 | AB908: =('Clima institucional'!H38) -> 0.4 | AC908: =('Clima institucional'!H39) -> 0.35 | AD908: =('Clima institucional'!H40) -> 0 | AE908: =('Clima institucional'!H41) -> 0 | AM908: =('Clima institucional'!L37) -> 0.4 | AN908: =('Clima institucional'!L38) -> 0.4 | AO908: =('Clima institucional'!L39) -> 0.1 | AP908: =('Clima institucional'!L40) -> 0.1 | AQ908: =('Clima institucional'!L41) -> 0
O909: =('Clima institucional'!E37) -> 0.3 | P909: =('Clima institucional'!E38) -> 0.4 | Q909: =('Clima institucional'!E39) -> 0.3 | R909: =('Clima institucional'!E40) -> 0 | S909: =('Clima institucional'!E41) -> 0 | AA909: =('Clima institucional'!I37) -> 0.35 | AB909: =('Clima institucional'!I38) -> 0.4 | AC909: =('Clima institucional'!I39) -> 0.05 | AD909: =('Clima institucional'!I40) -> 0.1 | AE909: =('Clima institucional'!I41) -> 0.1 | AM909: =('Clima institucional'!M37) -> 0.45 | AN909: =('Clima institucional'!M38) -> 0.25 | AO909: =('Clima institucional'!M39) -> 0.05 | AP909: =('Clima institucional'!M40) -> 0.15 | AQ909: =('Clima institucional'!M41) -> 0.1
M1015: Enunciados Para Palafraseo | N1015: =CONCATENATE(O905," y ",P905) -> Nunca y Casi Nunca | O1015: =(Q905) -> A veces | P1015: =CONCATENATE(R905," y ",S905) -> Casi siempre y Siempre | Q1015: MÁXIMO | R1015: Valores | S1015: codificación de verbos aleatorios para concatenar | T1015: verbo | U1015: Concatenación | Y1015: Enunciados Para Palafraseo | Z1015: =CONCATENATE(AA905," y ",AB905) -> Nunca y Casi Nunca | AA1015: =(AC905) -> A veces | AB1015: =CONCATENATE(AD905," y ",AE905) -> Casi siempre y Siempre | AC1015: MÁXIMO | AD1015: Valores | AE1015: codificación de verbos aleatorios para concatenar | AF1015: verbo | AG1015: Concatenación | AK1015: Enunciados Para Palafraseo | AL1015: =CONCATENATE(AM905," y ",AN905) -> Nunca y Casi Nunca | AM1015: =(AO905) -> A veces | AN1015: =CONCATENATE(AP905," y ",AQ905) -> Casi siempre y Siempre | AO1015: MÁXIMO | AP1015: Valores | AQ1015: codificación de verbos aleatorios para concatenar | AR1015: verbo | AS1015: Concatenación | AW1015: dimensión | AX1015: Inadecuado | AY1015: Regular | AZ1015: Adecuado | BA1015: MÁXIMO | BB1015: Valor | BC1015: codificación de verbos | BD1015: Verbo | BE1015: codificación de conectores | BF1015: Conectores | BG1015: codificación de unidades de medida | BH1015: Unidades de medida | BI1015: Concatenación
M1016: =(N906) -> . | N1016: =SUM(O906:P906) -> 0.75 | O1016: =(Q906) -> 0.15 | P1016: =SUM(R906:S906) -> 0.1 | Q1016: =MAX(N1016:P1016) -> 0.75 | R1016: =IF(Q1016=N1016,$N$1015,IF(Q1016=O1016,$O$1015,IF(Q1016=P1016,$P$1015,"ALGO ESTA MAL"))) -> Nunca y Casi Nunca | S1016: =RANDBETWEEN(1,10) -> 2 | T1016: =IF(S1016=$T$1100,$U$1100,IF(S1016=$T$1101,$U$1101,IF(S1016=$T$1102,$U$1102,IF(S1016=$T$1103,$U$1103,IF(S1016=$T$1104,$U$1104,IF(S1016=$T$1105,$U$1105,IF(S1016=$T$1106,$U$1106,IF(S1016=$T$1107,$U$1107,IF(S1016=$T$1108,$U$1108,IF(S1016=$T$1109,$U$1109,"algo esta mal")))))))))) -> calificó | U1016: =CONCATENATE("el ",ROUND(Q1016*100,0),"% ",T1016," como ",R1016 ) -> el 75% calificó como Nunca y Casi Nunca | Y1016: =(Z906) -> 0 | Z1016: =SUM(AA906:AB906) -> 0.75 | AA1016: =(AC906) -> 0.1 | AB1016: =SUM(AD906:AE906) -> 0.15 | AC1016: =MAX(Z1016:AB1016) -> 0.75 | AD1016: =IF(AC1016=Z1016,$Z$1015,IF(AC1016=AA1016,$AA$1015,IF(AC1016=AB1016,$AB$1015,"ALGO ESTA MAL"))) -> Nunca y Casi Nunca | AE1016: =RANDBETWEEN(1,10) -> 7 | AF1016: =IF(AE1016=$AF$1100,$AG$1100,IF(AE1016=$AF$1101,$AG$1101,IF(AE1016=$AF$1102,$AG$1102,IF(AE1016=$AF$1103,$AG$1103,IF(AE1016=$AF$1104,$AG$1104,IF(AE1016=$AF$1105,$AG$1105,IF(AE1016=$AF$1106,$AG$1106,IF(AE1016=$AF$1107,$AG$1107,IF(AE1016=$AF$1108,$AG$1108,IF(AE1016=$AF$1109,$AG$1109,"algo esta mal")))))))))) -> mencionó | AG1016: =CONCATENATE("el ",ROUND(AC1016*100,0),"% ",AF1016," como ",AD1016 ) -> el 75% mencionó como Nunca y Casi Nunca | AK1016: =(AL906) -> 0 | AL1016: =SUM(AM906:AN906) -> 0.7 | AM1016: =(AO906) -> 0.2 | AN1016: =SUM(AP906:AQ906) -> 0.1 | AO1016: =MAX(AL1016:AN1016) -> 0.7 | AP1016: =IF(AO1016=AL1016,$AL$1015,IF(AO1016=AM1016,$AM$1015,IF(AO1016=AN1016,$AN$1015,"ALGO ESTA MAL"))) -> Nunca y Casi Nunca | AQ1016: =RANDBETWEEN(1,10) -> 9 | AR1016: =IF(AQ1016=$AR$1100,$AS$1100,IF(AQ1016=$AR$1101,$AS$1101,IF(AQ1016=$AR$1102,$AS$1102,IF(AQ1016=$AR$1103,$AS$1103,IF(AQ1016=$AR$1104,$AS$1104,IF(AQ1016=$AR$1105,$AS$1105,IF(AQ1016=$AR$1106,$AS$1106,IF(AQ1016=$AR$1107,$AS$1107,IF(AQ1016=$AR$1108,$AS$1108,IF(AQ1016=$AR$1109,$AS$1109,"algo esta mal")))))))))) -> percibió | AS1016: =CONCATENATE("el ",ROUND(AO1016*100,0),"% ",AR1016," como ",AP1016 ) -> el 70% percibió como Nunca y Casi Nunca | AW1016: =(O16) -> Estructuración Organizacional | AX1016: =(S19) -> 0.85 | AY1016: =(S20) -> 0.15 | AZ1016: =(S21) -> 0 | BA1016: =MAX(AX1016:AZ1016) -> 0.85 | BB1016: =IF(BA1016=AX1016,$AX$1015,IF(BA1016=AY1016,$AY$1015,IF(BA1016=AZ1016,$AZ$1015,"algo esta mal"))) -> Inadecuado | BC1016: =RANDBETWEEN(1,10) -> 10 | BD1016: =IF(BC1016=$BD$1100,$BE$1100,IF(BC1016=$BD$1101,$BE$1101,IF(BC1016=$BD$1102,$BE$1102,IF(BC1016=$BD$1103,$BE$1103,IF(BC1016=$BD$1104,$BE$1104,IF(BC1016=$BD$1105,$BE$1105,IF(BC1016=$BD$1106,$BE$1106,IF(BC1016=$BD$1107,$BE$1107,IF(BC1016=$BD$1108,$BE$1108,IF(BC1016=$BD$1109,$BE$1109,"algo esta mal")))))))))) -> Tuvo una percepción de | BE1016: =RANDBETWEEN(1,7) -> 2 | BF1016: =IF(BE1016=$BD$1110,$BE$1110,IF(BE1016=$BD$1111,$BE$1111,IF(BE1016=$BD$1112,$BE$1112,IF(BE1016=$BD$1113,$BE$1113,IF(BE1016=$BD$1114,$BE$1114,IF(BE1016=$BD$1115,$BE$1115,IF(BE1016=$BD$1116,$BE$1116,IF(BE1016=$BD$1047,$BE$1047,IF(BE1016=$BD$1048,$BE$1048,IF(BE1016=$BD$1049,$BE$1049,"algo esta mal")))))))))) -> por otro lado | BG1016: =RANDBETWEEN(1,2) -> 2 | BH1016: =IF(BG1016=$BD$1120,$BE$1120,IF(BG1016=$BD$1121,$BE$1121,"algo esta mal")) -> Resultados | BI1016: =CONCATENATE("el ",ROUND(BA1016*100,0),"% de los ",BH1016," ",BD1016," a la dimensión ",AW1016," como ",BB1016,", ",BF1016) -> el 85% de los Resultados Tuvo una percepción de a la dimensión Estructuración Organizacional como Inadecuado, por otro lado
M1017: =(N907) -> 0 | N1017: =SUM(O907:P907) -> 0.85 | O1017: =(Q907) -> 0.15 | P1017: =SUM(R907:S907) -> 0 | Q1017: =MAX(N1017:P1017) -> 0.85 | R1017: =IF(Q1017=N1017,$N$1015,IF(Q1017=O1017,$O$1015,IF(Q1017=P1017,$P$1015,"ALGO ESTA MAL"))) -> Nunca y Casi Nunca | S1017: =RANDBETWEEN(1,10) -> 5 | T1017: =IF(S1017=$T$1100,$U$1100,IF(S1017=$T$1101,$U$1101,IF(S1017=$T$1102,$U$1102,IF(S1017=$T$1103,$U$1103,IF(S1017=$T$1104,$U$1104,IF(S1017=$T$1105,$U$1105,IF(S1017=$T$1106,$U$1106,IF(S1017=$T$1107,$U$1107,IF(S1017=$T$1108,$U$1108,IF(S1017=$T$1109,$U$1109,"algo esta mal")))))))))) -> evaluó | U1017: =CONCATENATE("el ",ROUND(Q1017*100,0),"% de los ",T1017," como ",R1017) -> el 85% de los evaluó como Nunca y Casi Nunca | Y1017: =(Z907) -> 0 | Z1017: =SUM(AA907:AB907) -> 0.7 | AA1017: =(AC907) -> 0.1 | AB1017: =SUM(AD907:AE907) -> 0.2 | AC1017: =MAX(Z1017:AB1017) -> 0.7 | AD1017: =IF(AC1017=Z1017,$Z$1015,IF(AC1017=AA1017,$AA$1015,IF(AC1017=AB1017,$AB$1015,"ALGO ESTA MAL"))) -> Nunca y Casi Nunca | AE1017: =RANDBETWEEN(1,10) -> 6 | AF1017: =IF(AE1017=$AF$1100,$AG$1100,IF(AE1017=$AF$1101,$AG$1101,IF(AE1017=$AF$1102,$AG$1102,IF(AE1017=$AF$1103,$AG$1103,IF(AE1017=$AF$1104,$AG$1104,IF(AE1017=$AF$1105,$AG$1105,IF(AE1017=$AF$1106,$AG$1106,IF(AE1017=$AF$1107,$AG$1107,IF(AE1017=$AF$1108,$AG$1108,IF(AE1017=$AF$1109,$AG$1109,"algo esta mal")))))))))) -> determinó | AG1017: =CONCATENATE("el ",ROUND(AC1017*100,0),"% de los ",AF1017," como ",AD1017) -> el 70% de los determinó como Nunca y Casi Nunca | AK1017: =(AL907) -> 0 | AL1017: =SUM(AM907:AN907) -> 0.7 | AM1017: =(AO907) -> 0.1 | AN1017: =SUM(AP907:AQ907) -> 0.2 | AO1017: =MAX(AL1017:AN1017) -> 0.7 | AP1017: =IF(AO1017=AL1017,$AL$1015,IF(AO1017=AM1017,$AM$1015,IF(AO1017=AN1017,$AN$1015,"ALGO ESTA MAL"))) -> Nunca y Casi Nunca | AQ1017: =RANDBETWEEN(1,10) -> 8 | AR1017: =IF(AQ1017=$AR$1100,$AS$1100,IF(AQ1017=$AR$1101,$AS$1101,IF(AQ1017=$AR$1102,$AS$1102,IF(AQ1017=$AR$1103,$AS$1103,IF(AQ1017=$AR$1104,$AS$1104,IF(AQ1017=$AR$1105,$AS$1105,IF(AQ1017=$AR$1106,$AS$1106,IF(AQ1017=$AR$1107,$AS$1107,IF(AQ1017=$AR$1108,$AS$1108,IF(AQ1017=$AR$1109,$AS$1109,"algo esta mal")))))))))) -> apreció | AS1017: =CONCATENATE("el ",ROUND(AO1017*100,0),"% de los ",AR1017," como ",AP1017) -> el 70% de los apreció como Nunca y Casi Nunca | AW1017: =(AA16) -> Relaciones Interpersonales | AX1017: =(AE19) -> 0.7 | AY1017: =(AE20) -> 0.15 | AZ1017: =(AE21) -> 0.15 | BA1017: =MAX(AX1017:AZ1017) -> 0.7 | BB1017: =IF(BA1017=AX1017,$AX$1015,IF(BA1017=AY1017,$AY$1015,IF(BA1017=AZ1017,$AZ$1015,"algo esta mal"))) -> Inadecuado | BC1017: =RANDBETWEEN(1,10) -> 8 | BD1017: =IF(BC1017=$BD$1100,$BE$1100,IF(BC1017=$BD$1101,$BE$1101,IF(BC1017=$BD$1102,$BE$1102,IF(BC1017=$BD$1103,$BE$1103,IF(BC1017=$BD$1104,$BE$1104,IF(BC1017=$BD$1105,$BE$1105,IF(BC1017=$BD$1106,$BE$1106,IF(BC1017=$BD$1107,$BE$1107,IF(BC1017=$BD$1108,$BE$1108,IF(BC1017=$BD$1109,$BE$1109,"algo esta mal")))))))))) -> apreció | BE1017: =RANDBETWEEN(1,7) -> 4 | BF1017: =IF(BE1017=$BD$1110,$BE$1110,IF(BE1017=$BD$1111,$BE$1111,IF(BE1017=$BD$1112,$BE$1112,IF(BE1017=$BD$1113,$BE$1113,IF(BE1017=$BD$1114,$BE$1114,IF(BE1017=$BD$1115,$BE$1115,IF(BE1017=$BD$1116,$BE$1116,IF(BE1017=$BD$1047,$BE$1047,IF(BE1017=$BD$1048,$BE$1048,IF(BE1017=$BD$1049,$BE$1049,"algo esta mal")))))))))) -> ademas | BG1017: =RANDBETWEEN(1,2) -> 2 | BH1017: =IF(BG1017=$BD$1120,$BE$1120,IF(BG1017=$BD$1121,$BE$1121,"algo esta mal")) -> Resultados | BI1017: =CONCATENATE("el ",ROUND(BA1017*100,0),"% de los ",BH1017," ",BD1017," a la dimensión ",AW1017," como ",BB1017,", ",BF1017) -> el 70% de los Resultados apreció a la dimensión Relaciones Interpersonales como Inadecuado, ademas
M1018: =(N908) -> 0 | N1018: =SUM(O908:P908) -> 0.8 | O1018: =(Q908) -> 0 | P1018: =SUM(R908:S908) -> 0.2 | Q1018: =MAX(N1018:P1018) -> 0.8 | R1018: =IF(Q1018=N1018,$N$1015,IF(Q1018=O1018,$O$1015,IF(Q1018=P1018,$P$1015,"ALGO ESTA MAL"))) -> Nunca y Casi Nunca | S1018: =RANDBETWEEN(1,10) -> 5 | T1018: =IF(S1018=$T$1100,$U$1100,IF(S1018=$T$1101,$U$1101,IF(S1018=$T$1102,$U$1102,IF(S1018=$T$1103,$U$1103,IF(S1018=$T$1104,$U$1104,IF(S1018=$T$1105,$U$1105,IF(S1018=$T$1106,$U$1106,IF(S1018=$T$1107,$U$1107,IF(S1018=$T$1108,$U$1108,IF(S1018=$T$1109,$U$1109,"algo esta mal")))))))))) -> evaluó | U1018: =CONCATENATE("el ",ROUND(Q1018*100,0),"% ",T1018," como ",R1018 ) -> el 80% evaluó como Nunca y Casi Nunca | Y1018: =(Z908) -> 0 | Z1018: =SUM(AA908:AB908) -> 0.65 | AA1018: =(AC908) -> 0.35 | AB1018: =SUM(AD908:AE908) -> 0 | AC1018: =MAX(Z1018:AB1018) -> 0.65 | AD1018: =IF(AC1018=Z1018,$Z$1015,IF(AC1018=AA1018,$AA$1015,IF(AC1018=AB1018,$AB$1015,"ALGO ESTA MAL"))) -> Nunca y Casi Nunca | AE1018: =RANDBETWEEN(1,10) -> 7 | AF1018: =IF(AE1018=$AF$1100,$AG$1100,IF(AE1018=$AF$1101,$AG$1101,IF(AE1018=$AF$1102,$AG$1102,IF(AE1018=$AF$1103,$AG$1103,IF(AE1018=$AF$1104,$AG$1104,IF(AE1018=$AF$1105,$AG$1105,IF(AE1018=$AF$1106,$AG$1106,IF(AE1018=$AF$1107,$AG$1107,IF(AE1018=$AF$1108,$AG$1108,IF(AE1018=$AF$1109,$AG$1109,"algo esta mal")))))))))) -> mencionó | AG1018: =CONCATENATE("el ",ROUND(AC1018*100,0),"% ",AF1018," como ",AD1018 ) -> el 65% mencionó como Nunca y Casi Nunca | AK1018: =(AL908) -> 0 | AL1018: =SUM(AM908:AN908) -> 0.8 | AM1018: =(AO908) -> 0.1 | AN1018: =SUM(AP908:AQ908) -> 0.1 | AO1018: =MAX(AL1018:AN1018) -> 0.8 | AP1018: =IF(AO1018=AL1018,$AL$1015,IF(AO1018=AM1018,$AM$1015,IF(AO1018=AN1018,$AN$1015,"ALGO ESTA MAL"))) -> Nunca y Casi Nunca | AQ1018: =RANDBETWEEN(1,10) -> 7 | AR1018: =IF(AQ1018=$AR$1100,$AS$1100,IF(AQ1018=$AR$1101,$AS$1101,IF(AQ1018=$AR$1102,$AS$1102,IF(AQ1018=$AR$1103,$AS$1103,IF(AQ1018=$AR$1104,$AS$1104,IF(AQ1018=$AR$1105,$AS$1105,IF(AQ1018=$AR$1106,$AS$1106,IF(AQ1018=$AR$1107,$AS$1107,IF(AQ1018=$AR$1108,$AS$1108,IF(AQ1018=$AR$1109,$AS$1109,"algo esta mal")))))))))) -> mencionó | AS1018: =CONCATENATE("el ",ROUND(AO1018*100,0),"% ",AR1018," como ",AP1018 ) -> el 80% mencionó como Nunca y Casi Nunca | AW1018: =(AM16) -> Identidad Institucional | AX1018: =(AQ19) -> 0.7 | AY1018: =(AQ20) -> 0.2 | AZ1018: =(AQ21) -> 0.1 | BA1018: =MAX(AX1018:AZ1018) -> 0.7 | BB1018: =IF(BA1018=AX1018,$AX$1015,IF(BA1018=AY1018,$AY$1015,IF(BA1018=AZ1018,$AZ$1015,"algo esta mal"))) -> Inadecuado | BC1018: =RANDBETWEEN(1,10) -> 3 | BD1018: =IF(BC1018=$BD$1100,$BE$1100,IF(BC1018=$BD$1101,$BE$1101,IF(BC1018=$BD$1102,$BE$1102,IF(BC1018=$BD$1103,$BE$1103,IF(BC1018=$BD$1104,$BE$1104,IF(BC1018=$BD$1105,$BE$1105,IF(BC1018=$BD$1106,$BE$1106,IF(BC1018=$BD$1107,$BE$1107,IF(BC1018=$BD$1108,$BE$1108,IF(BC1018=$BD$1109,$BE$1109,"algo esta mal")))))))))) -> consideró | BE1018: =RANDBETWEEN(1,7) -> 7 | BF1018: =IF(BE1018=$BD$1110,$BE$1110,IF(BE1018=$BD$1111,$BE$1111,IF(BE1018=$BD$1112,$BE$1112,IF(BE1018=$BD$1113,$BE$1113,IF(BE1018=$BD$1114,$BE$1114,IF(BE1018=$BD$1115,$BE$1115,IF(BE1018=$BD$1116,$BE$1116,IF(BE1018=$BD$1047,$BE$1047,IF(BE1018=$BD$1048,$BE$1048,IF(BE1018=$BD$1049,$BE$1049,"algo esta mal")))))))))) -> por consecuencia | BG1018: =RANDBETWEEN(1,2) -> 1 | BH1018: =IF(BG1018=$BD$1120,$BE$1120,IF(BG1018=$BD$1121,$BE$1121,"algo esta mal")) -> Docentess | BI1018: =CONCATENATE("el ",ROUND(BA1018*100,0),"% de los ",BH1018," ",BD1018," a la dimensión ",AW1018," como ",BB1018,", ",BF1018) -> el 70% de los Docentess consideró a la dimensión Identidad Institucional como Inadecuado, por consecuencia
M1019: =(N909) -> 0 | N1019: =SUM(O909:P909) -> 0.7 | O1019: =(Q909) -> 0.3 | P1019: =SUM(R909:S909) -> 0 | Q1019: =MAX(N1019:P1019) -> 0.7 | R1019: =IF(Q1019=N1019,$N$1015,IF(Q1019=O1019,$O$1015,IF(Q1019=P1019,$P$1015,"ALGO ESTA MAL"))) -> Nunca y Casi Nunca | S1019: =RANDBETWEEN(1,10) -> 2 | T1019: =IF(S1019=$T$1100,$U$1100,IF(S1019=$T$1101,$U$1101,IF(S1019=$T$1102,$U$1102,IF(S1019=$T$1103,$U$1103,IF(S1019=$T$1104,$U$1104,IF(S1019=$T$1105,$U$1105,IF(S1019=$T$1106,$U$1106,IF(S1019=$T$1107,$U$1107,IF(S1019=$T$1108,$U$1108,IF(S1019=$T$1109,$U$1109,"algo esta mal")))))))))) -> calificó | U1019: =CONCATENATE("el ",ROUND(Q1019*100,0),"% de los ",T1019," como ",R1019) -> el 70% de los calificó como Nunca y Casi Nunca | Y1019: =(Z909) -> 0 | Z1019: =SUM(AA909:AB909) -> 0.75 | AA1019: =(AC909) -> 0.05 | AB1019: =SUM(AD909:AE909) -> 0.2 | AC1019: =MAX(Z1019:AB1019) -> 0.75 | AD1019: =IF(AC1019=Z1019,$Z$1015,IF(AC1019=AA1019,$AA$1015,IF(AC1019=AB1019,$AB$1015,"ALGO ESTA MAL"))) -> Nunca y Casi Nunca | AE1019: =RANDBETWEEN(1,10) -> 5 | AF1019: =IF(AE1019=$AF$1100,$AG$1100,IF(AE1019=$AF$1101,$AG$1101,IF(AE1019=$AF$1102,$AG$1102,IF(AE1019=$AF$1103,$AG$1103,IF(AE1019=$AF$1104,$AG$1104,IF(AE1019=$AF$1105,$AG$1105,IF(AE1019=$AF$1106,$AG$1106,IF(AE1019=$AF$1107,$AG$1107,IF(AE1019=$AF$1108,$AG$1108,IF(AE1019=$AF$1109,$AG$1109,"algo esta mal")))))))))) -> evaluó | AG1019: =CONCATENATE("el ",ROUND(AC1019*100,0),"% de los ",AF1019," como ",AD1019) -> el 75% de los evaluó como Nunca y Casi Nunca | AK1019: =(AL909) -> 0 | AL1019: =SUM(AM909:AN909) -> 0.7 | AM1019: =(AO909) -> 0.05 | AN1019: =SUM(AP909:AQ909) -> 0.25 | AO1019: =MAX(AL1019:AN1019) -> 0.7 | AP1019: =IF(AO1019=AL1019,$AL$1015,IF(AO1019=AM1019,$AM$1015,IF(AO1019=AN1019,$AN$1015,"ALGO ESTA MAL"))) -> Nunca y Casi Nunca | AQ1019: =RANDBETWEEN(1,10) -> 10 | AR1019: =IF(AQ1019=$AR$1100,$AS$1100,IF(AQ1019=$AR$1101,$AS$1101,IF(AQ1019=$AR$1102,$AS$1102,IF(AQ1019=$AR$1103,$AS$1103,IF(AQ1019=$AR$1104,$AS$1104,IF(AQ1019=$AR$1105,$AS$1105,IF(AQ1019=$AR$1106,$AS$1106,IF(AQ1019=$AR$1107,$AS$1107,IF(AQ1019=$AR$1108,$AS$1108,IF(AQ1019=$AR$1109,$AS$1109,"algo esta mal")))))))))) -> Tuvo una percepción de | AS1019: =CONCATENATE("el ",ROUND(AO1019*100,0),"% de los ",AR1019," como ",AP1019) -> el 70% de los Tuvo una percepción de como Nunca y Casi Nunca
T1100: 1 | U1100: valoró | AF1100: 1 | AG1100: valoró | AR1100: 1 | AS1100: valoró | BD1100: 1 | BE1100: valoró
T1101: 2 | U1101: calificó | AF1101: 2 | AG1101: calificó | AR1101: 2 | AS1101: calificó | BD1101: 2 | BE1101: calificó
T1102: 3 | U1102: consideró | AF1102: 3 | AG1102: consideró | AR1102: 3 | AS1102: consideró | BD1102: 3 | BE1102: consideró
T1103: 4 | U1103: respondió | AF1103: 4 | AG1103: respondió | AR1103: 4 | AS1103: respondió | BD1103: 4 | BE1103: respondió
T1104: 5 | U1104: evaluó | AF1104: 5 | AG1104: evaluó | AR1104: 5 | AS1104: evaluó | BD1104: 5 | BE1104: evaluó
T1105: 6 | U1105: determinó | AF1105: 6 | AG1105: determinó | AR1105: 6 | AS1105: determinó | BD1105: 6 | BE1105: determinó
T1106: 7 | U1106: mencionó | AF1106: 7 | AG1106: mencionó | AR1106: 7 | AS1106: mencionó | BD1106: 7 | BE1106: mencionó
T1107: 8 | U1107: apreció | AF1107: 8 | AG1107: apreció | AR1107: 8 | AS1107: apreció | BD1107: 8 | BE1107: apreció
T1108: 9 | U1108: percibió | AF1108: 9 | AG1108: percibió | AR1108: 9 | AS1108: percibió | BD1108: 9 | BE1108: percibió
T1109: 10 | U1109: Tuvo una percepción de | AF1109: 10 | AG1109: Tuvo una percepción de | AR1109: 10 | AS1109: Tuvo una percepción de | BD1109: 10 | BE1109: Tuvo una percepción de
BD1110: 1 | BE1110: asi mismo
BD1111: 2 | BE1111: por otro lado
BD1112: 3 | BE1112: por otra parte
BD1113: 4 | BE1113: ademas
BD1114: 5 | BE1114: en consecuencia
BD1115: 6 | BE1115: adicional a ello
BD1116: 7 | BE1116: por consecuencia
BD1120: 1 | BE1120: =(AX902) -> Docentess
BD1121: 2 | BE1121: Resultados
P2019: =N11 -> 4 | Q2019: =P19+N13 -> 9 | R2019: =COUNTIF($C$4:$C$23,$O19) -> 17 | S2019: =R2019/R2022 -> 0.85 | AB2019: =Z11 -> 4 | AC2019: =AB19+Z13 -> 9 | AD2019: =COUNTIF($E$4:$E$23,$AA19) -> 14 | AE2019: =AD2019/AD2022 -> 0.7 | AN2019: =AL11 -> 4 | AO2019: =AN19+AL13 -> 9 | AP2019: =COUNTIF($G$4:$G$23,$AM19) -> 14 | AQ2019: =AP2019/AP2022 -> 0.7 | AZ2019: =AX11 -> 12 | BA2019: =AZ19+AX13 - 1 -> 27 | BB2019: =COUNTIF($I$4:$I$23,$AY19) -> 14 | BC2019: =BB2019/BB2022 -> 0.7
P2020: =Q19+ 1 -> 10 | Q2020: =P20+N13 -> 15 | R2020: =COUNTIF($C$4:$C$23,$O20) -> 3 | S2020: =R2020/R2022 -> 0.15 | AB2020: =AC19+ 1 -> 10 | AC2020: =AB20+Z13 -> 15 | AD2020: =COUNTIF($E$4:$E$23,$AA20) -> 3 | AE2020: =AD2020/AD2022 -> 0.15 | AN2020: =AO19+ 1 -> 10 | AO2020: =AN20+AL13 -> 15 | AP2020: =COUNTIF($G$4:$G$23,$AM20) -> 4 | AQ2020: =AP2020/AP2022 -> 0.2 | AZ2020: =BA19+ 1 -> 28 | BA2020: =AZ20+AX13 - 1 -> 43 | BB2020: =COUNTIF($I$4:$I$23,$AY20) -> 3 | BC2020: =BB2020/BB2022 -> 0.15
P2021: =Q20+ 1 -> 16 | Q2021: =N10 -> 20 | R2021: =COUNTIF($C$4:$C$23,$O21) -> 0 | S2021: =R2021/R2022 -> 0 | AB2021: =AC20+ 1 -> 16 | AC2021: =Z10 -> 20 | AD2021: =COUNTIF($E$4:$E$23,$AA21) -> 3 | AE2021: =AD2021/AD2022 -> 0.15 | AN2021: =AO20+ 1 -> 16 | AO2021: =AL10 -> 20 | AP2021: =COUNTIF($G$4:$G$23,$AM21) -> 2 | AQ2021: =AP2021/AP2022 -> 0.1 | AZ2021: =BA20+ 1 -> 44 | BA2021: =AX10 -> 60 | BB2021: =COUNTIF($I$4:$I$23,$AY21) -> 3 | BC2021: =BB2021/BB2022 -> 0.15
R2022: =SUM(R2019:R2021) -> 20 | S2022: =SUM(S2019:S2021) -> 1 | AD2022: =SUM(AD2019:AD2021) -> 20 | AE2022: =SUM(AE2019:AE2021) -> 1 | AP2022: =SUM(AP2019:AP2021) -> 20 | AQ2022: =SUM(AQ2019:AQ2021) -> 1 | BB2022: =SUM(BB2019:BB2021) -> 20 | BC2022: =SUM(BC2019:BC2021) -> 1
K2101: Variable | L2101: =(N4) -> Clima institucional | N2101: Unidades de Medida | W2101: Variable | X2101: =(Z4) -> Clima institucional | Z2101: Unidades de Medida | AI2101: Variable | AJ2101: =(AL4) -> Clima institucional | AL2101: Unidades de Medida | AU2101: Variable | AV2101: =(AX4) -> Clima institucional | AX2101: Unidades de Medida
K2102: Dimensión | L2102: =(N5) -> Estructuración Organizacional | N2102: Docentess | W2102: Dimensión | X2102: =(Z5) -> Relaciones Interpersonales | Z2102: Docentess | AI2102: Dimensión | AJ2102: =(AL5) -> Identidad Institucional | AL2102: Docentess | AU2102: Dimensión | AV2102: =(AX5) -> 0 | AX2102: Docentess
K2104: Valoración de la variable | L2104: =MAX(S19:S21) -> 0.85 | M2104: =IF(L2104=S19,O19,IF(L2104=S20,O20,IF(L2104=S21,O21,"algo esta mal"))) -> Inadecuado | W2104: Valoración de la variable | X2104: =MAX(AE19:AE21) -> 0.7 | Y2104: =IF(X2104=AE19,AA19,IF(X2104=AE20,AA20,IF(X2104=AE21,AA21,"algo esta mal"))) -> Inadecuado | AI2104: Valoración de la variable | AJ2104: =MAX(AQ19:AQ21) -> 0.7 | AK2104: =IF(AJ2104=AQ19,AM19,IF(AJ2104=AQ20,AM20,IF(AJ2104=AQ21,AM21,"algo esta mal"))) -> Inadecuado | AU2104: Valoración de la variable | AV2104: =MAX(BC19:BC21) -> 0.7 | AW2104: =IF(AV2104=BC19,AY19,IF(AV2104=BC20,AY20,IF(AV2104=BC21,AY21,"algo esta mal"))) -> Inadecuado
M2105: Preguntas Originales | N2105: Enunciados Para Palafraseo | O2105: Nunca | P2105: Casi Nunca | Q2105: A veces | R2105: Casi siempre | S2105: Siempre | Y2105: Preguntas Originales | Z2105: Enunciados Para Palafraseo | AA2105: Nunca | AB2105: Casi Nunca | AC2105: A veces | AD2105: Casi siempre | AE2105: Siempre | AK2105: Preguntas Originales | AL2105: Enunciados Para Palafraseo | AM2105: Nunca | AN2105: Casi Nunca | AO2105: A veces | AP2105: Casi siempre | AQ2105: Siempre
M2205: Enunciados Para Palafraseo | N2205: =CONCATENATE(O2105," y ",P2105) -> Nunca y Casi Nunca | O2205: =(Q2105) -> A veces | P2205: =CONCATENATE(R2105," y ",S2105) -> Casi siempre y Siempre | Q2205: MÁXIMO | R2205: Valores | S2205: codificación de verbos aleatorios para concatenar | T2205: verbo | U2205: Concatenación | Y2205: Enunciados Para Palafraseo | Z2205: =CONCATENATE(AA2105," y ",AB2105) -> Nunca y Casi Nunca | AA2205: =(AC2105) -> A veces | AB2205: =CONCATENATE(AD2105," y ",AE2105) -> Casi siempre y Siempre | AC2205: MÁXIMO | AD2205: Valores | AE2205: codificación de verbos aleatorios para concatenar | AF2205: verbo | AG2205: Concatenación | AK2205: Enunciados Para Palafraseo | AL2205: =CONCATENATE(AM2105," y ",AN2105) -> Nunca y Casi Nunca | AM2205: =(AO2105) -> A veces | AN2205: =CONCATENATE(AP2105," y ",AQ2105) -> Casi siempre y Siempre | AO2205: MÁXIMO | AP2205: Valores | AQ2205: codificación de verbos aleatorios para concatenar | AR2205: verbo | AS2205: Concatenación

Sheet Tabulacion por item
D4: Pregunta 1 | M4: Pregunta 2 | V4: Pregunta 3 | AE4: Pregunta 4 | AN4: Pregunta 5 | AW4: Pregunta 6 | BF4: Pregunta 7 | BO4: Pregunta 8 | BX4: Pregunta 9 | CG4: Pregunta 10 | CP4: Pregunta 11 | CY4: Pregunta 12
D5: Tabla 1 | M5: Tabla 2 | V5: Tabla 3 | AE5: Tabla 4 | AN5: Tabla 5 | AW5: Tabla 6 | BF5: Tabla 7 | BO5: Tabla 8 | BX5: Tabla 9 | CG5: Tabla 10 | CP5: Tabla 11 | CY5: Tabla 12
D6: .
E7: Frec. | F7: % | N7: Frec. | O7: % | W7: Frec. | X7: % | AF7: Frec. | AG7: % | AO7: Frec. | AP7: % | AX7: Frec. | AY7: % | BG7: Frec. | BH7: % | BP7: Frec. | BQ7: % | BY7: Frec. | BZ7: % | CH7: Frec. | CI7: % | CQ7: Frec. | CR7: % | CZ7: Frec. | DA7: %
D8: =('Clima institucional'!A31) -> Nunca | E8: =('Clima institucional'!B31) -> 10 | F8: =('Clima institucional'!B37) -> 0.5 | M8: =('Clima institucional'!A31) -> Nunca | N8: =('Clima institucional'!C31) -> 7 | O8: =('Clima institucional'!C37) -> 0.35 | V8: =('Clima institucional'!A31) -> Nunca | W8: =('Clima institucional'!D31) -> 7 | X8: =('Clima institucional'!D37) -> 0.35 | AE8: =('Clima institucional'!A31) -> Nunca | AF8: =('Clima institucional'!E31) -> 6 | AG8: =('Clima institucional'!E37) -> 0.3 | AN8: =('Clima institucional'!A31) -> Nunca | AO8: =('Clima institucional'!F31) -> 7 | AP8: =('Clima institucional'!F37) -> 0.35 | AW8: =('Clima institucional'!A31) -> Nunca | AX8: =('Clima institucional'!G31) -> 8 | AY8: =('Clima institucional'!G37) -> 0.4 | BF8: =('Clima institucional'!A31) -> Nunca | BG8: =('Clima institucional'!H31) -> 5 | BH8: =('Clima institucional'!H37) -> 0.25 | BO8: =('Clima institucional'!A31) -> Nunca | BP8: =('Clima institucional'!I31) -> 7 | BQ8: =('Clima institucional'!I37) -> 0.35 | BX8: =('Clima institucional'!A31) -> Nunca | BY8: =('Clima institucional'!J31) -> 9 | BZ8: =('Clima institucional'!J37) -> 0.45 | CG8: =('Clima institucional'!A31) -> Nunca | CH8: =('Clima institucional'!K31) -> 8 | CI8: =('Clima institucional'!K37) -> 0.4 | CP8: =('Clima institucional'!A31) -> Nunca | CQ8: =('Clima institucional'!L31) -> 8 | CR8: =('Clima institucional'!L37) -> 0.4 | CY8: =('Clima institucional'!A31) -> Nunca | CZ8: =('Clima institucional'!M31) -> 9 | DA8: =('Clima institucional'!M37) -> 0.45
D9: =('Clima institucional'!A32) -> Casi Nunca | E9: =('Clima institucional'!B32) -> 5 | F9: =('Clima institucional'!B38) -> 0.25 | M9: =('Clima institucional'!A32) -> Casi Nunca | N9: =('Clima institucional'!C32) -> 10 | O9: =('Clima institucional'!C38) -> 0.5 | V9: =('Clima institucional'!A32) -> Casi Nunca | W9: =('Clima institucional'!D32) -> 9 | X9: =('Clima institucional'!D38) -> 0.45 | AE9: =('Clima institucional'!A32) -> Casi Nunca | AF9: =('Clima institucional'!E32) -> 8 | AG9: =('Clima institucional'!E38) -> 0.4 | AN9: =('Clima institucional'!A32) -> Casi Nunca | AO9: =('Clima institucional'!F32) -> 8 | AP9: =('Clima institucional'!F38) -> 0.4 | AW9: =('Clima institucional'!A32) -> Casi Nunca | AX9: =('Clima institucional'!G32) -> 6 | AY9: =('Clima institucional'!G38) -> 0.3 | BF9: =('Clima institucional'!A32) -> Casi Nunca | BG9: =('Clima institucional'!H32) -> 8 | BH9: =('Clima institucional'!H38) -> 0.4 | BO9: =('Clima institucional'!A32) -> Casi Nunca | BP9: =('Clima institucional'!I32) -> 8 | BQ9: =('Clima institucional'!I38) -> 0.4 | BX9: =('Clima institucional'!A32) -> Casi Nunca | BY9: =('Clima institucional'!J32) -> 5 | BZ9: =('Clima institucional'!J38) -> 0.25 | CG9: =('Clima institucional'!A32) -> Casi Nunca | CH9: =('Clima institucional'!K32) -> 6 | CI9: =('Clima institucional'!K38) -> 0.3 | CP9: =('Clima institucional'!A32) -> Casi Nunca | CQ9: =('Clima institucional'!L32) -> 8 | CR9: =('Clima institucional'!L38) -> 0.4 | CY9: =('Clima institucional'!A32) -> Casi Nunca | CZ9: =('Clima institucional'!M32) -> 5 | DA9: =('Clima institucional'!M38) -> 0.25
D10: =('Clima institucional'!A33) -> A veces | E10: =('Clima institucional'!B33) -> 3 | F10: =('Clima institucional'!B39) -> 0.15 | M10: =('Clima institucional'!A33) -> A veces | N10: =('Clima institucional'!C33) -> 3 | O10: =('Clima institucional'!C39) -> 0.15 | V10: =('Clima institucional'!A33) -> A veces | W10: =('Clima institucional'!D33) -> 0 | X10: =('Clima institucional'!D39) -> 0 | AE10: =('Clima institucional'!A33) -> A veces | AF10: =('Clima institucional'!E33) -> 6 | AG10: =('Clima institucional'!E39) -> 0.3 | AN10: =('Clima institucional'!A33) -> A veces | AO10: =('Clima institucional'!F33) -> 2 | AP10: =('Clima institucional'!F39) -> 0.1 | AW10: =('Clima institucional'!A33) -> A veces | AX10: =('Clima institucional'!G33) -> 2 | AY10: =('Clima institucional'!G39) -> 0.1 | BF10: =('Clima institucional'!A33) -> A veces | BG10: =('Clima institucional'!H33) -> 7 | BH10: =('Clima institucional'!H39) -> 0.35 | BO10: =('Clima institucional'!A33) -> A veces | BP10: =('Clima institucional'!I33) -> 1 | BQ10: =('Clima institucional'!I39) -> 0.05 | BX10: =('Clima institucional'!A33) -> A veces | BY10: =('Clima institucional'!J33) -> 4 | BZ10: =('Clima institucional'!J39) -> 0.2 | CG10: =('Clima institucional'!A33) -> A veces | CH10: =('Clima institucional'!K33) -> 2 | CI10: =('Clima institucional'!K39) -> 0.1 | CP10: =('Clima institucional'!A33) -> A veces | CQ10: =('Clima institucional'!L33) -> 2 | CR10: =('Clima institucional'!L39) -> 0.1 | CY10: =('Clima institucional'!A33) -> A veces | CZ10: =('Clima institucional'!M33) -> 1 | DA10: =('Clima institucional'!M39) -> 0.05
D11: =('Clima institucional'!A34) -> Casi siempre | E11: =('Clima institucional'!B34) -> 1 | F11: =('Clima institucional'!B40) -> 0.05 | M11: =('Clima institucional'!A34) -> Casi siempre | N11: =('Clima institucional'!C34) -> 0 | O11: =('Clima institucional'!C40) -> 0 | V11: =('Clima institucional'!A34) -> Casi siempre | W11: =('Clima institucional'!D34) -> 2 | X11: =('Clima institucional'!D40) -> 0.1 | AE11: =('Clima institucional'!A34) -> Casi siempre | AF11: =('Clima institucional'!E34) -> 0 | AG11: =('Clima institucional'!E40) -> 0 | AN11: =('Clima institucional'!A34) -> Casi siempre | AO11: =('Clima institucional'!F34) -> 2 | AP11: =('Clima institucional'!F40) -> 0.1 | AW11: =('Clima institucional'!A34) -> Casi siempre | AX11: =('Clima institucional'!G34) -> 2 | AY11: =('Clima institucional'!G40) -> 0.1 | BF11: =('Clima institucional'!A34) -> Casi siempre | BG11: =('Clima institucional'!H34) -> 0 | BH11: =('Clima institucional'!H40) -> 0 | BO11: =('Clima institucional'!A34) -> Casi siempre | BP11: =('Clima institucional'!I34) -> 2 | BQ11: =('Clima institucional'!I40) -> 0.1 | BX11: =('Clima institucional'!A34) -> Casi siempre | BY11: =('Clima institucional'!J34) -> 1 | BZ11: =('Clima institucional'!J40) -> 0.05 | CG11: =('Clima institucional'!A34) -> Casi siempre | CH11: =('Clima institucional'!K34) -> 3 | CI11: =('Clima institucional'!K40) -> 0.15 | CP11: =('Clima institucional'!A34) -> Casi siempre | CQ11: =('Clima institucional'!L34) -> 2 | CR11: =('Clima institucional'!L40) -> 0.1 | CY11: =('Clima institucional'!A34) -> Casi siempre | CZ11: =('Clima institucional'!M34) -> 3 | DA11: =('Clima institucional'!M40) -> 0.15
D12: =('Clima institucional'!A35) -> Siempre | E12: =('Clima institucional'!B35) -> 1 | F12: =('Clima institucional'!B41) -> 0.05 | M12: =('Clima institucional'!A35) -> Siempre | N12: =('Clima institucional'!C35) -> 0 | O12: =('Clima institucional'!C41) -> 0 | V12: =('Clima institucional'!A35) -> Siempre | W12: =('Clima institucional'!D35) -> 2 | X12: =('Clima institucional'!D41) -> 0.1 | AE12: =('Clima institucional'!A35) -> Siempre | AF12: =('Clima institucional'!E35) -> 0 | AG12: =('Clima institucional'!E41) -> 0 | AN12: =('Clima institucional'!A35) -> Siempre | AO12: =('Clima institucional'!F35) -> 1 | AP12: =('Clima institucional'!F41) -> 0.05 | AW12: =('Clima institucional'!A35) -> Siempre | AX12: =('Clima institucional'!G35) -> 2 | AY12: =('Clima institucional'!G41) -> 0.1 | BF12: =('Clima institucional'!A35) -> Siempre | BG12: =('Clima institucional'!H35) -> 0 | BH12: =('Clima institucional'!H41) -> 0 | BO12: =('Clima institucional'!A35) -> Siempre | BP12: =('Clima institucional'!I35) -> 2 | BQ12: =('Clima institucional'!I41) -> 0.1 | BX12: =('Clima institucional'!A35) -> Siempre | BY12: =('Clima institucional'!J35) -> 1 | BZ12: =('Clima institucional'!J41) -> 0.05 | CG12: =('Clima institucional'!A35) -> Siempre | CH12: =('Clima institucional'!K35) -> 1 | CI12: =('Clima institucional'!K41) -> 0.05 | CP12: =('Clima institucional'!A35) -> Siempre | CQ12: =('Clima institucional'!L35) -> 0 | CR12: =('Clima institucional'!L41) -> 0 | CY12: =('Clima institucional'!A35) -> Siempre | CZ12: =('Clima institucional'!M35) -> 2 | DA12: =('Clima institucional'!M41) -> 0.1
D13: =('Clima institucional'!A36) -> Total | E13: =('Clima institucional'!B36) -> 20 | F13: =('Clima institucional'!B42) -> 1 | M13: =('Clima institucional'!A36) -> Total | N13: =('Clima institucional'!C36) -> 20 | O13: =('Clima institucional'!C42) -> 1 | V13: =('Clima institucional'!A36) -> Total | W13: =('Clima institucional'!D36) -> 20 | X13: =('Clima institucional'!D42) -> 1 | AE13: =('Clima institucional'!A36) -> Total | AF13: =('Clima institucional'!E36) -> 20 | AG13: =('Clima institucional'!E42) -> 1 | AN13: =('Clima institucional'!A36) -> Total | AO13: =('Clima institucional'!F36) -> 20 | AP13: =('Clima institucional'!F42) -> 1 | AW13: =('Clima institucional'!A36) -> Total | AX13: =('Clima institucional'!G36) -> 20 | AY13: =('Clima institucional'!G42) -> 1 | BF13: =('Clima institucional'!A36) -> Total | BG13: =('Clima institucional'!H36) -> 20 | BH13: =('Clima institucional'!H42) -> 1 | BO13: =('Clima institucional'!A36) -> Total | BP13: =('Clima institucional'!I36) -> 20 | BQ13: =('Clima institucional'!I42) -> 1 | BX13: =('Clima institucional'!A36) -> Total | BY13: =('Clima institucional'!J36) -> 20 | BZ13: =('Clima institucional'!J42) -> 1 | CG13: =('Clima institucional'!A36) -> Total | CH13: =('Clima institucional'!K36) -> 20 | CI13: =('Clima institucional'!K42) -> 1 | CP13: =('Clima institucional'!A36) -> Total | CQ13: =('Clima institucional'!L36) -> 20 | CR13: =('Clima institucional'!L42) -> 1 | CY13: =('Clima institucional'!A36) -> Total | CZ13: =('Clima institucional'!M36) -> 20 | DA13: =('Clima institucional'!M42) -> 1
D14: Elaboración: Propia | M14: Elaboración: Propia | V14: Elaboración: Propia | AE14: Elaboración: Propia | AN14: Elaboración: Propia | AW14: Elaboración: Propia | BF14: Elaboración: Propia | BO14: Elaboración: Propia | BX14: Elaboración: Propia | CG14: Elaboración: Propia | CP14: Elaboración: Propia | CY14: Elaboración: Propia
D15: Fuente: Encuesta aplicada | M15: Fuente: Encuesta aplicada | V15: Fuente: Encuesta aplicada | AE15: Fuente: Encuesta aplicada | AN15: Fuente: Encuesta aplicada | AW15: Fuente: Encuesta aplicada | BF15: Fuente: Encuesta aplicada | BO15: Fuente: Encuesta aplicada | BX15: Fuente: Encuesta aplicada | CG15: Fuente: Encuesta aplicada | CP15: Fuente: Encuesta aplicada | CY15: Fuente: Encuesta aplicada
D33: Figura. 1 | M33: Figura. 2 | V33: Figura. 3 | AE33: Figura. 4 | AN33: Figura. 5 | AW33: Figura. 6 | BF33: Figura. 7 | BO33: Figura. 8 | BX33: Figura. 9 | CG33: Figura. 10 | CP33: Figura. 11 | CY33: Figura. 12
D34: .
D35: =CONCATENATE("En ","la ",D5," y ",D33," se observa los resultados de la ",D4," el cual aborda ",E1062,",en donde se demuestra que el ",ROUND(F8*100,0),"%"," de los ",D1045," tienen una percepción de ",G1046,", el ",ROUND(F9*100,0),"%"," ",G1047,", un ",ROUND(F10*100,0),"%"," ",G1048,",",IF(E1049>0,CONCATENATE(" ademas el ",ROUND(F11*100,0),"%"," ",G1049,)," "),IF(E1049>0,CONCATENATE(" y ",ROUND(F12*100,0),"%",", ",G1050,)," "),"en tal sentido la mayoría de los ",D1045," es decir el ",ROUND(E1053*100,0),"%"," tienen una percepción con una inclinación a un valor ",D1056,","," para ",E1062,".") -> En la Tabla 1 y Figura. 1 se observa los resultados de la Pregunta 1 el cual aborda .,en donde se demuestra que el 50% de los Docentess tienen una percepción de Nunca, el 25% Casi Nunca, un 15% A veces, ademas el 5% Casi siempre y 5%, Casi siempreen tal sentido la mayoría de los Docentess es decir el 90% tienen una percepción con una inclinación a un valor Inadecuado, para .. | M35: =CONCATENATE("En ","la ",M5," y ",M33," se observa los resultados de la ",M4," el cual aborda ",N1062,",en donde se demuestra que el ",ROUND(O8*100,0),"%"," de los ",M1045," tienen una percepción de ",P1046,", el ",ROUND(O9*100,0),"%"," ",P1047,", un ",ROUND(O10*100,0),"%"," ",P1048,",",IF(N1049>0,CONCATENATE(" ademas el ",ROUND(O11*100,0),"%"," ",P1049,)," "),IF(N1049>0,CONCATENATE(" y ",ROUND(O12*100,0),"%",", ",P1050,)," "),"en tal sentido la mayoría de los ",M1045," es decir el ",ROUND(N1053*100,0),"%"," tienen una percepción con una inclinación a un valor ",M1056,","," para ",N1062,".") -> En la Tabla 2 y Figura. 2 se observa los resultados de la Pregunta 2 el cual aborda ,en donde se demuestra que el 35% de los Docentess tienen una percepción de Casi Nunca, el 50% Nunca, un 15% A veces, en tal sentido la mayoría de los Docentess es decir el 100% tienen una percepción con una inclinación a un valor Inadecuado, para . | V35: =CONCATENATE("En ","la ",V5," y ",V33," se observa los resultados de la ",V4," el cual aborda ",W1062,",en donde se demuestra que el ",ROUND(X8*100,0),"%"," de los ",V1045," tienen una percepción de ",Y1046,", el ",ROUND(X9*100,0),"%"," ",Y1047,", un ",ROUND(X10*100,0),"%"," ",Y1048,",",IF(W1049>0,CONCATENATE(" ademas el ",ROUND(X11*100,0),"%"," ",Y1049,)," "),IF(W1049>0,CONCATENATE(" y ",ROUND(X12*100,0),"%",", ",Y1050,)," "),"en tal sentido la mayoría de los ",V1045," es decir el ",ROUND(W1053*100,0),"%"," tienen una percepción con una inclinación a un valor ",V1056,","," para ",W1062,".") -> En la Tabla 3 y Figura. 3 se observa los resultados de la Pregunta 3 el cual aborda ,en donde se demuestra que el 35% de los Docentess tienen una percepción de Casi Nunca, el 45% Nunca, un 0% Casi siempre, ademas el 10% Casi siempre y 10%, en tal sentido la mayoría de los Docentess es decir el 80% tienen una percepción con una inclinación a un valor Inadecuado, para . | AE35: =CONCATENATE("En ","la ",AE5," y ",AE33," se observa los resultados de la ",AE4," el cual aborda ",AF1062,",en donde se demuestra que el ",ROUND(AG8*100,0),"%"," de los ",AE1045," tienen una percepción de ",AH1046,", el ",ROUND(AG9*100,0),"%"," ",AH1047,", un ",ROUND(AG10*100,0),"%"," ",AH1048,",",IF(AF1049>0,CONCATENATE(" ademas el ",ROUND(AG11*100,0),"%"," ",AH1049,)," "),IF(AF1049>0,CONCATENATE(" y ",ROUND(AG12*100,0),"%",", ",AH1050,)," "),"en tal sentido la mayoría de los ",AE1045," es decir el ",ROUND(AF1053*100,0),"%"," tienen una percepción con una inclinación a un valor ",AE1056,","," para ",AF1062,".") -> En la Tabla 4 y Figura. 4 se observa los resultados de la Pregunta 4 el cual aborda ,en donde se demuestra que el 30% de los Docentess tienen una percepción de Casi Nunca, el 40% Nunca, un 30% Nunca, en tal sentido la mayoría de los Docentess es decir el 100% tienen una percepción con una inclinación a un valor Inadecuado, para . | AN35: =CONCATENATE("En ","la ",AN5," y ",AN33," se observa los resultados de la ",AN4," el cual aborda ",AO1062,",en donde se demuestra que el ",ROUND(AP8*100,0),"%"," de los ",AN1045," tienen una percepción de ",AQ1046,", el ",ROUND(AP9*100,0),"%"," ",AQ1047,", un ",ROUND(AP10*100,0),"%"," ",AQ1048,",",IF(AO1049>0,CONCATENATE(" ademas el ",ROUND(AP11*100,0),"%"," ",AQ1049,)," "),IF(AO1049>0,CONCATENATE(" y ",ROUND(AP12*100,0),"%",", ",AQ1050,)," "),"en tal sentido la mayoría de los ",AN1045," es decir el ",ROUND(AO1053*100,0),"%"," tienen una percepción con una inclinación a un valor ",AN1056,","," para ",AO1062,".") -> En la Tabla 5 y Figura. 5 se observa los resultados de la Pregunta 5 el cual aborda ,en donde se demuestra que el 35% de los Docentess tienen una percepción de Casi Nunca, el 40% Nunca, un 10% A veces, ademas el 10% A veces y 5%, Siempreen tal sentido la mayoría de los Docentess es decir el 85% tienen una percepción con una inclinación a un valor Inadecuado, para . | AW35: =CONCATENATE("En ","la ",AW5," y ",AW33," se observa los resultados de la ",AW4," el cual aborda ",AX1062,",en donde se demuestra que el ",ROUND(AY8*100,0),"%"," de los ",AW1045," tienen una percepción de ",AZ1046,", el ",ROUND(AY9*100,0),"%"," ",AZ1047,", un ",ROUND(AY10*100,0),"%"," ",AZ1048,",",IF(AX1049>0,CONCATENATE(" ademas el ",ROUND(AY11*100,0),"%"," ",AZ1049,)," "),IF(AX1049>0,CONCATENATE(" y ",ROUND(AY12*100,0),"%",", ",AZ1050,)," "),"en tal sentido la mayoría de los ",AW1045," es decir el ",ROUND(AX1053*100,0),"%"," tienen una percepción con una inclinación a un valor ",AW1056,","," para ",AX1062,".") -> En la Tabla 6 y Figura. 6 se observa los resultados de la Pregunta 6 el cual aborda ,en donde se demuestra que el 40% de los Docentess tienen una percepción de Nunca, el 30% Casi Nunca, un 10% A veces, ademas el 10% A veces y 10%, A vecesen tal sentido la mayoría de los Docentess es decir el 80% tienen una percepción con una inclinación a un valor Inadecuado, para . | BF35: =CONCATENATE("En ","la ",BF5," y ",BF33," se observa los resultados de la ",BF4," el cual aborda ",BG1062,",en donde se demuestra que el ",ROUND(BH8*100,0),"%"," de los ",BF1045," tienen una percepción de ",BI1046,", el ",ROUND(BH9*100,0),"%"," ",BI1047,", un ",ROUND(BH10*100,0),"%"," ",BI1048,",",IF(BG1049>0,CONCATENATE(" ademas el ",ROUND(BH11*100,0),"%"," ",BI1049,)," "),IF(BG1049>0,CONCATENATE(" y ",ROUND(BH12*100,0),"%",", ",BI1050,)," "),"en tal sentido la mayoría de los ",BF1045," es decir el ",ROUND(BG1053*100,0),"%"," tienen una percepción con una inclinación a un valor ",BF1056,","," para ",BG1062,".") -> En la Tabla 7 y Figura. 7 se observa los resultados de la Pregunta 7 el cual aborda ,en donde se demuestra que el 25% de los Docentess tienen una percepción de Casi Nunca, el 40% A veces, un 35% Nunca, en tal sentido la mayoría de los Docentess es decir el 100% tienen una percepción con una inclinación a un valor Inadecuado, para . | BO35: =CONCATENATE("En ","la ",BO5," y ",BO33," se observa los resultados de la ",BO4," el cual aborda ",BP1062,",en donde se demuestra que el ",ROUND(BQ8*100,0),"%"," de los ",BO1045," tienen una percepción de ",BR1046,", el ",ROUND(BQ9*100,0),"%"," ",BR1047,", un ",ROUND(BQ10*100,0),"%"," ",BR1048,",",IF(BP1049>0,CONCATENATE(" ademas el ",ROUND(BQ11*100,0),"%"," ",BR1049,)," "),IF(BP1049>0,CONCATENATE(" y ",ROUND(BQ12*100,0),"%",", ",BR1050,)," "),"en tal sentido la mayoría de los ",BO1045," es decir el ",ROUND(BP1053*100,0),"%"," tienen una percepción con una inclinación a un valor ",BO1056,","," para ",BP1062,".") -> En la Tabla 8 y Figura. 8 se observa los resultados de la Pregunta 8 el cual aborda ,en donde se demuestra que el 35% de los Docentess tienen una percepción de Casi Nunca, el 40% Nunca, un 5% Casi siempre, ademas el 10% Casi siempre y 10%, A vecesen tal sentido la mayoría de los Docentess es decir el 80% tienen una percepción con una inclinación a un valor Inadecuado, para . | BX35: =CONCATENATE("En ","la ",BX5," y ",BX33," se observa los resultados de la ",BX4," el cual aborda ",BY1062,",en donde se demuestra que el ",ROUND(BZ8*100,0),"%"," de los ",BX1045," tienen una percepción de ",CA1046,", el ",ROUND(BZ9*100,0),"%"," ",CA1047,", un ",ROUND(BZ10*100,0),"%"," ",CA1048,",",IF(BY1049>0,CONCATENATE(" ademas el ",ROUND(BZ11*100,0),"%"," ",CA1049,)," "),IF(BY1049>0,CONCATENATE(" y ",ROUND(BZ12*100,0),"%",", ",CA1050,)," "),"en tal sentido la mayoría de los ",BX1045," es decir el ",ROUND(BY1053*100,0),"%"," tienen una percepción con una inclinación a un valor ",BX1056,","," para ",BY1062,".") -> En la Tabla 9 y Figura. 9 se observa los resultados de la Pregunta 9 el cual aborda ,en donde se demuestra que el 45% de los Docentess tienen una percepción de Nunca, el 25% Casi Nunca, un 20% A veces, ademas el 5% Casi siempre y 5%, Casi siempreen tal sentido la mayoría de los Docentess es decir el 90% tienen una percepción con una inclinación a un valor Inadecuado, para . | CG35: =CONCATENATE("En ","la ",CG5," y ",CG33," se observa los resultados de la ",CG4," el cual aborda ",CH1062,",en donde se demuestra que el ",ROUND(CI8*100,0),"%"," de los ",CG1045," tienen una percepción de ",CJ1046,", el ",ROUND(CI9*100,0),"%"," ",CJ1047,", un ",ROUND(CI10*100,0),"%"," ",CJ1048,",",IF(CH1049>0,CONCATENATE(" ademas el ",ROUND(CI11*100,0),"%"," ",CJ1049,)," "),IF(CH1049>0,CONCATENATE(" y ",ROUND(CI12*100,0),"%",", ",CJ1050,)," "),"en tal sentido la mayoría de los ",CG1045," es decir el ",ROUND(CH1053*100,0),"%"," tienen una percepción con una inclinación a un valor ",CG1056,","," para ",CH1062,".") -> En la Tabla 10 y Figura. 10 se observa los resultados de la Pregunta 10 el cual aborda ,en donde se demuestra que el 40% de los Docentess tienen una percepción de Nunca, el 30% Casi Nunca, un 10% Casi siempre, ademas el 15% A veces y 5%, Siempreen tal sentido la mayoría de los Docentess es decir el 80% tienen una percepción con una inclinación a un valor Inadecuado, para . | CP35: =CONCATENATE("En ","la ",CP5," y ",CP33," se observa los resultados de la ",CP4," el cual aborda ",CQ1062,",en donde se demuestra que el ",ROUND(CR8*100,0),"%"," de los ",CP1045," tienen una percepción de ",CS1046,", el ",ROUND(CR9*100,0),"%"," ",CS1047,", un ",ROUND(CR10*100,0),"%"," ",CS1048,",",IF(CQ1049>0,CONCATENATE(" ademas el ",ROUND(CR11*100,0),"%"," ",CS1049,)," "),IF(CQ1049>0,CONCATENATE(" y ",ROUND(CR12*100,0),"%",", ",CS1050,)," "),"en tal sentido la mayoría de los ",CP1045," es decir el ",ROUND(CQ1053*100,0),"%"," tienen una percepción con una inclinación a un valor ",CP1056,","," para ",CQ1062,".") -> En la Tabla 11 y Figura. 11 se observa los resultados de la Pregunta 11 el cual aborda ,en donde se demuestra que el 40% de los Docentess tienen una percepción de Nunca, el 40% Nunca, un 10% A veces, ademas el 10% A veces y 0%, en tal sentido la mayoría de los Docentess es decir el 90% tienen una percepción con una inclinación a un valor Inadecuado, para . | CY35: =CONCATENATE("En ","la ",CY5," y ",CY33," se observa los resultados de la ",CY4," el cual aborda ",CZ1062,",en donde se demuestra que el ",ROUND(DA8*100,0),"%"," de los ",CY1045," tienen una percepción de ",DB1046,", el ",ROUND(DA9*100,0),"%"," ",DB1047,", un ",ROUND(DA10*100,0),"%"," ",DB1048,",",IF(CZ1049>0,CONCATENATE(" ademas el ",ROUND(DA11*100,0),"%"," ",DB1049,)," "),IF(CZ1049>0,CONCATENATE(" y ",ROUND(DA12*100,0),"%",", ",DB1050,)," "),"en tal sentido la mayoría de los ",CY1045," es decir el ",ROUND(CZ1053*100,0),"%"," tienen una percepción con una inclinación a un valor ",CY1056,","," para ",CZ1062,".") -> En la Tabla 12 y Figura. 12 se observa los resultados de la Pregunta 12 el cual aborda ,en donde se demuestra que el 45% de los Docentess tienen una percepción de Nunca, el 25% Casi Nunca, un 5% Casi siempre, ademas el 15% Siempre y 10%, A vecesen tal sentido la mayoría de los Docentess es decir el 75% tienen una percepción con una inclinación a un valor Inadecuado, para .
D1045: Docentess | E1045: . | M1045: Docentess | V1045: Docentess | AE1045: Docentess | AN1045: Docentess | AW1045: Docentess | BF1045: Docentess | BO1045: Docentess | BX1045: Docentess | CG1045: Docentess | CP1045: Docentess | CY1045: Docentess
C1046: 1 | D1046: =IF(E1046=F8,D8,IF(E1046=F9,D9,IF(E1046=F10,D10,IF(E1046=F11,D11,IF(E1046=F12,D12,"ALGO ESTA MAL"))))) -> Nunca | E1046: =LARGE($F$8:$F$12,C1046) -> 0.5 | F1046: =IF(E1046>0.1%,E1046,"Algo Esta Mal") -> 0.5 | G1046: =IF(F1046=E1046,D1046," ") -> Nunca | L1046: 1 | M1046: =IF(N1046=O8,M8,IF(N1046=O9,M9,IF(N1046=O10,M10,IF(N1046=O11,M11,IF(N1046=O12,M12,"ALGO ESTA MAL"))))) -> Casi Nunca | N1046: =LARGE($O$8:$O$12,L1046) -> 0.5 | O1046: =IF(N1046>0.1%,N1046,"Algo Esta Mal") -> 0.5 | P1046: =IF(O1046=N1046,M1046," ") -> Casi Nunca | U1046: 1 | V1046: =IF(W1046=X8,V8,IF(W1046=X9,V9,IF(W1046=X10,V10,IF(W1046=X11,V11,IF(W1046=X12,V12,"ALGO ESTA MAL"))))) -> Casi Nunca | W1046: =LARGE($X$8:$X$12,U1046) -> 0.45 | X1046: =IF(W1046>0.1%,W1046,"Algo Esta Mal") -> 0.45 | Y1046: =IF(X1046=W1046,V1046," ") -> Casi Nunca | AD1046: 1 | AE1046: =IF(AF1046=AG8,AE8,IF(AF1046=AG9,AE9,IF(AF1046=AG10,AE10,IF(AF1046=AG11,AE11,IF(AF1046=AG12,AE12,"ALGO ESTA MAL"))))) -> Casi Nunca | AF1046: =LARGE($AG$8:$AG$12,AD1046) -> 0.4 | AG1046: =IF(AF1046>0.1%,AF1046,"Algo Esta Mal") -> 0.4 | AH1046: =IF(AG1046=AF1046,AE1046," ") -> Casi Nunca | AM1046: 1 | AN1046: =IF(AO1046=AP8,AN8,IF(AO1046=AP9,AN9,IF(AO1046=AP10,AN10,IF(AO1046=AP11,AN11,IF(AO1046=AP12,AN12,"ALGO ESTA MAL"))))) -> Casi Nunca | AO1046: =LARGE($AP$8:$AP$12,AM1046) -> 0.4 | AP1046: =IF(AO1046>0.1%,AO1046,"Algo Esta Mal") -> 0.4 | AQ1046: =IF(AP1046=AO1046,AN1046," ") -> Casi Nunca | AV1046: 1 | AW1046: =IF(AX1046=AY8,AW8,IF(AX1046=AY9,AW9,IF(AX1046=AY10,AW10,IF(AX1046=AY11,AW11,IF(AX1046=AY12,AW12,"ALGO ESTA MAL"))))) -> Nunca | AX1046: =LARGE($AY$8:$AY$12,AV1046) -> 0.4 | AY1046: =IF(AX1046>0.1%,AX1046,"Algo Esta Mal") -> 0.4 | AZ1046: =IF(AY1046=AX1046,AW1046," ") -> Nunca | BE1046: 1 | BF1046: =IF(BG1046=BH8,BF8,IF(BG1046=BH9,BF9,IF(BG1046=BH10,BF10,IF(BG1046=BH11,BF11,IF(BG1046=BH12,BF12,"ALGO ESTA MAL"))))) -> Casi Nunca | BG1046: =LARGE($BH$8:$BH$12,BE1046) -> 0.4 | BH1046: =IF(BG1046>0.1%,BG1046,"Algo Esta Mal") -> 0.4 | BI1046: =IF(BH1046=BG1046,BF1046," ") -> Casi Nunca | BN1046: 1 | BO1046: =IF(BP1046=BQ8,BO8,IF(BP1046=BQ9,BO9,IF(BP1046=BQ10,BO10,IF(BP1046=BQ11,BO11,IF(BP1046=BQ12,BO12,"ALGO ESTA MAL"))))) -> Casi Nunca | BP1046: =LARGE($BQ$8:$BQ$12,BN1046) -> 0.4 | BQ1046: =IF(BP1046>0.1%,BP1046,"Algo Esta Mal") -> 0.4 | BR1046: =IF(BQ1046=BP1046,BO1046," ") -> Casi Nunca | BW1046: 1 | BX1046: =IF(BY1046=BZ8,BX8,IF(BY1046=BZ9,BX9,IF(BY1046=BZ10,BX10,IF(BY1046=BZ11,BX11,IF(BY1046=BZ12,BX12,"ALGO ESTA MAL"))))) -> Nunca | BY1046: =LARGE($BZ$8:$BZ$12,BW1046) -> 0.45 | BZ1046: =IF(BY1046>0.1%,BY1046,"Algo Esta Mal") -> 0.45 | CA1046: =IF(BZ1046=BY1046,BX1046," ") -> Nunca | CF1046: 1 | CG1046: =IF(CH1046=CI8,CG8,IF(CH1046=CI9,CG9,IF(CH1046=CI10,CG10,IF(CH1046=CI11,CG11,IF(CH1046=CI12,CG12,"ALGO ESTA MAL"))))) -> Nunca | CH1046: =LARGE($CI$8:$CI$12,CF1046) -> 0.4 | CI1046: =IF(CH1046>0.1%,CH1046,"Algo Esta Mal") -> 0.4 | CJ1046: =IF(CI1046=CH1046,CG1046," ") -> Nunca | CO1046: 1 | CP1046: =IF(CQ1046=CR8,CP8,IF(CQ1046=CR9,CP9,IF(CQ1046=CR10,CP10,IF(CQ1046=CR11,CP11,IF(CQ1046=CR12,CP12,"ALGO ESTA MAL"))))) -> Nunca | CQ1046: =LARGE($CR$8:$CR$12,CO1046) -> 0.4 | CR1046: =IF(CQ1046>0.1%,CQ1046,"Algo Esta Mal") -> 0.4 | CS1046: =IF(CR1046=CQ1046,CP1046," ") -> Nunca | CX1046: 1 | CY1046: =IF(CZ1046=DA8,CY8,IF(CZ1046=DA9,CY9,IF(CZ1046=DA10,CY10,IF(CZ1046=DA11,CY11,IF(CZ1046=DA12,CY12,"ALGO ESTA MAL"))))) -> Nunca | CZ1046: =LARGE($DA$8:$DA$12,CX1046) -> 0.45 | DA1046: =IF(CZ1046>0.1%,CZ1046,"Algo Esta Mal") -> 0.45 | DB1046: =IF(DA1046=CZ1046,CY1046," ") -> Nunca
C1047: 2 | D1047: =IF(E1047=F8,D8,IF(E1047=F9,D9,IF(E1047=F10,D10,IF(E1047=F11,D11,IF(E1047=F12,D12,"ALGO ESTA MAL"))))) -> Casi Nunca | E1047: =LARGE($F$8:$F$12,C1047) -> 0.25 | F1047: =IF(E1047>0.1%,E1047,"Algo Esta Mal") -> 0.25 | G1047: =IF(F1047=E1047,D1047," ") -> Casi Nunca | L1047: 2 | M1047: =IF(N1047=O8,M8,IF(N1047=O9,M9,IF(N1047=O10,M10,IF(N1047=O11,M11,IF(N1047=O12,M12,"ALGO ESTA MAL"))))) -> Nunca | N1047: =LARGE($O$8:$O$12,L1047) -> 0.35 | O1047: =IF(N1047>0.1%,N1047,"Algo Esta Mal") -> 0.35 | P1047: =IF(O1047=N1047,M1047," ") -> Nunca | U1047: 2 | V1047: =IF(W1047=X8,V8,IF(W1047=X9,V9,IF(W1047=X10,V10,IF(W1047=X11,V11,IF(W1047=X12,V12,"ALGO ESTA MAL"))))) -> Nunca | W1047: =LARGE($X$8:$X$12,U1047) -> 0.35 | X1047: =IF(W1047>0.1%,W1047,"Algo Esta Mal") -> 0.35 | Y1047: =IF(X1047=W1047,V1047," ") -> Nunca | AD1047: 2 | AE1047: =IF(AF1047=AG8,AE8,IF(AF1047=AG9,AE9,IF(AF1047=AG10,AE10,IF(AF1047=AG11,AE11,IF(AF1047=AG12,AE12,"ALGO ESTA MAL"))))) -> Nunca | AF1047: =LARGE($AG$8:$AG$12,AD1047) -> 0.3 | AG1047: =IF(AF1047>0.1%,AF1047,"Algo Esta Mal") -> 0.3 | AH1047: =IF(AG1047=AF1047,AE1047," ") -> Nunca | AM1047: 2 | AN1047: =IF(AO1047=AP8,AN8,IF(AO1047=AP9,AN9,IF(AO1047=AP10,AN10,IF(AO1047=AP11,AN11,IF(AO1047=AP12,AN12,"ALGO ESTA MAL"))))) -> Nunca | AO1047: =LARGE($AP$8:$AP$12,AM1047) -> 0.35 | AP1047: =IF(AO1047>0.1%,AO1047,"Algo Esta Mal") -> 0.35 | AQ1047: =IF(AP1047=AO1047,AN1047," ") -> Nunca | AV1047: 2 | AW1047: =IF(AX1047=AY8,AW8,IF(AX1047=AY9,AW9,IF(AX1047=AY10,AW10,IF(AX1047=AY11,AW11,IF(AX1047=AY12,AW12,"ALGO ESTA MAL"))))) -> Casi Nunca | AX1047: =LARGE($AY$8:$AY$12,AV1047) -> 0.3 | AY1047: =IF(AX1047>0.1%,AX1047,"Algo Esta Mal") -> 0.3 | AZ1047: =IF(AY1047=AX1047,AW1047," ") -> Casi Nunca | BE1047: 2 | BF1047: =IF(BG1047=BH8,BF8,IF(BG1047=BH9,BF9,IF(BG1047=BH10,BF10,IF(BG1047=BH11,BF11,IF(BG1047=BH12,BF12,"ALGO ESTA MAL"))))) -> A veces | BG1047: =LARGE($BH$8:$BH$12,BE1047) -> 0.35 | BH1047: =IF(BG1047>0.1%,BG1047,"Algo Esta Mal") -> 0.35 | BI1047: =IF(BH1047=BG1047,BF1047," ") -> A veces | BN1047: 2 | BO1047: =IF(BP1047=BQ8,BO8,IF(BP1047=BQ9,BO9,IF(BP1047=BQ10,BO10,IF(BP1047=BQ11,BO11,IF(BP1047=BQ12,BO12,"ALGO ESTA MAL"))))) -> Nunca | BP1047: =LARGE($BQ$8:$BQ$12,BN1047) -> 0.35 | BQ1047: =IF(BP1047>0.1%,BP1047,"Algo Esta Mal") -> 0.35 | BR1047: =IF(BQ1047=BP1047,BO1047," ") -> Nunca | BW1047: 2 | BX1047: =IF(BY1047=BZ8,BX8,IF(BY1047=BZ9,BX9,IF(BY1047=BZ10,BX10,IF(BY1047=BZ11,BX11,IF(BY1047=BZ12,BX12,"ALGO ESTA MAL"))))) -> Casi Nunca | BY1047: =LARGE($BZ$8:$BZ$12,BW1047) -> 0.25 | BZ1047: =IF(BY1047>0.1%,BY1047,"Algo Esta Mal") -> 0.25 | CA1047: =IF(BZ1047=BY1047,BX1047," ") -> Casi Nunca | CF1047: 2 | CG1047: =IF(CH1047=CI8,CG8,IF(CH1047=CI9,CG9,IF(CH1047=CI10,CG10,IF(CH1047=CI11,CG11,IF(CH1047=CI12,CG12,"ALGO ESTA MAL"))))) -> Casi Nunca | CH1047: =LARGE($CI$8:$CI$12,CF1047) -> 0.3 | CI1047: =IF(CH1047>0.1%,CH1047,"Algo Esta Mal") -> 0.3 | CJ1047: =IF(CI1047=CH1047,CG1047," ") -> Casi Nunca | CO1047: 2 | CP1047: =IF(CQ1047=CR8,CP8,IF(CQ1047=CR9,CP9,IF(CQ1047=CR10,CP10,IF(CQ1047=CR11,CP11,IF(CQ1047=CR12,CP12,"ALGO ESTA MAL"))))) -> Nunca | CQ1047: =LARGE($CR$8:$CR$12,CO1047) -> 0.4 | CR1047: =IF(CQ1047>0.1%,CQ1047,"Algo Esta Mal") -> 0.4 | CS1047: =IF(CR1047=CQ1047,CP1047," ") -> Nunca | CX1047: 2 | CY1047: =IF(CZ1047=DA8,CY8,IF(CZ1047=DA9,CY9,IF(CZ1047=DA10,CY10,IF(CZ1047=DA11,CY11,IF(CZ1047=DA12,CY12,"ALGO ESTA MAL"))))) -> Casi Nunca | CZ1047: =LARGE($DA$8:$DA$12,CX1047) -> 0.25 | DA1047: =IF(CZ1047>0.1%,CZ1047,"Algo Esta Mal") -> 0.25 | DB1047: =IF(DA1047=CZ1047,CY1047," ") -> Casi Nunca
C1048: 3 | D1048: =IF(E1048=F8,D8,IF(E1048=F9,D9,IF(E1048=F10,D10,IF(E1048=F11,D11,IF(E1048=F12,D12,"ALGO ESTA MAL"))))) -> A veces | E1048: =LARGE($F$8:$F$12,C1048) -> 0.15 | F1048: =IF(E1048>0.1%,E1048,"Algo Esta Mal") -> 0.15 | G1048: =IF(F1048=E1048,D1048," ") -> A veces | L1048: 3 | M1048: =IF(N1048=O8,M8,IF(N1048=O9,M9,IF(N1048=O10,M10,IF(N1048=O11,M11,IF(N1048=O12,M12,"ALGO ESTA MAL"))))) -> A veces | N1048: =LARGE($O$8:$O$12,L1048) -> 0.15 | O1048: =IF(N1048>0.1%,N1048,"Algo Esta Mal") -> 0.15 | P1048: =IF(O1048=N1048,M1048," ") -> A veces | U1048: 3 | V1048: =IF(W1048=X8,V8,IF(W1048=X9,V9,IF(W1048=X10,V10,IF(W1048=X11,V11,IF(W1048=X12,V12,"ALGO ESTA MAL"))))) -> Casi siempre | W1048: =LARGE($X$8:$X$12,U1048) -> 0.1 | X1048: =IF(W1048>0.1%,W1048,"Algo Esta Mal") -> 0.1 | Y1048: =IF(X1048=W1048,V1048," ") -> Casi siempre | AD1048: 3 | AE1048: =IF(AF1048=AG8,AE8,IF(AF1048=AG9,AE9,IF(AF1048=AG10,AE10,IF(AF1048=AG11,AE11,IF(AF1048=AG12,AE12,"ALGO ESTA MAL"))))) -> Nunca | AF1048: =LARGE($AG$8:$AG$12,AD1048) -> 0.3 | AG1048: =IF(AF1048>0.1%,AF1048,"Algo Esta Mal") -> 0.3 | AH1048: =IF(AG1048=AF1048,AE1048," ") -> Nunca | AM1048: 3 | AN1048: =IF(AO1048=AP8,AN8,IF(AO1048=AP9,AN9,IF(AO1048=AP10,AN10,IF(AO1048=AP11,AN11,IF(AO1048=AP12,AN12,"ALGO ESTA MAL"))))) -> A veces | AO1048: =LARGE($AP$8:$AP$12,AM1048) -> 0.1 | AP1048: =IF(AO1048>0.1%,AO1048,"Algo Esta Mal") -> 0.1 | AQ1048: =IF(AP1048=AO1048,AN1048," ") -> A veces | AV1048: 3 | AW1048: =IF(AX1048=AY8,AW8,IF(AX1048=AY9,AW9,IF(AX1048=AY10,AW10,IF(AX1048=AY11,AW11,IF(AX1048=AY12,AW12,"ALGO ESTA MAL"))))) -> A veces | AX1048: =LARGE($AY$8:$AY$12,AV1048) -> 0.1 | AY1048: =IF(AX1048>0.1%,AX1048,"Algo Esta Mal") -> 0.1 | AZ1048: =IF(AY1048=AX1048,AW1048," ") -> A veces | BE1048: 3 | BF1048: =IF(BG1048=BH8,BF8,IF(BG1048=BH9,BF9,IF(BG1048=BH10,BF10,IF(BG1048=BH11,BF11,IF(BG1048=BH12,BF12,"ALGO ESTA MAL"))))) -> Nunca | BG1048: =LARGE($BH$8:$BH$12,BE1048) -> 0.25 | BH1048: =IF(BG1048>0.1%,BG1048,"Algo Esta Mal") -> 0.25 | BI1048: =IF(BH1048=BG1048,BF1048," ") -> Nunca | BN1048: 3 | BO1048: =IF(BP1048=BQ8,BO8,IF(BP1048=BQ9,BO9,IF(BP1048=BQ10,BO10,IF(BP1048=BQ11,BO11,IF(BP1048=BQ12,BO12,"ALGO ESTA MAL"))))) -> Casi siempre | BP1048: =LARGE($BQ$8:$BQ$12,BN1048) -> 0.1 | BQ1048: =IF(BP1048>0.1%,BP1048,"Algo Esta Mal") -> 0.1 | BR1048: =IF(BQ1048=BP1048,BO1048," ") -> Casi siempre | BW1048: 3 | BX1048: =IF(BY1048=BZ8,BX8,IF(BY1048=BZ9,BX9,IF(BY1048=BZ10,BX10,IF(BY1048=BZ11,BX11,IF(BY1048=BZ12,BX12,"ALGO ESTA MAL"))))) -> A veces | BY1048: =LARGE($BZ$8:$BZ$12,BW1048) -> 0.2 | BZ1048: =IF(BY1048>0.1%,BY1048,"Algo Esta Mal") -> 0.2 | CA1048: =IF(BZ1048=BY1048,BX1048," ") -> A veces | CF1048: 3 | CG1048: =IF(CH1048=CI8,CG8,IF(CH1048=CI9,CG9,IF(CH1048=CI10,CG10,IF(CH1048=CI11,CG11,IF(CH1048=CI12,CG12,"ALGO ESTA MAL"))))) -> Casi siempre | CH1048: =LARGE($CI$8:$CI$12,CF1048) -> 0.15 | CI1048: =IF(CH1048>0.1%,CH1048,"Algo Esta Mal") -> 0.15 | CJ1048: =IF(CI1048=CH1048,CG1048," ") -> Casi siempre | CO1048: 3 | CP1048: =IF(CQ1048=CR8,CP8,IF(CQ1048=CR9,CP9,IF(CQ1048=CR10,CP10,IF(CQ1048=CR11,CP11,IF(CQ1048=CR12,CP12,"ALGO ESTA MAL"))))) -> A veces | CQ1048: =LARGE($CR$8:$CR$12,CO1048) -> 0.1 | CR1048: =IF(CQ1048>0.1%,CQ1048,"Algo Esta Mal") -> 0.1 | CS1048: =IF(CR1048=CQ1048,CP1048," ") -> A veces | CX1048: 3 | CY1048: =IF(CZ1048=DA8,CY8,IF(CZ1048=DA9,CY9,IF(CZ1048=DA10,CY10,IF(CZ1048=DA11,CY11,IF(CZ1048=DA12,CY12,"ALGO ESTA MAL"))))) -> Casi siempre | CZ1048: =LARGE($DA$8:$DA$12,CX1048) -> 0.15 | DA1048: =IF(CZ1048>0.1%,CZ1048,"Algo Esta Mal") -> 0.15 | DB1048: =IF(DA1048=CZ1048,CY1048," ") -> Casi siempre
C1049: 4 | D1049: =IF(E1049=F8,D8,IF(E1049=F9,D9,IF(E1049=F10,D10,IF(E1049=F11,D11,IF(E1049=F12,D12,"ALGO ESTA MAL"))))) -> Casi siempre | E1049: =LARGE($F$8:$F$12,C1049) -> 0.05 | F1049: =IF(E1049>0.1%,E1049,"Algo Esta Mal") -> 0.05 | G1049: =IF(F1049=E1049,D1049," ") -> Casi siempre | L1049: 4 | M1049: =IF(N1049=O8,M8,IF(N1049=O9,M9,IF(N1049=O10,M10,IF(N1049=O11,M11,IF(N1049=O12,M12,"ALGO ESTA MAL"))))) -> Casi siempre | N1049: =LARGE($O$8:$O$12,L1049) -> 0 | O1049: =IF(N1049>0.1%,N1049,"Algo Esta Mal") -> Algo Esta Mal | P1049: =IF(O1049=N1049,M1049," ") | U1049: 4 | V1049: =IF(W1049=X8,V8,IF(W1049=X9,V9,IF(W1049=X10,V10,IF(W1049=X11,V11,IF(W1049=X12,V12,"ALGO ESTA MAL"))))) -> Casi siempre | W1049: =LARGE($X$8:$X$12,U1049) -> 0.1 | X1049: =IF(W1049>0.1%,W1049,"Algo Esta Mal") -> 0.1 | Y1049: =IF(X1049=W1049,V1049," ") -> Casi siempre | AD1049: 4 | AE1049: =IF(AF1049=AG8,AE8,IF(AF1049=AG9,AE9,IF(AF1049=AG10,AE10,IF(AF1049=AG11,AE11,IF(AF1049=AG12,AE12,"ALGO ESTA MAL"))))) -> Casi siempre | AF1049: =LARGE($AG$8:$AG$12,AD1049) -> 0 | AG1049: =IF(AF1049>0.1%,AF1049,"Algo Esta Mal") -> Algo Esta Mal | AH1049: =IF(AG1049=AF1049,AE1049," ") | AM1049: 4 | AN1049: =IF(AO1049=AP8,AN8,IF(AO1049=AP9,AN9,IF(AO1049=AP10,AN10,IF(AO1049=AP11,AN11,IF(AO1049=AP12,AN12,"ALGO ESTA MAL"))))) -> A veces | AO1049: =LARGE($AP$8:$AP$12,AM1049) -> 0.1 | AP1049: =IF(AO1049>0.1%,AO1049,"Algo Esta Mal") -> 0.1 | AQ1049: =IF(AP1049=AO1049,AN1049," ") -> A veces | AV1049: 4 | AW1049: =IF(AX1049=AY8,AW8,IF(AX1049=AY9,AW9,IF(AX1049=AY10,AW10,IF(AX1049=AY11,AW11,IF(AX1049=AY12,AW12,"ALGO ESTA MAL"))))) -> A veces | AX1049: =LARGE($AY$8:$AY$12,AV1049) -> 0.1 | AY1049: =IF(AX1049>0.1%,AX1049,"Algo Esta Mal") -> 0.1 | AZ1049: =IF(AY1049=AX1049,AW1049," ") -> A veces | BE1049: 4 | BF1049: =IF(BG1049=BH8,BF8,IF(BG1049=BH9,BF9,IF(BG1049=BH10,BF10,IF(BG1049=BH11,BF11,IF(BG1049=BH12,BF12,"ALGO ESTA MAL"))))) -> Casi siempre | BG1049: =LARGE($BH$8:$BH$12,BE1049) -> 0 | BH1049: =IF(BG1049>0.1%,BG1049,"Algo Esta Mal") -> Algo Esta Mal | BI1049: =IF(BH1049=BG1049,BF1049," ") | BN1049: 4 | BO1049: =IF(BP1049=BQ8,BO8,IF(BP1049=BQ9,BO9,IF(BP1049=BQ10,BO10,IF(BP1049=BQ11,BO11,IF(BP1049=BQ12,BO12,"ALGO ESTA MAL"))))) -> Casi siempre | BP1049: =LARGE($BQ$8:$BQ$12,BN1049) -> 0.1 | BQ1049: =IF(BP1049>0.1%,BP1049,"Algo Esta Mal") -> 0.1 | BR1049: =IF(BQ1049=BP1049,BO1049," ") -> Casi siempre | BW1049: 4 | BX1049: =IF(BY1049=BZ8,BX8,IF(BY1049=BZ9,BX9,IF(BY1049=BZ10,BX10,IF(BY1049=BZ11,BX11,IF(BY1049=BZ12,BX12,"ALGO ESTA MAL"))))) -> Casi siempre | BY1049: =LARGE($BZ$8:$BZ$12,BW1049) -> 0.05 | BZ1049: =IF(BY1049>0.1%,BY1049,"Algo Esta Mal") -> 0.05 | CA1049: =IF(BZ1049=BY1049,BX1049," ") -> Casi siempre | CF1049: 4 | CG1049: =IF(CH1049=CI8,CG8,IF(CH1049=CI9,CG9,IF(CH1049=CI10,CG10,IF(CH1049=CI11,CG11,IF(CH1049=CI12,CG12,"ALGO ESTA MAL"))))) -> A veces | CH1049: =LARGE($CI$8:$CI$12,CF1049) -> 0.1 | CI1049: =IF(CH1049>0.1%,CH1049,"Algo Esta Mal") -> 0.1 | CJ1049: =IF(CI1049=CH1049,CG1049," ") -> A veces | CO1049: 4 | CP1049: =IF(CQ1049=CR8,CP8,IF(CQ1049=CR9,CP9,IF(CQ1049=CR10,CP10,IF(CQ1049=CR11,CP11,IF(CQ1049=CR12,CP12,"ALGO ESTA MAL"))))) -> A veces | CQ1049: =LARGE($CR$8:$CR$12,CO1049) -> 0.1 | CR1049: =IF(CQ1049>0.1%,CQ1049,"Algo Esta Mal") -> 0.1 | CS1049: =IF(CR1049=CQ1049,CP1049," ") -> A veces | CX1049: 4 | CY1049: =IF(CZ1049=DA8,CY8,IF(CZ1049=DA9,CY9,IF(CZ1049=DA10,CY10,IF(CZ1049=DA11,CY11,IF(CZ1049=DA12,CY12,"ALGO ESTA MAL"))))) -> Siempre | CZ1049: =LARGE($DA$8:$DA$12,CX1049) -> 0.1 | DA1049: =IF(CZ1049>0.1%,CZ1049,"Algo Esta Mal") -> 0.1 | DB1049: =IF(DA1049=CZ1049,CY1049," ") -> Siempre
C1050: 5 | D1050: =IF(E1050=F8,D8,IF(E1050=F9,D9,IF(E1050=F10,D10,IF(E1050=F11,D11,IF(E1050=F12,D12,"ALGO ESTA MAL"))))) -> Casi siempre | E1050: =LARGE($F$8:$F$12,C1050) -> 0.05 | F1050: =IF(E1050>0.1%,E1050,"Algo Esta Mal") -> 0.05 | G1050: =IF(F1050=E1050,D1050," ") -> Casi siempre | L1050: 5 | M1050: =IF(N1050=O8,M8,IF(N1050=O9,M9,IF(N1050=O10,M10,IF(N1050=O11,M11,IF(N1050=O12,M12,"ALGO ESTA MAL"))))) -> Casi siempre | N1050: =LARGE($O$8:$O$12,L1050) -> 0 | O1050: =IF(N1050>0.1%,N1050,"Algo Esta Mal") -> Algo Esta Mal | P1050: =IF(O1050=N1050,M1050," ") | U1050: 5 | V1050: =IF(W1050=X8,V8,IF(W1050=X9,V9,IF(W1050=X10,V10,IF(W1050=X11,V11,IF(W1050=X12,V12,"ALGO ESTA MAL"))))) -> A veces | W1050: =LARGE($X$8:$X$12,U1050) -> 0 | X1050: =IF(W1050>0.1%,W1050,"Algo Esta Mal") -> Algo Esta Mal | Y1050: =IF(X1050=W1050,V1050," ") | AD1050: 5 | AE1050: =IF(AF1050=AG8,AE8,IF(AF1050=AG9,AE9,IF(AF1050=AG10,AE10,IF(AF1050=AG11,AE11,IF(AF1050=AG12,AE12,"ALGO ESTA MAL"))))) -> Casi siempre | AF1050: =LARGE($AG$8:$AG$12,AD1050) -> 0 | AG1050: =IF(AF1050>0.1%,AF1050,"Algo Esta Mal") -> Algo Esta Mal | AH1050: =IF(AG1050=AF1050,AE1050," ") | AM1050: 5 | AN1050: =IF(AO1050=AP8,AN8,IF(AO1050=AP9,AN9,IF(AO1050=AP10,AN10,IF(AO1050=AP11,AN11,IF(AO1050=AP12,AN12,"ALGO ESTA MAL"))))) -> Siempre | AO1050: =LARGE($AP$8:$AP$12,AM1050) -> 0.05 | AP1050: =IF(AO1050>0.1%,AO1050,"Algo Esta Mal") -> 0.05 | AQ1050: =IF(AP1050=AO1050,AN1050," ") -> Siempre | AV1050: 5 | AW1050: =IF(AX1050=AY8,AW8,IF(AX1050=AY9,AW9,IF(AX1050=AY10,AW10,IF(AX1050=AY11,AW11,IF(AX1050=AY12,AW12,"ALGO ESTA MAL"))))) -> A veces | AX1050: =LARGE($AY$8:$AY$12,AV1050) -> 0.1 | AY1050: =IF(AX1050>0.1%,AX1050,"Algo Esta Mal") -> 0.1 | AZ1050: =IF(AY1050=AX1050,AW1050," ") -> A veces | BE1050: 5 | BF1050: =IF(BG1050=BH8,BF8,IF(BG1050=BH9,BF9,IF(BG1050=BH10,BF10,IF(BG1050=BH11,BF11,IF(BG1050=BH12,BF12,"ALGO ESTA MAL"))))) -> Casi siempre | BG1050: =LARGE($BH$8:$BH$12,BE1050) -> 0 | BH1050: =IF(BG1050>0.1%,BG1050,"Algo Esta Mal") -> Algo Esta Mal | BI1050: =IF(BH1050=BG1050,BF1050," ") | BN1050: 5 | BO1050: =IF(BP1050=BQ8,BO8,IF(BP1050=BQ9,BO9,IF(BP1050=BQ10,BO10,IF(BP1050=BQ11,BO11,IF(BP1050=BQ12,BO12,"ALGO ESTA MAL"))))) -> A veces | BP1050: =LARGE($BQ$8:$BQ$12,BN1050) -> 0.05 | BQ1050: =IF(BP1050>0.1%,BP1050,"Algo Esta Mal") -> 0.05 | BR1050: =IF(BQ1050=BP1050,BO1050," ") -> A veces | BW1050: 5 | BX1050: =IF(BY1050=BZ8,BX8,IF(BY1050=BZ9,BX9,IF(BY1050=BZ10,BX10,IF(BY1050=BZ11,BX11,IF(BY1050=BZ12,BX12,"ALGO ESTA MAL"))))) -> Casi siempre | BY1050: =LARGE($BZ$8:$BZ$12,BW1050) -> 0.05 | BZ1050: =IF(BY1050>0.1%,BY1050,"Algo Esta Mal") -> 0.05 | CA1050: =IF(BZ1050=BY1050,BX1050," ") -> Casi siempre | CF1050: 5 | CG1050: =IF(CH1050=CI8,CG8,IF(CH1050=CI9,CG9,IF(CH1050=CI10,CG10,IF(CH1050=CI11,CG11,IF(CH1050=CI12,CG12,"ALGO ESTA MAL"))))) -> Siempre | CH1050: =LARGE($CI$8:$CI$12,CF1050) -> 0.05 | CI1050: =IF(CH1050>0.1%,CH1050,"Algo Esta Mal") -> 0.05 | CJ1050: =IF(CI1050=CH1050,CG1050," ") -> Siempre | CO1050: 5 | CP1050: =IF(CQ1050=CR8,CP8,IF(CQ1050=CR9,CP9,IF(CQ1050=CR10,CP10,IF(CQ1050=CR11,CP11,IF(CQ1050=CR12,CP12,"ALGO ESTA MAL"))))) -> Siempre | CQ1050: =LARGE($CR$8:$CR$12,CO1050) -> 0 | CR1050: =IF(CQ1050>0.1%,CQ1050,"Algo Esta Mal") -> Algo Esta Mal | CS1050: =IF(CR1050=CQ1050,CP1050," ") | CX1050: 5 | CY1050: =IF(CZ1050=DA8,CY8,IF(CZ1050=DA9,CY9,IF(CZ1050=DA10,CY10,IF(CZ1050=DA11,CY11,IF(CZ1050=DA12,CY12,"ALGO ESTA MAL"))))) -> A veces | CZ1050: =LARGE($DA$8:$DA$12,CX1050) -> 0.05 | DA1050: =IF(CZ1050>0.1%,CZ1050,"Algo Esta Mal") -> 0.05 | DB1050: =IF(DA1050=CZ1050,CY1050," ") -> A veces
D1052: Mayoria | M1052: Mayoria | V1052: Mayoria | AE1052: Mayoria | AN1052: Mayoria | AW1052: Mayoria | BF1052: Mayoria | BO1052: Mayoria | BX1052: Mayoria | CG1052: Mayoria | CP1052: Mayoria | CY1052: Mayoria
D1053: =SUM(F8:F10) -> 0.9 | E1053: =MAX(D1053:D1054) -> 0.9 | M1053: =SUM(O8:O10) -> 1 | N1053: =MAX(M1053:M1054) -> 1 | V1053: =SUM(X8:X10) -> 0.8 | W1053: =MAX(V1053:V1054) -> 0.8 | AE1053: =SUM(AG8:AG10) -> 1 | AF1053: =MAX(AE1053:AE1054) -> 1 | AN1053: =SUM(AP8:AP10) -> 0.85 | AO1053: =MAX(AN1053:AN1054) -> 0.85 | AW1053: =SUM(AY8:AY10) -> 0.8 | AX1053: =MAX(AW1053:AW1054) -> 0.8 | BF1053: =SUM(BH8:BH10) -> 1 | BG1053: =MAX(BF1053:BF1054) -> 1 | BO1053: =SUM(BQ8:BQ10) -> 0.8 | BP1053: =MAX(BO1053:BO1054) -> 0.8 | BX1053: =SUM(BZ8:BZ10) -> 0.9 | BY1053: =MAX(BX1053:BX1054) -> 0.9 | CG1053: =SUM(CI8:CI10) -> 0.8 | CH1053: =MAX(CG1053:CG1054) -> 0.8 | CP1053: =SUM(CR8:CR10) -> 0.9 | CQ1053: =MAX(CP1053:CP1054) -> 0.9 | CY1053: =SUM(DA8:DA10) -> 0.75 | CZ1053: =MAX(CY1053:CY1054) -> 0.75
D1054: =SUM(F10:F12) -> 0.25 | M1054: =SUM(O10:O12) -> 0.15 | V1054: =SUM(X10:X12) -> 0.2 | AE1054: =SUM(AG10:AG12) -> 0.3 | AN1054: =SUM(AP10:AP12) -> 0.25 | AW1054: =SUM(AY10:AY12) -> 0.3 | BF1054: =SUM(BH10:BH12) -> 0.35 | BO1054: =SUM(BQ10:BQ12) -> 0.25 | BX1054: =SUM(BZ10:BZ12) -> 0.3 | CG1054: =SUM(CI10:CI12) -> 0.3 | CP1054: =SUM(CR10:CR12) -> 0.2 | CY1054: =SUM(DA10:DA12) -> 0.3
D1056: Inadecuado | E1056: =SUM(F8:F9) -> 0.75 | M1056: Inadecuado | N1056: =SUM(O8:O9) -> 0.85 | V1056: Inadecuado | W1056: =SUM(X8:X9) -> 0.8 | AE1056: Inadecuado | AF1056: =SUM(AG8:AG9) -> 0.7 | AN1056: Inadecuado | AO1056: =SUM(AP8:AP9) -> 0.75 | AW1056: Inadecuado | AX1056: =SUM(AY8:AY9) -> 0.7 | BF1056: Inadecuado | BG1056: =SUM(BH8:BH9) -> 0.65 | BO1056: Inadecuado | BP1056: =SUM(BQ8:BQ9) -> 0.75 | BX1056: Inadecuado | BY1056: =SUM(BZ8:BZ9) -> 0.7 | CG1056: Inadecuado | CH1056: =SUM(CI8:CI9) -> 0.7 | CP1056: Inadecuado | CQ1056: =SUM(CR8:CR9) -> 0.8 | CY1056: Inadecuado | CZ1056: =SUM(DA8:DA9) -> 0.7
D1057: Regular | E1057: =SUM(F10) -> 0.15 | M1057: Regular | N1057: =SUM(O10) -> 0.15 | V1057: Regular | W1057: =SUM(X10) -> 0 | AE1057: Regular | AF1057: =SUM(AG10) -> 0.3 | AN1057: Regular | AO1057: =SUM(AP10) -> 0.1 | AW1057: Regular | AX1057: =SUM(AY10) -> 0.1 | BF1057: Regular | BG1057: =SUM(BH10) -> 0.35 | BO1057: Regular | BP1057: =SUM(BQ10) -> 0.05 | BX1057: Regular | BY1057: =SUM(BZ10) -> 0.2 | CG1057: Regular | CH1057: =SUM(CI10) -> 0.1 | CP1057: Regular | CQ1057: =SUM(CR10) -> 0.1 | CY1057: Regular | CZ1057: =SUM(DA10) -> 0.05
D1058: Adecuado | E1058: =SUM(F11:F12) -> 0.1 | M1058: Adecuado | N1058: =SUM(O11:O12) -> 0 | V1058: Adecuado | W1058: =SUM(X11:X12) -> 0.2 | AE1058: Adecuado | AF1058: =SUM(AG11:AG12) -> 0 | AN1058: Adecuado | AO1058: =SUM(AP11:AP12) -> 0.15 | AW1058: Adecuado | AX1058: =SUM(AY11:AY12) -> 0.2 | BF1058: Adecuado | BG1058: =SUM(BH11:BH12) -> 0 | BO1058: Adecuado | BP1058: =SUM(BQ11:BQ12) -> 0.2 | BX1058: Adecuado | BY1058: =SUM(BZ11:BZ12) -> 0.1 | CG1058: Adecuado | CH1058: =SUM(CI11:CI12) -> 0.2 | CP1058: Adecuado | CQ1058: =SUM(CR11:CR12) -> 0.1 | CY1058: Adecuado | CZ1058: =SUM(DA11:DA12) -> 0.25
E1060: =IF(E1056>=51%,D1056,IF(E1057>=51%,D1057,IF(E1058>=51%,D1058,IF(SUM(E1056:E1057)>SUM(E1057:E1058),D1056,IF(SUM(E1056:E1057)<SUM(E1057:E1058),D1058,"Algo esta Mal"))))) -> Inadecuado | N1060: =IF(N1056>=51%,M1056,IF(N1057>=51%,M1057,IF(N1058>=51%,M1058,IF(SUM(N1056:N1057)>SUM(N1057:N1058),M1056,IF(SUM(N1056:N1057)<SUM(N1057:N1058),M1058,"Algo esta Mal"))))) -> Inadecuado | W1060: =IF(W1056>=51%,V1056,IF(W1057>=51%,V1057,IF(W1058>=51%,V1058,IF(SUM(W1056:W1057)>SUM(W1057:W1058),V1056,IF(SUM(W1056:W1057)<SUM(W1057:W1058),V1058,"Algo esta Mal"))))) -> Inadecuado | AF1060: =IF(AF1056>=51%,AE1056,IF(AF1057>=51%,AE1057,IF(AF1058>=51%,AE1058,IF(SUM(AF1056:AF1057)>SUM(AF1057:AF1058),AE1056,IF(SUM(AF1056:AF1057)<SUM(AF1057:AF1058),AE1058,"Algo esta Mal"))))) -> Inadecuado | AO1060: =IF(AO1056>=51%,AN1056,IF(AO1057>=51%,AN1057,IF(AO1058>=51%,AN1058,IF(SUM(AO1056:AO1057)>SUM(AO1057:AO1058),AN1056,IF(SUM(AO1056:AO1057)<SUM(AO1057:AO1058),AN1058,"Algo esta Mal"))))) -> Inadecuado | AX1060: =IF(AX1056>=51%,AW1056,IF(AX1057>=51%,AW1057,IF(AX1058>=51%,AW1058,IF(SUM(AX1056:AX1057)>SUM(AX1057:AX1058),AW1056,IF(SUM(AX1056:AX1057)<SUM(AX1057:AX1058),AW1058,"Algo esta Mal"))))) -> Inadecuado | BG1060: =IF(BG1056>=51%,BF1056,IF(BG1057>=51%,BF1057,IF(BG1058>=51%,BF1058,IF(SUM(BG1056:BG1057)>SUM(BG1057:BG1058),BF1056,IF(SUM(BG1056:BG1057)<SUM(BG1057:BG1058),BF1058,"Algo esta Mal"))))) -> Inadecuado | BP1060: =IF(BP1056>=51%,BO1056,IF(BP1057>=51%,BO1057,IF(BP1058>=51%,BO1058,IF(SUM(BP1056:BP1057)>SUM(BP1057:BP1058),BO1056,IF(SUM(BP1056:BP1057)<SUM(BP1057:BP1058),BO1058,"Algo esta Mal"))))) -> Inadecuado | BY1060: =IF(BY1056>=51%,BX1056,IF(BY1057>=51%,BX1057,IF(BY1058>=51%,BX1058,IF(SUM(BY1056:BY1057)>SUM(BY1057:BY1058),BX1056,IF(SUM(BY1056:BY1057)<SUM(BY1057:BY1058),BX1058,"Algo esta Mal"))))) -> Inadecuado | CH1060: =IF(CH1056>=51%,CG1056,IF(CH1057>=51%,CG1057,IF(CH1058>=51%,CG1058,IF(SUM(CH1056:CH1057)>SUM(CH1057:CH1058),CG1056,IF(SUM(CH1056:CH1057)<SUM(CH1057:CH1058),CG1058,"Algo esta Mal"))))) -> Inadecuado | CQ1060: =IF(CQ1056>=51%,CP1056,IF(CQ1057>=51%,CP1057,IF(CQ1058>=51%,CP1058,IF(SUM(CQ1056:CQ1057)>SUM(CQ1057:CQ1058),CP1056,IF(SUM(CQ1056:CQ1057)<SUM(CQ1057:CQ1058),CP1058,"Algo esta Mal"))))) -> Inadecuado | CZ1060: =IF(CZ1056>=51%,CY1056,IF(CZ1057>=51%,CY1057,IF(CZ1058>=51%,CY1058,IF(SUM(CZ1056:CZ1057)>SUM(CZ1057:CZ1058),CY1056,IF(SUM(CZ1056:CZ1057)<SUM(CZ1057:CZ1058),CY1058,"Algo esta Mal"))))) -> Inadecuado
E1062: .
D2008: =('Clima institucional'!A1020) -> 1 | E2008: =('Clima institucional'!B1020) -> 0 | F2008: =('Clima institucional'!B1026) -> 0 | M2008: =('Clima institucional'!A1020) -> 1 | N2008: =('Clima institucional'!C1020) -> 0 | O2008: =('Clima institucional'!C1026) -> 0 | V2008: =('Clima institucional'!A1020) -> 1 | W2008: =('Clima institucional'!D1020) -> 0 | X2008: =('Clima institucional'!D1026) -> 0 | AE2008: =('Clima institucional'!A1020) -> 1 | AF2008: =('Clima institucional'!E1020) -> 0 | AG2008: =('Clima institucional'!E1026) -> 0 | AN2008: =('Clima institucional'!A1020) -> 1 | AO2008: =('Clima institucional'!F1020) -> 0 | AP2008: =('Clima institucional'!F1026) -> 0 | AW2008: =('Clima institucional'!A1020) -> 1 | AX2008: =('Clima institucional'!G1020) -> 0 | AY2008: =('Clima institucional'!G1026) -> 0 | BF2008: =('Clima institucional'!A1020) -> 1 | BG2008: =('Clima institucional'!H1020) -> 0 | BH2008: =('Clima institucional'!H1026) -> 0 | BO2008: =('Clima institucional'!A1020) -> 1 | BP2008: =('Clima institucional'!I1020) -> 0 | BQ2008: =('Clima institucional'!I1026) -> 0 | BX2008: =('Clima institucional'!A1020) -> 1 | BY2008: =('Clima institucional'!J1020) -> 0 | BZ2008: =('Clima institucional'!J1026) -> 0 | CG2008: =('Clima institucional'!A1020) -> 1 | CH2008: =('Clima institucional'!K1020) -> 0 | CI2008: =('Clima institucional'!K1026) -> 0 | CP2008: =('Clima institucional'!A1020) -> 1 | CQ2008: =('Clima institucional'!L1020) -> 0 | CR2008: =('Clima institucional'!L1026) -> 0 | CY2008: =('Clima institucional'!A1020) -> 1 | CZ2008: =('Clima institucional'!M1020) -> 0 | DA2008: =('Clima institucional'!M1026) -> 0
D2009: =('Clima institucional'!A1021) -> 2 | E2009: =('Clima institucional'!B1021) -> 0 | F2009: =('Clima institucional'!B1027) -> 0 | M2009: =('Clima institucional'!A1021) -> 2 | N2009: =('Clima institucional'!C1021) -> 0 | O2009: =('Clima institucional'!C1027) -> 0 | V2009: =('Clima institucional'!A1021) -> 2 | W2009: =('Clima institucional'!D1021) -> 0 | X2009: =('Clima institucional'!D1027) -> 0 | AE2009: =('Clima institucional'!A1021) -> 2 | AF2009: =('Clima institucional'!E1021) -> 0 | AG2009: =('Clima institucional'!E1027) -> 0 | AN2009: =('Clima institucional'!A1021) -> 2 | AO2009: =('Clima institucional'!F1021) -> 0 | AP2009: =('Clima institucional'!F1027) -> 0 | AW2009: =('Clima institucional'!A1021) -> 2 | AX2009: =('Clima institucional'!G1021) -> 0 | AY2009: =('Clima institucional'!G1027) -> 0 | BF2009: =('Clima institucional'!A1021) -> 2 | BG2009: =('Clima institucional'!H1021) -> 0 | BH2009: =('Clima institucional'!H1027) -> 0 | BO2009: =('Clima institucional'!A1021) -> 2 | BP2009: =('Clima institucional'!I1021) -> 0 | BQ2009: =('Clima institucional'!I1027) -> 0 | BX2009: =('Clima institucional'!A1021) -> 2 | BY2009: =('Clima institucional'!J1021) -> 0 | BZ2009: =('Clima institucional'!J1027) -> 0 | CG2009: =('Clima institucional'!A1021) -> 2 | CH2009: =('Clima institucional'!K1021) -> 0 | CI2009: =('Clima institucional'!K1027) -> 0 | CP2009: =('Clima institucional'!A1021) -> 2 | CQ2009: =('Clima institucional'!L1021) -> 0 | CR2009: =('Clima institucional'!L1027) -> 0 | CY2009: =('Clima institucional'!A1021) -> 2 | CZ2009: =('Clima institucional'!M1021) -> 0 | DA2009: =('Clima institucional'!M1027) -> 0
D2010: =('Clima institucional'!A1022) -> 3 | E2010: =('Clima institucional'!B1022) -> 0 | F2010: =('Clima institucional'!B1028) -> 0 | M2010: =('Clima institucional'!A1022) -> 3 | N2010: =('Clima institucional'!C1022) -> 0 | O2010: =('Clima institucional'!C1028) -> 0 | V2010: =('Clima institucional'!A1022) -> 3 | W2010: =('Clima institucional'!D1022) -> 0 | X2010: =('Clima institucional'!D1028) -> 0 | AE2010: =('Clima institucional'!A1022) -> 3 | AF2010: =('Clima institucional'!E1022) -> 0 | AG2010: =('Clima institucional'!E1028) -> 0 | AN2010: =('Clima institucional'!A1022) -> 3 | AO2010: =('Clima institucional'!F1022) -> 0 | AP2010: =('Clima institucional'!F1028) -> 0 | AW2010: =('Clima institucional'!A1022) -> 3 | AX2010: =('Clima institucional'!G1022) -> 0 | AY2010: =('Clima institucional'!G1028) -> 0 | BF2010: =('Clima institucional'!A1022) -> 3 | BG2010: =('Clima institucional'!H1022) -> 0 | BH2010: =('Clima institucional'!H1028) -> 0 | BO2010: =('Clima institucional'!A1022) -> 3 | BP2010: =('Clima institucional'!I1022) -> 0 | BQ2010: =('Clima institucional'!I1028) -> 0 | BX2010: =('Clima institucional'!A1022) -> 3 | BY2010: =('Clima institucional'!J1022) -> 0 | BZ2010: =('Clima institucional'!J1028) -> 0 | CG2010: =('Clima institucional'!A1022) -> 3 | CH2010: =('Clima institucional'!K1022) -> 0 | CI2010: =('Clima institucional'!K1028) -> 0 | CP2010: =('Clima institucional'!A1022) -> 3 | CQ2010: =('Clima institucional'!L1022) -> 0 | CR2010: =('Clima institucional'!L1028) -> 0 | CY2010: =('Clima institucional'!A1022) -> 3 | CZ2010: =('Clima institucional'!M1022) -> 0 | DA2010: =('Clima institucional'!M1028) -> 0
D2011: =('Clima institucional'!A1023) -> 4 | E2011: =('Clima institucional'!B1023) -> 0 | F2011: =('Clima institucional'!B1029) -> 0 | M2011: =('Clima institucional'!A1023) -> 4 | N2011: =('Clima institucional'!C1023) -> 0 | O2011: =('Clima institucional'!C1029) -> 0 | V2011: =('Clima institucional'!A1023) -> 4 | W2011: =('Clima institucional'!D1023) -> 0 | X2011: =('Clima institucional'!D1029) -> 0 | AE2011: =('Clima institucional'!A1023) -> 4 | AF2011: =('Clima institucional'!E1023) -> 0 | AG2011: =('Clima institucional'!E1029) -> 0 | AN2011: =('Clima institucional'!A1023) -> 4 | AO2011: =('Clima institucional'!F1023) -> 0 | AP2011: =('Clima institucional'!F1029) -> 0 | AW2011: =('Clima institucional'!A1023) -> 4 | AX2011: =('Clima institucional'!G1023) -> 0 | AY2011: =('Clima institucional'!G1029) -> 0 | BF2011: =('Clima institucional'!A1023) -> 4 | BG2011: =('Clima institucional'!H1023) -> 0 | BH2011: =('Clima institucional'!H1029) -> 0 | BO2011: =('Clima institucional'!A1023) -> 4 | BP2011: =('Clima institucional'!I1023) -> 0 | BQ2011: =('Clima institucional'!I1029) -> 0 | BX2011: =('Clima institucional'!A1023) -> 4 | BY2011: =('Clima institucional'!J1023) -> 0 | BZ2011: =('Clima institucional'!J1029) -> 0 | CG2011: =('Clima institucional'!A1023) -> 4 | CH2011: =('Clima institucional'!K1023) -> 0 | CI2011: =('Clima institucional'!K1029) -> 0 | CP2011: =('Clima institucional'!A1023) -> 4 | CQ2011: =('Clima institucional'!L1023) -> 0 | CR2011: =('Clima institucional'!L1029) -> 0 | CY2011: =('Clima institucional'!A1023) -> 4 | CZ2011: =('Clima institucional'!M1023) -> 0 | DA2011: =('Clima institucional'!M1029) -> 0
D2012: =('Clima institucional'!A1024) -> 5 | E2012: =('Clima institucional'!B1024) -> 0 | F2012: =('Clima institucional'!B1030) -> 0 | M2012: =('Clima institucional'!A1024) -> 5 | N2012: =('Clima institucional'!C1024) -> 0 | O2012: =('Clima institucional'!C1030) -> 0 | V2012: =('Clima institucional'!A1024) -> 5 | W2012: =('Clima institucional'!D1024) -> 0 | X2012: =('Clima institucional'!D1030) -> 0 | AE2012: =('Clima institucional'!A1024) -> 5 | AF2012: =('Clima institucional'!E1024) -> 0 | AG2012: =('Clima institucional'!E1030) -> 0 | AN2012: =('Clima institucional'!A1024) -> 5 | AO2012: =('Clima institucional'!F1024) -> 0 | AP2012: =('Clima institucional'!F1030) -> 0 | AW2012: =('Clima institucional'!A1024) -> 5 | AX2012: =('Clima institucional'!G1024) -> 0 | AY2012: =('Clima institucional'!G1030) -> 0 | BF2012: =('Clima institucional'!A1024) -> 5 | BG2012: =('Clima institucional'!H1024) -> 0 | BH2012: =('Clima institucional'!H1030) -> 0 | BO2012: =('Clima institucional'!A1024) -> 5 | BP2012: =('Clima institucional'!I1024) -> 0 | BQ2012: =('Clima institucional'!I1030) -> 0 | BX2012: =('Clima institucional'!A1024) -> 5 | BY2012: =('Clima institucional'!J1024) -> 0 | BZ2012: =('Clima institucional'!J1030) -> 0 | CG2012: =('Clima institucional'!A1024) -> 5 | CH2012: =('Clima institucional'!K1024) -> 0 | CI2012: =('Clima institucional'!K1030) -> 0 | CP2012: =('Clima institucional'!A1024) -> 5 | CQ2012: =('Clima institucional'!L1024) -> 0 | CR2012: =('Clima institucional'!L1030) -> 0 | CY2012: =('Clima institucional'!A1024) -> 5 | CZ2012: =('Clima institucional'!M1024) -> 0 | DA2012: =('Clima institucional'!M1030) -> 0
D2013: =('Clima institucional'!A1025) -> 0 | E2013: =('Clima institucional'!B1025) -> 0 | F2013: =('Clima institucional'!B1031) -> 0 | M2013: =('Clima institucional'!A1025) -> 0 | N2013: =('Clima institucional'!C1025) -> 0 | O2013: =('Clima institucional'!C1031) -> 0 | V2013: =('Clima institucional'!A1025) -> 0 | W2013: =('Clima institucional'!D1025) -> 0 | X2013: =('Clima institucional'!D1031) -> 0 | AE2013: =('Clima institucional'!A1025) -> 0 | AF2013: =('Clima institucional'!E1025) -> 0 | AG2013: =('Clima institucional'!E1031) -> 0 | AN2013: =('Clima institucional'!A1025) -> 0 | AO2013: =('Clima institucional'!F1025) -> 0 | AP2013: =('Clima institucional'!F1031) -> 0 | AW2013: =('Clima institucional'!A1025) -> 0 | AX2013: =('Clima institucional'!G1025) -> 0 | AY2013: =('Clima institucional'!G1031) -> 0 | BF2013: =('Clima institucional'!A1025) -> 0 | BG2013: =('Clima institucional'!H1025) -> 0 | BH2013: =('Clima institucional'!H1031) -> 0 | BO2013: =('Clima institucional'!A1025) -> 0 | BP2013: =('Clima institucional'!I1025) -> 0 | BQ2013: =('Clima institucional'!I1031) -> 0 | BX2013: =('Clima institucional'!A1025) -> 0 | BY2013: =('Clima institucional'!J1025) -> 0 | BZ2013: =('Clima institucional'!J1031) -> 0 | CG2013: =('Clima institucional'!A1025) -> 0 | CH2013: =('Clima institucional'!K1025) -> 0 | CI2013: =('Clima institucional'!K1031) -> 0 | CP2013: =('Clima institucional'!A1025) -> 0 | CQ2013: =('Clima institucional'!L1025) -> 0 | CR2013: =('Clima institucional'!L1031) -> 0 | CY2013: =('Clima institucional'!A1025) -> 0 | CZ2013: =('Clima institucional'!M1025) -> 0 | DA2013: =('Clima institucional'!M1031) -> 0
D2046: =IF(E2046=F2008,D2008,IF(E2046=F2009,D2009,IF(E2046=F2010,D2010,IF(E2046=F2011,D2011,IF(E2046=F2012,D2012,"ALGO ESTA MAL"))))) -> 1 | E2046: =LARGE($F$2008:$F$2012,C1046) -> 0 | F2046: =IF(E2046>0.1%,E2046,"Algo Esta Mal") -> Algo Esta Mal | G2046: =IF(F2046=E2046,D2046," ") | M2046: =IF(N2046=O2008,M2008,IF(N2046=O2009,M2009,IF(N2046=O2010,M2010,IF(N2046=O2011,M2011,IF(N2046=O2012,M2012,"ALGO ESTA MAL"))))) -> 1 | N2046: =LARGE($O$2008:$O$2012,L1046) -> 0 | O2046: =IF(N2046>0.1%,N2046,"Algo Esta Mal") -> Algo Esta Mal | P2046: =IF(O2046=N2046,M2046," ") | V2046: =IF(W2046=X2008,V2008,IF(W2046=X2009,V2009,IF(W2046=X2010,V2010,IF(W2046=X2011,V2011,IF(W2046=X2012,V2012,"ALGO ESTA MAL"))))) -> 1 | W2046: =LARGE($X$2008:$X$2012,U1046) -> 0 | X2046: =IF(W2046>0.1%,W2046,"Algo Esta Mal") -> Algo Esta Mal | Y2046: =IF(X2046=W2046,V2046," ") | AE2046: =IF(AF2046=AG2008,AE2008,IF(AF2046=AG2009,AE2009,IF(AF2046=AG2010,AE2010,IF(AF2046=AG2011,AE2011,IF(AF2046=AG2012,AE2012,"ALGO ESTA MAL"))))) -> 1 | AF2046: =LARGE($AG$2008:$AG$2012,AD1046) -> 0 | AG2046: =IF(AF2046>0.1%,AF2046,"Algo Esta Mal") -> Algo Esta Mal | AH2046: =IF(AG2046=AF2046,AE2046," ") | AN2046: =IF(AO2046=AP2008,AN2008,IF(AO2046=AP2009,AN2009,IF(AO2046=AP2010,AN2010,IF(AO2046=AP2011,AN2011,IF(AO2046=AP2012,AN2012,"ALGO ESTA MAL"))))) -> 1 | AO2046: =LARGE($AP$2008:$AP$2012,AM1046) -> 0 | AP2046: =IF(AO2046>0.1%,AO2046,"Algo Esta Mal") -> Algo Esta Mal | AQ2046: =IF(AP2046=AO2046,AN2046," ") | AW2046: =IF(AX2046=AY2008,AW2008,IF(AX2046=AY2009,AW2009,IF(AX2046=AY2010,AW2010,IF(AX2046=AY2011,AW2011,IF(AX2046=AY2012,AW2012,"ALGO ESTA MAL"))))) -> 1 | AX2046: =LARGE($AY$2008:$AY$2012,AV1046) -> 0 | AY2046: =IF(AX2046>0.1%,AX2046,"Algo Esta Mal") -> Algo Esta Mal | AZ2046: =IF(AY2046=AX2046,AW2046," ") | BF2046: =IF(BG2046=BH2008,BF2008,IF(BG2046=BH2009,BF2009,IF(BG2046=BH2010,BF2010,IF(BG2046=BH2011,BF2011,IF(BG2046=BH2012,BF2012,"ALGO ESTA MAL"))))) -> 1 | BG2046: =LARGE($BH$2008:$BH$2012,BE1046) -> 0 | BH2046: =IF(BG2046>0.1%,BG2046,"Algo Esta Mal") -> Algo Esta Mal | BI2046: =IF(BH2046=BG2046,BF2046," ") | BO2046: =IF(BP2046=BQ2008,BO2008,IF(BP2046=BQ2009,BO2009,IF(BP2046=BQ2010,BO2010,IF(BP2046=BQ2011,BO2011,IF(BP2046=BQ2012,BO2012,"ALGO ESTA MAL"))))) -> 1 | BP2046: =LARGE($BQ$2008:$BQ$2012,BN1046) -> 0 | BQ2046: =IF(BP2046>0.1%,BP2046,"Algo Esta Mal") -> Algo Esta Mal | BR2046: =IF(BQ2046=BP2046,BO2046," ") | BX2046: =IF(BY2046=BZ2008,BX2008,IF(BY2046=BZ2009,BX2009,IF(BY2046=BZ2010,BX2010,IF(BY2046=BZ2011,BX2011,IF(BY2046=BZ2012,BX2012,"ALGO ESTA MAL"))))) -> 1 | BY2046: =LARGE($BZ$2008:$BZ$2012,BW1046) -> 0 | BZ2046: =IF(BY2046>0.1%,BY2046,"Algo Esta Mal") -> Algo Esta Mal | CA2046: =IF(BZ2046=BY2046,BX2046," ") | CG2046: =IF(CH2046=CI2008,CG2008,IF(CH2046=CI2009,CG2009,IF(CH2046=CI2010,CG2010,IF(CH2046=CI2011,CG2011,IF(CH2046=CI2012,CG2012,"ALGO ESTA MAL"))))) -> 1 | CH2046: =LARGE($CI$2008:$CI$2012,CF1046) -> 0 | CI2046: =IF(CH2046>0.1%,CH2046,"Algo Esta Mal") -> Algo Esta Mal | CJ2046: =IF(CI2046=CH2046,CG2046," ") | CP2046: =IF(CQ2046=CR2008,CP2008,IF(CQ2046=CR2009,CP2009,IF(CQ2046=CR2010,CP2010,IF(CQ2046=CR2011,CP2011,IF(CQ2046=CR2012,CP2012,"ALGO ESTA MAL"))))) -> 1 | CQ2046: =LARGE($CR$2008:$CR$2012,CO1046) -> 0 | CR2046: =IF(CQ2046>0.1%,CQ2046,"Algo Esta Mal") -> Algo Esta Mal | CS2046: =IF(CR2046=CQ2046,CP2046," ") | CY2046: =IF(CZ2046=DA2008,CY2008,IF(CZ2046=DA2009,CY2009,IF(CZ2046=DA2010,CY2010,IF(CZ2046=DA2011,CY2011,IF(CZ2046=DA2012,CY2012,"ALGO ESTA MAL"))))) -> 1 | CZ2046: =LARGE($DA$2008:$DA$2012,CX1046) -> 0 | DA2046: =IF(CZ2046>0.1%,CZ2046,"Algo Esta Mal") -> Algo Esta Mal | DB2046: =IF(DA2046=CZ2046,CY2046," ")
D2047: =IF(E2047=F2008,D2008,IF(E2047=F2009,D2009,IF(E2047=F2010,D2010,IF(E2047=F2011,D2011,IF(E2047=F2012,D2012,"ALGO ESTA MAL"))))) -> 1 | E2047: =LARGE($F$2008:$F$2012,C1047) -> 0 | F2047: =IF(E2047>0.1%,E2047,"Algo Esta Mal") -> Algo Esta Mal | G2047: =IF(F2047=E2047,D2047," ") | M2047: =IF(N2047=O2008,M2008,IF(N2047=O2009,M2009,IF(N2047=O2010,M2010,IF(N2047=O2011,M2011,IF(N2047=O2012,M2012,"ALGO ESTA MAL"))))) -> 1 | N2047: =LARGE($O$2008:$O$2012,L1047) -> 0 | O2047: =IF(N2047>0.1%,N2047,"Algo Esta Mal") -> Algo Esta Mal | P2047: =IF(O2047=N2047,M2047," ") | V2047: =IF(W2047=X2008,V2008,IF(W2047=X2009,V2009,IF(W2047=X2010,V2010,IF(W2047=X2011,V2011,IF(W2047=X2012,V2012,"ALGO ESTA MAL"))))) -> 1 | W2047: =LARGE($X$2008:$X$2012,U1047) -> 0 | X2047: =IF(W2047>0.1%,W2047,"Algo Esta Mal") -> Algo Esta Mal | Y2047: =IF(X2047=W2047,V2047," ") | AE2047: =IF(AF2047=AG2008,AE2008,IF(AF2047=AG2009,AE2009,IF(AF2047=AG2010,AE2010,IF(AF2047=AG2011,AE2011,IF(AF2047=AG2012,AE2012,"ALGO ESTA MAL"))))) -> 1 | AF2047: =LARGE($AG$2008:$AG$2012,AD1047) -> 0 | AG2047: =IF(AF2047>0.1%,AF2047,"Algo Esta Mal") -> Algo Esta Mal | AH2047: =IF(AG2047=AF2047,AE2047," ") | AN2047: =IF(AO2047=AP2008,AN2008,IF(AO2047=AP2009,AN2009,IF(AO2047=AP2010,AN2010,IF(AO2047=AP2011,AN2011,IF(AO2047=AP2012,AN2012,"ALGO ESTA MAL"))))) -> 1 | AO2047: =LARGE($AP$2008:$AP$2012,AM1047) -> 0 | AP2047: =IF(AO2047>0.1%,AO2047,"Algo Esta Mal") -> Algo Esta Mal | AQ2047: =IF(AP2047=AO2047,AN2047," ") | AW2047: =IF(AX2047=AY2008,AW2008,IF(AX2047=AY2009,AW2009,IF(AX2047=AY2010,AW2010,IF(AX2047=AY2011,AW2011,IF(AX2047=AY2012,AW2012,"ALGO ESTA MAL"))))) -> 1 | AX2047: =LARGE($AY$2008:$AY$2012,AV1047) -> 0 | AY2047: =IF(AX2047>0.1%,AX2047,"Algo Esta Mal") -> Algo Esta Mal | AZ2047: =IF(AY2047=AX2047,AW2047," ") | BF2047: =IF(BG2047=BH2008,BF2008,IF(BG2047=BH2009,BF2009,IF(BG2047=BH2010,BF2010,IF(BG2047=BH2011,BF2011,IF(BG2047=BH2012,BF2012,"ALGO ESTA MAL"))))) -> 1 | BG2047: =LARGE($BH$2008:$BH$2012,BE1047) -> 0 | BH2047: =IF(BG2047>0.1%,BG2047,"Algo Esta Mal") -> Algo Esta Mal | BI2047: =IF(BH2047=BG2047,BF2047," ") | BO2047: =IF(BP2047=BQ2008,BO2008,IF(BP2047=BQ2009,BO2009,IF(BP2047=BQ2010,BO2010,IF(BP2047=BQ2011,BO2011,IF(BP2047=BQ2012,BO2012,"ALGO ESTA MAL"))))) -> 1 | BP2047: =LARGE($BQ$2008:$BQ$2012,BN1047) -> 0 | BQ2047: =IF(BP2047>0.1%,BP2047,"Algo Esta Mal") -> Algo Esta Mal | BR2047: =IF(BQ2047=BP2047,BO2047," ") | BX2047: =IF(BY2047=BZ2008,BX2008,IF(BY2047=BZ2009,BX2009,IF(BY2047=BZ2010,BX2010,IF(BY2047=BZ2011,BX2011,IF(BY2047=BZ2012,BX2012,"ALGO ESTA MAL"))))) -> 1 | BY2047: =LARGE($BZ$2008:$BZ$2012,BW1047) -> 0 | BZ2047: =IF(BY2047>0.1%,BY2047,"Algo Esta Mal") -> Algo Esta Mal | CA2047: =IF(BZ2047=BY2047,BX2047," ") | CG2047: =IF(CH2047=CI2008,CG2008,IF(CH2047=CI2009,CG2009,IF(CH2047=CI2010,CG2010,IF(CH2047=CI2011,CG2011,IF(CH2047=CI2012,CG2012,"ALGO ESTA MAL"))))) -> 1 | CH2047: =LARGE($CI$2008:$CI$2012,CF1047) -> 0 | CI2047: =IF(CH2047>0.1%,CH2047,"Algo Esta Mal") -> Algo Esta Mal | CJ2047: =IF(CI2047=CH2047,CG2047," ") | CP2047: =IF(CQ2047=CR2008,CP2008,IF(CQ2047=CR2009,CP2009,IF(CQ2047=CR2010,CP2010,IF(CQ2047=CR2011,CP2011,IF(CQ2047=CR2012,CP2012,"ALGO ESTA MAL"))))) -> 1 | CQ2047: =LARGE($CR$2008:$CR$2012,CO1047) -> 0 | CR2047: =IF(CQ2047>0.1%,CQ2047,"Algo Esta Mal") -> Algo Esta Mal | CS2047: =IF(CR2047=CQ2047,CP2047," ") | CY2047: =IF(CZ2047=DA2008,CY2008,IF(CZ2047=DA2009,CY2009,IF(CZ2047=DA2010,CY2010,IF(CZ2047=DA2011,CY2011,IF(CZ2047=DA2012,CY2012,"ALGO ESTA MAL"))))) -> 1 | CZ2047: =LARGE($DA$2008:$DA$2012,CX1047) -> 0 | DA2047: =IF(CZ2047>0.1%,CZ2047,"Algo Esta Mal") -> Algo Esta Mal | DB2047: =IF(DA2047=CZ2047,CY2047," ")
D2048: =IF(E2048=F2008,D2008,IF(E2048=F2009,D2009,IF(E2048=F2010,D2010,IF(E2048=F2011,D2011,IF(E2048=F2012,D2012,"ALGO ESTA MAL"))))) -> 1 | E2048: =LARGE($F$2008:$F$2012,C1048) -> 0 | F2048: =IF(E2048>0.1%,E2048,"Algo Esta Mal") -> Algo Esta Mal | G2048: =IF(F2048=E2048,D2048," ") | M2048: =IF(N2048=O2008,M2008,IF(N2048=O2009,M2009,IF(N2048=O2010,M2010,IF(N2048=O2011,M2011,IF(N2048=O2012,M2012,"ALGO ESTA MAL"))))) -> 1 | N2048: =LARGE($O$2008:$O$2012,L1048) -> 0 | O2048: =IF(N2048>0.1%,N2048,"Algo Esta Mal") -> Algo Esta Mal | P2048: =IF(O2048=N2048,M2048," ") | V2048: =IF(W2048=X2008,V2008,IF(W2048=X2009,V2009,IF(W2048=X2010,V2010,IF(W2048=X2011,V2011,IF(W2048=X2012,V2012,"ALGO ESTA MAL"))))) -> 1 | W2048: =LARGE($X$2008:$X$2012,U1048) -> 0 | X2048: =IF(W2048>0.1%,W2048,"Algo Esta Mal") -> Algo Esta Mal | Y2048: =IF(X2048=W2048,V2048," ") | AE2048: =IF(AF2048=AG2008,AE2008,IF(AF2048=AG2009,AE2009,IF(AF2048=AG2010,AE2010,IF(AF2048=AG2011,AE2011,IF(AF2048=AG2012,AE2012,"ALGO ESTA MAL"))))) -> 1 | AF2048: =LARGE($AG$2008:$AG$2012,AD1048) -> 0 | AG2048: =IF(AF2048>0.1%,AF2048,"Algo Esta Mal") -> Algo Esta Mal | AH2048: =IF(AG2048=AF2048,AE2048," ") | AN2048: =IF(AO2048=AP2008,AN2008,IF(AO2048=AP2009,AN2009,IF(AO2048=AP2010,AN2010,IF(AO2048=AP2011,AN2011,IF(AO2048=AP2012,AN2012,"ALGO ESTA MAL"))))) -> 1 | AO2048: =LARGE($AP$2008:$AP$2012,AM1048) -> 0 | AP2048: =IF(AO2048>0.1%,AO2048,"Algo Esta Mal") -> Algo Esta Mal | AQ2048: =IF(AP2048=AO2048,AN2048," ") | AW2048: =IF(AX2048=AY2008,AW2008,IF(AX2048=AY2009,AW2009,IF(AX2048=AY2010,AW2010,IF(AX2048=AY2011,AW2011,IF(AX2048=AY2012,AW2012,"ALGO ESTA MAL"))))) -> 1 | AX2048: =LARGE($AY$2008:$AY$2012,AV1048) -> 0 | AY2048: =IF(AX2048>0.1%,AX2048,"Algo Esta Mal") -> Algo Esta Mal | AZ2048: =IF(AY2048=AX2048,AW2048," ") | BF2048: =IF(BG2048=BH2008,BF2008,IF(BG2048=BH2009,BF2009,IF(BG2048=BH2010,BF2010,IF(BG2048=BH2011,BF2011,IF(BG2048=BH2012,BF2012,"ALGO ESTA MAL"))))) -> 1 | BG2048: =LARGE($BH$2008:$BH$2012,BE1048) -> 0 | BH2048: =IF(BG2048>0.1%,BG2048,"Algo Esta Mal") -> Algo Esta Mal | BI2048: =IF(BH2048=BG2048,BF2048," ") | BO2048: =IF(BP2048=BQ2008,BO2008,IF(BP2048=BQ2009,BO2009,IF(BP2048=BQ2010,BO2010,IF(BP2048=BQ2011,BO2011,IF(BP2048=BQ2012,BO2012,"ALGO ESTA MAL"))))) -> 1 | BP2048: =LARGE($BQ$2008:$BQ$2012,BN1048) -> 0 | BQ2048: =IF(BP2048>0.1%,BP2048,"Algo Esta Mal") -> Algo Esta Mal | BR2048: =IF(BQ2048=BP2048,BO2048," ") | BX2048: =IF(BY2048=BZ2008,BX2008,IF(BY2048=BZ2009,BX2009,IF(BY2048=BZ2010,BX2010,IF(BY2048=BZ2011,BX2011,IF(BY2048=BZ2012,BX2012,"ALGO ESTA MAL"))))) -> 1 | BY2048: =LARGE($BZ$2008:$BZ$2012,BW1048) -> 0 | BZ2048: =IF(BY2048>0.1%,BY2048,"Algo Esta Mal") -> Algo Esta Mal | CA2048: =IF(BZ2048=BY2048,BX2048," ") | CG2048: =IF(CH2048=CI2008,CG2008,IF(CH2048=CI2009,CG2009,IF(CH2048=CI2010,CG2010,IF(CH2048=CI2011,CG2011,IF(CH2048=CI2012,CG2012,"ALGO ESTA MAL"))))) -> 1 | CH2048: =LARGE($CI$2008:$CI$2012,CF1048) -> 0 | CI2048: =IF(CH2048>0.1%,CH2048,"Algo Esta Mal") -> Algo Esta Mal | CJ2048: =IF(CI2048=CH2048,CG2048," ") | CP2048: =IF(CQ2048=CR2008,CP2008,IF(CQ2048=CR2009,CP2009,IF(CQ2048=CR2010,CP2010,IF(CQ2048=CR2011,CP2011,IF(CQ2048=CR2012,CP2012,"ALGO ESTA MAL"))))) -> 1 | CQ2048: =LARGE($CR$2008:$CR$2012,CO1048) -> 0 | CR2048: =IF(CQ2048>0.1%,CQ2048,"Algo Esta Mal") -> Algo Esta Mal | CS2048: =IF(CR2048=CQ2048,CP2048," ") | CY2048: =IF(CZ2048=DA2008,CY2008,IF(CZ2048=DA2009,CY2009,IF(CZ2048=DA2010,CY2010,IF(CZ2048=DA2011,CY2011,IF(CZ2048=DA2012,CY2012,"ALGO ESTA MAL"))))) -> 1 | CZ2048: =LARGE($DA$2008:$DA$2012,CX1048) -> 0 | DA2048: =IF(CZ2048>0.1%,CZ2048,"Algo Esta Mal") -> Algo Esta Mal | DB2048: =IF(DA2048=CZ2048,CY2048," ")
D2049: =IF(E2049=F2008,D2008,IF(E2049=F2009,D2009,IF(E2049=F2010,D2010,IF(E2049=F2011,D2011,IF(E2049=F2012,D2012,"ALGO ESTA MAL"))))) -> 1 | E2049: =LARGE($F$2008:$F$2012,C1049) -> 0 | F2049: =IF(E2049>0.1%,E2049,"Algo Esta Mal") -> Algo Esta Mal | G2049: =IF(F2049=E2049,D2049," ") | M2049: =IF(N2049=O2008,M2008,IF(N2049=O2009,M2009,IF(N2049=O2010,M2010,IF(N2049=O2011,M2011,IF(N2049=O2012,M2012,"ALGO ESTA MAL"))))) -> 1 | N2049: =LARGE($O$2008:$O$2012,L1049) -> 0 | O2049: =IF(N2049>0.1%,N2049,"Algo Esta Mal") -> Algo Esta Mal | P2049: =IF(O2049=N2049,M2049," ") | V2049: =IF(W2049=X2008,V2008,IF(W2049=X2009,V2009,IF(W2049=X2010,V2010,IF(W2049=X2011,V2011,IF(W2049=X2012,V2012,"ALGO ESTA MAL"))))) -> 1 | W2049: =LARGE($X$2008:$X$2012,U1049) -> 0 | X2049: =IF(W2049>0.1%,W2049,"Algo Esta Mal") -> Algo Esta Mal | Y2049: =IF(X2049=W2049,V2049," ") | AE2049: =IF(AF2049=AG2008,AE2008,IF(AF2049=AG2009,AE2009,IF(AF2049=AG2010,AE2010,IF(AF2049=AG2011,AE2011,IF(AF2049=AG2012,AE2012,"ALGO ESTA MAL"))))) -> 1 | AF2049: =LARGE($AG$2008:$AG$2012,AD1049) -> 0 | AG2049: =IF(AF2049>0.1%,AF2049,"Algo Esta Mal") -> Algo Esta Mal | AH2049: =IF(AG2049=AF2049,AE2049," ") | AN2049: =IF(AO2049=AP2008,AN2008,IF(AO2049=AP2009,AN2009,IF(AO2049=AP2010,AN2010,IF(AO2049=AP2011,AN2011,IF(AO2049=AP2012,AN2012,"ALGO ESTA MAL"))))) -> 1 | AO2049: =LARGE($AP$2008:$AP$2012,AM1049) -> 0 | AP2049: =IF(AO2049>0.1%,AO2049,"Algo Esta Mal") -> Algo Esta Mal | AQ2049: =IF(AP2049=AO2049,AN2049," ") | AW2049: =IF(AX2049=AY2008,AW2008,IF(AX2049=AY2009,AW2009,IF(AX2049=AY2010,AW2010,IF(AX2049=AY2011,AW2011,IF(AX2049=AY2012,AW2012,"ALGO ESTA MAL"))))) -> 1 | AX2049: =LARGE($AY$2008:$AY$2012,AV1049) -> 0 | AY2049: =IF(AX2049>0.1%,AX2049,"Algo Esta Mal") -> Algo Esta Mal | AZ2049: =IF(AY2049=AX2049,AW2049," ") | BF2049: =IF(BG2049=BH2008,BF2008,IF(BG2049=BH2009,BF2009,IF(BG2049=BH2010,BF2010,IF(BG2049=BH2011,BF2011,IF(BG2049=BH2012,BF2012,"ALGO ESTA MAL"))))) -> 1 | BG2049: =LARGE($BH$2008:$BH$2012,BE1049) -> 0 | BH2049: =IF(BG2049>0.1%,BG2049,"Algo Esta Mal") -> Algo Esta Mal | BI2049: =IF(BH2049=BG2049,BF2049," ") | BO2049: =IF(BP2049=BQ2008,BO2008,IF(BP2049=BQ2009,BO2009,IF(BP2049=BQ2010,BO2010,IF(BP2049=BQ2011,BO2011,IF(BP2049=BQ2012,BO2012,"ALGO ESTA MAL"))))) -> 1 | BP2049: =LARGE($BQ$2008:$BQ$2012,BN1049) -> 0 | BQ2049: =IF(BP2049>0.1%,BP2049,"Algo Esta Mal") -> Algo Esta Mal | BR2049: =IF(BQ2049=BP2049,BO2049," ") | BX2049: =IF(BY2049=BZ2008,BX2008,IF(BY2049=BZ2009,BX2009,IF(BY2049=BZ2010,BX2010,IF(BY2049=BZ2011,BX2011,IF(BY2049=BZ2012,BX2012,"ALGO ESTA MAL"))))) -> 1 | BY2049: =LARGE($BZ$2008:$BZ$2012,BW1049) -> 0 | BZ2049: =IF(BY2049>0.1%,BY2049,"Algo Esta Mal") -> Algo Esta Mal | CA2049: =IF(BZ2049=BY2049,BX2049," ") | CG2049: =IF(CH2049=CI2008,CG2008,IF(CH2049=CI2009,CG2009,IF(CH2049=CI2010,CG2010,IF(CH2049=CI2011,CG2011,IF(CH2049=CI2012,CG2012,"ALGO ESTA MAL"))))) -> 1 | CH2049: =LARGE($CI$2008:$CI$2012,CF1049) -> 0 | CI2049: =IF(CH2049>0.1%,CH2049,"Algo Esta Mal") -> Algo Esta Mal | CJ2049: =IF(CI2049=CH2049,CG2049," ") | CP2049: =IF(CQ2049=CR2008,CP2008,IF(CQ2049=CR2009,CP2009,IF(CQ2049=CR2010,CP2010,IF(CQ2049=CR2011,CP2011,IF(CQ2049=CR2012,CP2012,"ALGO ESTA MAL"))))) -> 1 | CQ2049: =LARGE($CR$2008:$CR$2012,CO1049) -> 0 | CR2049: =IF(CQ2049>0.1%,CQ2049,"Algo Esta Mal") -> Algo Esta Mal | CS2049: =IF(CR2049=CQ2049,CP2049," ") | CY2049: =IF(CZ2049=DA2008,CY2008,IF(CZ2049=DA2009,CY2009,IF(CZ2049=DA2010,CY2010,IF(CZ2049=DA2011,CY2011,IF(CZ2049=DA2012,CY2012,"ALGO ESTA MAL"))))) -> 1 | CZ2049: =LARGE($DA$2008:$DA$2012,CX1049) -> 0 | DA2049: =IF(CZ2049>0.1%,CZ2049,"Algo Esta Mal") -> Algo Esta Mal | DB2049: =IF(DA2049=CZ2049,CY2049," ")
D2050: =IF(E2050=F2008,D2008,IF(E2050=F2009,D2009,IF(E2050=F2010,D2010,IF(E2050=F2011,D2011,IF(E2050=F2012,D2012,"ALGO ESTA MAL"))))) -> 1 | E2050: =LARGE($F$2008:$F$2012,C1050) -> 0 | F2050: =IF(E2050>0.1%,E2050,"Algo Esta Mal") -> Algo Esta Mal | G2050: =IF(F2050=E2050,D2050," ") | M2050: =IF(N2050=O2008,M2008,IF(N2050=O2009,M2009,IF(N2050=O2010,M2010,IF(N2050=O2011,M2011,IF(N2050=O2012,M2012,"ALGO ESTA MAL"))))) -> 1 | N2050: =LARGE($O$2008:$O$2012,L1050) -> 0 | O2050: =IF(N2050>0.1%,N2050,"Algo Esta Mal") -> Algo Esta Mal | P2050: =IF(O2050=N2050,M2050," ") | V2050: =IF(W2050=X2008,V2008,IF(W2050=X2009,V2009,IF(W2050=X2010,V2010,IF(W2050=X2011,V2011,IF(W2050=X2012,V2012,"ALGO ESTA MAL"))))) -> 1 | W2050: =LARGE($X$2008:$X$2012,U1050) -> 0 | X2050: =IF(W2050>0.1%,W2050,"Algo Esta Mal") -> Algo Esta Mal | Y2050: =IF(X2050=W2050,V2050," ") | AE2050: =IF(AF2050=AG2008,AE2008,IF(AF2050=AG2009,AE2009,IF(AF2050=AG2010,AE2010,IF(AF2050=AG2011,AE2011,IF(AF2050=AG2012,AE2012,"ALGO ESTA MAL"))))) -> 1 | AF2050: =LARGE($AG$2008:$AG$2012,AD1050) -> 0 | AG2050: =IF(AF2050>0.1%,AF2050,"Algo Esta Mal") -> Algo Esta Mal | AH2050: =IF(AG2050=AF2050,AE2050," ") | AN2050: =IF(AO2050=AP2008,AN2008,IF(AO2050=AP2009,AN2009,IF(AO2050=AP2010,AN2010,IF(AO2050=AP2011,AN2011,IF(AO2050=AP2012,AN2012,"ALGO ESTA MAL"))))) -> 1 | AO2050: =LARGE($AP$2008:$AP$2012,AM1050) -> 0 | AP2050: =IF(AO2050>0.1%,AO2050,"Algo Esta Mal") -> Algo Esta Mal | AQ2050: =IF(AP2050=AO2050,AN2050," ") | AW2050: =IF(AX2050=AY2008,AW2008,IF(AX2050=AY2009,AW2009,IF(AX2050=AY2010,AW2010,IF(AX2050=AY2011,AW2011,IF(AX2050=AY2012,AW2012,"ALGO ESTA MAL"))))) -> 1 | AX2050: =LARGE($AY$2008:$AY$2012,AV1050) -> 0 | AY2050: =IF(AX2050>0.1%,AX2050,"Algo Esta Mal") -> Algo Esta Mal | AZ2050: =IF(AY2050=AX2050,AW2050," ") | BF2050: =IF(BG2050=BH2008,BF2008,IF(BG2050=BH2009,BF2009,IF(BG2050=BH2010,BF2010,IF(BG2050=BH2011,BF2011,IF(BG2050=BH2012,BF2012,"ALGO ESTA MAL"))))) -> 1 | BG2050: =LARGE($BH$2008:$BH$2012,BE1050) -> 0 | BH2050: =IF(BG2050>0.1%,BG2050,"Algo Esta Mal") -> Algo Esta Mal | BI2050: =IF(BH2050=BG2050,BF2050," ") | BO2050: =IF(BP2050=BQ2008,BO2008,IF(BP2050=BQ2009,BO2009,IF(BP2050=BQ2010,BO2010,IF(BP2050=BQ2011,BO2011,IF(BP2050=BQ2012,BO2012,"ALGO ESTA MAL"))))) -> 1 | BP2050: =LARGE($BQ$2008:$BQ$2012,BN1050) -> 0 | BQ2050: =IF(BP2050>0.1%,BP2050,"Algo Esta Mal") -> Algo Esta Mal | BR2050: =IF(BQ2050=BP2050,BO2050," ") | BX2050: =IF(BY2050=BZ2008,BX2008,IF(BY2050=BZ2009,BX2009,IF(BY2050=BZ2010,BX2010,IF(BY2050=BZ2011,BX2011,IF(BY2050=BZ2012,BX2012,"ALGO ESTA MAL"))))) -> 1 | BY2050: =LARGE($BZ$2008:$BZ$2012,BW1050) -> 0 | BZ2050: =IF(BY2050>0.1%,BY2050,"Algo Esta Mal") -> Algo Esta Mal | CA2050: =IF(BZ2050=BY2050,BX2050," ") | CG2050: =IF(CH2050=CI2008,CG2008,IF(CH2050=CI2009,CG2009,IF(CH2050=CI2010,CG2010,IF(CH2050=CI2011,CG2011,IF(CH2050=CI2012,CG2012,"ALGO ESTA MAL"))))) -> 1 | CH2050: =LARGE($CI$2008:$CI$2012,CF1050) -> 0 | CI2050: =IF(CH2050>0.1%,CH2050,"Algo Esta Mal") -> Algo Esta Mal | CJ2050: =IF(CI2050=CH2050,CG2050," ") | CP2050: =IF(CQ2050=CR2008,CP2008,IF(CQ2050=CR2009,CP2009,IF(CQ2050=CR2010,CP2010,IF(CQ2050=CR2011,CP2011,IF(CQ2050=CR2012,CP2012,"ALGO ESTA MAL"))))) -> 1 | CQ2050: =LARGE($CR$2008:$CR$2012,CO1050) -> 0 | CR2050: =IF(CQ2050>0.1%,CQ2050,"Algo Esta Mal") -> Algo Esta Mal | CS2050: =IF(CR2050=CQ2050,CP2050," ") | CY2050: =IF(CZ2050=DA2008,CY2008,IF(CZ2050=DA2009,CY2009,IF(CZ2050=DA2010,CY2010,IF(CZ2050=DA2011,CY2011,IF(CZ2050=DA2012,CY2012,"ALGO ESTA MAL"))))) -> 1 | CZ2050: =LARGE($DA$2008:$DA$2012,CX1050) -> 0 | DA2050: =IF(CZ2050>0.1%,CZ2050,"Algo Esta Mal") -> Algo Esta Mal | DB2050: =IF(DA2050=CZ2050,CY2050," ")
D2052: Mayoria | M2052: Mayoria | V2052: Mayoria | AE2052: Mayoria | AN2052: Mayoria | AW2052: Mayoria | BF2052: Mayoria | BO2052: Mayoria | BX2052: Mayoria | CG2052: Mayoria | CP2052: Mayoria | CY2052: Mayoria
D2053: =SUM(F2008:F2010) -> 0 | E2053: =MAX(D2053:D2054) -> 0 | M2053: =SUM(O2008:O2010) -> 0 | N2053: =MAX(M2053:M2054) -> 0 | V2053: =SUM(X2008:X2010) -> 0 | W2053: =MAX(V2053:V2054) -> 0 | AE2053: =SUM(AG2008:AG2010) -> 0 | AF2053: =MAX(AE2053:AE2054) -> 0 | AN2053: =SUM(AP2008:AP2010) -> 0 | AO2053: =MAX(AN2053:AN2054) -> 0 | AW2053: =SUM(AY2008:AY2010) -> 0 | AX2053: =MAX(AW2053:AW2054) -> 0 | BF2053: =SUM(BH2008:BH2010) -> 0 | BG2053: =MAX(BF2053:BF2054) -> 0 | BO2053: =SUM(BQ2008:BQ2010) -> 0 | BP2053: =MAX(BO2053:BO2054) -> 0 | BX2053: =SUM(BZ2008:BZ2010) -> 0 | BY2053: =MAX(BX2053:BX2054) -> 0 | CG2053: =SUM(CI2008:CI2010) -> 0 | CH2053: =MAX(CG2053:CG2054) -> 0 | CP2053: =SUM(CR2008:CR2010) -> 0 | CQ2053: =MAX(CP2053:CP2054) -> 0 | CY2053: =SUM(DA2008:DA2010) -> 0 | CZ2053: =MAX(CY2053:CY2054) -> 0
D2054: =SUM(F2010:F2012) -> 0 | M2054: =SUM(O2010:O2012) -> 0 | V2054: =SUM(X2010:X2012) -> 0 | AE2054: =SUM(AG2010:AG2012) -> 0 | AN2054: =SUM(AP2010:AP2012) -> 0 | AW2054: =SUM(AY2010:AY2012) -> 0 | BF2054: =SUM(BH2010:BH2012) -> 0 | BO2054: =SUM(BQ2010:BQ2012) -> 0 | BX2054: =SUM(BZ2010:BZ2012) -> 0 | CG2054: =SUM(CI2010:CI2012) -> 0 | CP2054: =SUM(CR2010:CR2012) -> 0 | CY2054: =SUM(DA2010:DA2012) -> 0
E2056: =SUM(F2008:F2009) -> 0 | N2056: =SUM(O2008:O2009) -> 0 | W2056: =SUM(X2008:X2009) -> 0 | AF2056: =SUM(AG2008:AG2009) -> 0 | AO2056: =SUM(AP2008:AP2009) -> 0 | AX2056: =SUM(AY2008:AY2009) -> 0 | BG2056: =SUM(BH2008:BH2009) -> 0 | BP2056: =SUM(BQ2008:BQ2009) -> 0 | BY2056: =SUM(BZ2008:BZ2009) -> 0 | CH2056: =SUM(CI2008:CI2009) -> 0 | CQ2056: =SUM(CR2008:CR2009) -> 0 | CZ2056: =SUM(DA2008:DA2009) -> 0
E2057: =SUM(F2010) -> 0 | N2057: =SUM(O2010) -> 0 | W2057: =SUM(X2010) -> 0 | AF2057: =SUM(AG2010) -> 0 | AO2057: =SUM(AP2010) -> 0 | AX2057: =SUM(AY2010) -> 0 | BG2057: =SUM(BH2010) -> 0 | BP2057: =SUM(BQ2010) -> 0 | BY2057: =SUM(BZ2010) -> 0 | CH2057: =SUM(CI2010) -> 0 | CQ2057: =SUM(CR2010) -> 0 | CZ2057: =SUM(DA2010) -> 0
E2058: =SUM(F2011:F2012) -> 0 | N2058: =SUM(O2011:O2012) -> 0 | W2058: =SUM(X2011:X2012) -> 0 | AF2058: =SUM(AG2011:AG2012) -> 0 | AO2058: =SUM(AP2011:AP2012) -> 0 | AX2058: =SUM(AY2011:AY2012) -> 0 | BG2058: =SUM(BH2011:BH2012) -> 0 | BP2058: =SUM(BQ2011:BQ2012) -> 0 | BY2058: =SUM(BZ2011:BZ2012) -> 0 | CH2058: =SUM(CI2011:CI2012) -> 0 | CQ2058: =SUM(CR2011:CR2012) -> 0 | CZ2058: =SUM(DA2011:DA2012) -> 0
E2060: =IF(E2056>=51%,D2056,IF(E2057>=51%,D2057,IF(E2058>=51%,D2058,IF(SUM(E2056:E2057)>SUM(E2057:E2058),D2056,IF(SUM(E2056:E2057)<SUM(E2057:E2058),D2058,"Algo esta Mal"))))) -> Algo esta Mal | N2060: =IF(N2056>=51%,M2056,IF(N2057>=51%,M2057,IF(N2058>=51%,M2058,IF(SUM(N2056:N2057)>SUM(N2057:N2058),M2056,IF(SUM(N2056:N2057)<SUM(N2057:N2058),M2058,"Algo esta Mal"))))) -> Algo esta Mal | W2060: =IF(W2056>=51%,V2056,IF(W2057>=51%,V2057,IF(W2058>=51%,V2058,IF(SUM(W2056:W2057)>SUM(W2057:W2058),V2056,IF(SUM(W2056:W2057)<SUM(W2057:W2058),V2058,"Algo esta Mal"))))) -> Algo esta Mal | AF2060: =IF(AF2056>=51%,AE2056,IF(AF2057>=51%,AE2057,IF(AF2058>=51%,AE2058,IF(SUM(AF2056:AF2057)>SUM(AF2057:AF2058),AE2056,IF(SUM(AF2056:AF2057)<SUM(AF2057:AF2058),AE2058,"Algo esta Mal"))))) -> Algo esta Mal | AO2060: =IF(AO2056>=51%,AN2056,IF(AO2057>=51%,AN2057,IF(AO2058>=51%,AN2058,IF(SUM(AO2056:AO2057)>SUM(AO2057:AO2058),AN2056,IF(SUM(AO2056:AO2057)<SUM(AO2057:AO2058),AN2058,"Algo esta Mal"))))) -> Algo esta Mal | AX2060: =IF(AX2056>=51%,AW2056,IF(AX2057>=51%,AW2057,IF(AX2058>=51%,AW2058,IF(SUM(AX2056:AX2057)>SUM(AX2057:AX2058),AW2056,IF(SUM(AX2056:AX2057)<SUM(AX2057:AX2058),AW2058,"Algo esta Mal"))))) -> Algo esta Mal | BG2060: =IF(BG2056>=51%,BF2056,IF(BG2057>=51%,BF2057,IF(BG2058>=51%,BF2058,IF(SUM(BG2056:BG2057)>SUM(BG2057:BG2058),BF2056,IF(SUM(BG2056:BG2057)<SUM(BG2057:BG2058),BF2058,"Algo esta Mal"))))) -> Algo esta Mal | BP2060: =IF(BP2056>=51%,BO2056,IF(BP2057>=51%,BO2057,IF(BP2058>=51%,BO2058,IF(SUM(BP2056:BP2057)>SUM(BP2057:BP2058),BO2056,IF(SUM(BP2056:BP2057)<SUM(BP2057:BP2058),BO2058,"Algo esta Mal"))))) -> Algo esta Mal | BY2060: =IF(BY2056>=51%,BX2056,IF(BY2057>=51%,BX2057,IF(BY2058>=51%,BX2058,IF(SUM(BY2056:BY2057)>SUM(BY2057:BY2058),BX2056,IF(SUM(BY2056:BY2057)<SUM(BY2057:BY2058),BX2058,"Algo esta Mal"))))) -> Algo esta Mal | CH2060: =IF(CH2056>=51%,CG2056,IF(CH2057>=51%,CG2057,IF(CH2058>=51%,CG2058,IF(SUM(CH2056:CH2057)>SUM(CH2057:CH2058),CG2056,IF(SUM(CH2056:CH2057)<SUM(CH2057:CH2058),CG2058,"Algo esta Mal"))))) -> Algo esta Mal | CQ2060: =IF(CQ2056>=51%,CP2056,IF(CQ2057>=51%,CP2057,IF(CQ2058>=51%,CP2058,IF(SUM(CQ2056:CQ2057)>SUM(CQ2057:CQ2058),CP2056,IF(SUM(CQ2056:CQ2057)<SUM(CQ2057:CQ2058),CP2058,"Algo esta Mal"))))) -> Algo esta Mal | CZ2060: =IF(CZ2056>=51%,CY2056,IF(CZ2057>=51%,CY2057,IF(CZ2058>=51%,CY2058,IF(SUM(CZ2056:CZ2057)>SUM(CZ2057:CZ2058),CY2056,IF(SUM(CZ2056:CZ2057)<SUM(CZ2057:CZ2058),CY2058,"Algo esta Mal"))))) -> Algo esta Mal
E2062: .
D2135: =CONCATENATE("En ","la ",D5," y ",D33," se observa los resultados de la ",D4," el cual aborda ",E2062,",en donde se demuestra que el ",ROUND(F2008*100,0),"%"," de los ",D1045," tienen una percepción de ",G2046,", el ",ROUND(F2009*100,0),"%"," ",G2047,", un ",ROUND(F2010*100,0),"%"," ",G2048,",",IF(E2049>0,CONCATENATE(" ademas el ",ROUND(F2011*100,0),"%"," ",G2049,)," "),IF(E2049>0,CONCATENATE(" y ",ROUND(F2012*100,0),"%",", ",G2050,)," "),"en tal sentido la mayoría de los ",D1045," es decir el ",ROUND(E2053*100,0),"%"," tienen una percepción con una inclinación a un valor ",D2056,","," para ",E2062,".") -> En la Tabla 1 y Figura. 1 se observa los resultados de la Pregunta 1 el cual aborda .,en donde se demuestra que el 0% de los Docentess tienen una percepción de , el 0% , un 0% , en tal sentido la mayoría de los Docentess es decir el 0% tienen una percepción con una inclinación a un valor , para .. | M2135: =CONCATENATE("En ","la ",M5," y ",M33," se observa los resultados de la ",M4," el cual aborda ",N2062,",en donde se demuestra que el ",ROUND(O2008*100,0),"%"," de los ",M1045," tienen una percepción de ",P2046,", el ",ROUND(O2009*100,0),"%"," ",P2047,", un ",ROUND(O2010*100,0),"%"," ",P2048,",",IF(N2049>0,CONCATENATE(" ademas el ",ROUND(O2011*100,0),"%"," ",P2049,)," "),IF(N2049>0,CONCATENATE(" y ",ROUND(O2012*100,0),"%",", ",P2050,)," "),"en tal sentido la mayoría de los ",M1045," es decir el ",ROUND(N2053*100,0),"%"," tienen una percepción con una inclinación a un valor ",M2056,","," para ",N2062,".") -> En la Tabla 2 y Figura. 2 se observa los resultados de la Pregunta 2 el cual aborda ,en donde se demuestra que el 0% de los Docentess tienen una percepción de , el 0% , un 0% , en tal sentido la mayoría de los Docentess es decir el 0% tienen una percepción con una inclinación a un valor , para . | V2135: =CONCATENATE("En ","la ",V5," y ",V33," se observa los resultados de la ",V4," el cual aborda ",W2062,",en donde se demuestra que el ",ROUND(X2008*100,0),"%"," de los ",V1045," tienen una percepción de ",Y2046,", el ",ROUND(X2009*100,0),"%"," ",Y2047,", un ",ROUND(X2010*100,0),"%"," ",Y2048,",",IF(W2049>0,CONCATENATE(" ademas el ",ROUND(X2011*100,0),"%"," ",Y2049,)," "),IF(W2049>0,CONCATENATE(" y ",ROUND(X2012*100,0),"%",", ",Y2050,)," "),"en tal sentido la mayoría de los ",V1045," es decir el ",ROUND(W2053*100,0),"%"," tienen una percepción con una inclinación a un valor ",V2056,","," para ",W2062,".") -> En la Tabla 3 y Figura. 3 se observa los resultados de la Pregunta 3 el cual aborda ,en donde se demuestra que el 0% de los Docentess tienen una percepción de , el 0% , un 0% , en tal sentido la mayoría de los Docentess es decir el 0% tienen una percepción con una inclinación a un valor , para . | AE2135: =CONCATENATE("En ","la ",AE5," y ",AE33," se observa los resultados de la ",AE4," el cual aborda ",AF2062,",en donde se demuestra que el ",ROUND(AG2008*100,0),"%"," de los ",AE1045," tienen una percepción de ",AH2046,", el ",ROUND(AG2009*100,0),"%"," ",AH2047,", un ",ROUND(AG2010*100,0),"%"," ",AH2048,",",IF(AF2049>0,CONCATENATE(" ademas el ",ROUND(AG2011*100,0),"%"," ",AH2049,)," "),IF(AF2049>0,CONCATENATE(" y ",ROUND(AG2012*100,0),"%",", ",AH2050,)," "),"en tal sentido la mayoría de los ",AE1045," es decir el ",ROUND(AF2053*100,0),"%"," tienen una percepción con una inclinación a un valor ",AE2056,","," para ",AF2062,".") -> En la Tabla 4 y Figura. 4 se observa los resultados de la Pregunta 4 el cual aborda ,en donde se demuestra que el 0% de los Docentess tienen una percepción de , el 0% , un 0% , en tal sentido la mayoría de los Docentess es decir el 0% tienen una percepción con una inclinación a un valor , para . | AN2135: =CONCATENATE("En ","la ",AN5," y ",AN33," se observa los resultados de la ",AN4," el cual aborda ",AO2062,",en donde se demuestra que el ",ROUND(AP2008*100,0),"%"," de los ",AN1045," tienen una percepción de ",AQ2046,", el ",ROUND(AP2009*100,0),"%"," ",AQ2047,", un ",ROUND(AP2010*100,0),"%"," ",AQ2048,",",IF(AO2049>0,CONCATENATE(" ademas el ",ROUND(AP2011*100,0),"%"," ",AQ2049,)," "),IF(AO2049>0,CONCATENATE(" y ",ROUND(AP2012*100,0),"%",", ",AQ2050,)," "),"en tal sentido la mayoría de los ",AN1045," es decir el ",ROUND(AO2053*100,0),"%"," tienen una percepción con una inclinación a un valor ",AN2056,","," para ",AO2062,".") -> En la Tabla 5 y Figura. 5 se observa los resultados de la Pregunta 5 el cual aborda ,en donde se demuestra que el 0% de los Docentess tienen una percepción de , el 0% , un 0% , en tal sentido la mayoría de los Docentess es decir el 0% tienen una percepción con una inclinación a un valor , para . | AW2135: =CONCATENATE("En ","la ",AW5," y ",AW33," se observa los resultados de la ",AW4," el cual aborda ",AX2062,",en donde se demuestra que el ",ROUND(AY2008*100,0),"%"," de los ",AW1045," tienen una percepción de ",AZ2046,", el ",ROUND(AY2009*100,0),"%"," ",AZ2047,", un ",ROUND(AY2010*100,0),"%"," ",AZ2048,",",IF(AX2049>0,CONCATENATE(" ademas el ",ROUND(AY2011*100,0),"%"," ",AZ2049,)," "),IF(AX2049>0,CONCATENATE(" y ",ROUND(AY2012*100,0),"%",", ",AZ2050,)," "),"en tal sentido la mayoría de los ",AW1045," es decir el ",ROUND(AX2053*100,0),"%"," tienen una percepción con una inclinación a un valor ",AW2056,","," para ",AX2062,".") -> En la Tabla 6 y Figura. 6 se observa los resultados de la Pregunta 6 el cual aborda ,en donde se demuestra que el 0% de los Docentess tienen una percepción de , el 0% , un 0% , en tal sentido la mayoría de los Docentess es decir el 0% tienen una percepción con una inclinación a un valor , para . | BF2135: =CONCATENATE("En ","la ",BF5," y ",BF33," se observa los resultados de la ",BF4," el cual aborda ",BG2062,",en donde se demuestra que el ",ROUND(BH2008*100,0),"%"," de los ",BF1045," tienen una percepción de ",BI2046,", el ",ROUND(BH2009*100,0),"%"," ",BI2047,", un ",ROUND(BH2010*100,0),"%"," ",BI2048,",",IF(BG2049>0,CONCATENATE(" ademas el ",ROUND(BH2011*100,0),"%"," ",BI2049,)," "),IF(BG2049>0,CONCATENATE(" y ",ROUND(BH2012*100,0),"%",", ",BI2050,)," "),"en tal sentido la mayoría de los ",BF1045," es decir el ",ROUND(BG2053*100,0),"%"," tienen una percepción con una inclinación a un valor ",BF2056,","," para ",BG2062,".") -> En la Tabla 7 y Figura. 7 se observa los resultados de la Pregunta 7 el cual aborda ,en donde se demuestra que el 0% de los Docentess tienen una percepción de , el 0% , un 0% , en tal sentido la mayoría de los Docentess es decir el 0% tienen una percepción con una inclinación a un valor , para . | BO2135: =CONCATENATE("En ","la ",BO5," y ",BO33," se observa los resultados de la ",BO4," el cual aborda ",BP2062,",en donde se demuestra que el ",ROUND(BQ2008*100,0),"%"," de los ",BO1045," tienen una percepción de ",BR2046,", el ",ROUND(BQ2009*100,0),"%"," ",BR2047,", un ",ROUND(BQ2010*100,0),"%"," ",BR2048,",",IF(BP2049>0,CONCATENATE(" ademas el ",ROUND(BQ2011*100,0),"%"," ",BR2049,)," "),IF(BP2049>0,CONCATENATE(" y ",ROUND(BQ2012*100,0),"%",", ",BR2050,)," "),"en tal sentido la mayoría de los ",BO1045," es decir el ",ROUND(BP2053*100,0),"%"," tienen una percepción con una inclinación a un valor ",BO2056,","," para ",BP2062,".") -> En la Tabla 8 y Figura. 8 se observa los resultados de la Pregunta 8 el cual aborda ,en donde se demuestra que el 0% de los Docentess tienen una percepción de , el 0% , un 0% , en tal sentido la mayoría de los Docentess es decir el 0% tienen una percepción con una inclinación a un valor , para . | BX2135: =CONCATENATE("En ","la ",BX5," y ",BX33," se observa los resultados de la ",BX4," el cual aborda ",BY2062,",en donde se demuestra que el ",ROUND(BZ2008*100,0),"%"," de los ",BX1045," tienen una percepción de ",CA2046,", el ",ROUND(BZ2009*100,0),"%"," ",CA2047,", un ",ROUND(BZ2010*100,0),"%"," ",CA2048,",",IF(BY2049>0,CONCATENATE(" ademas el ",ROUND(BZ2011*100,0),"%"," ",CA2049,)," "),IF(BY2049>0,CONCATENATE(" y ",ROUND(BZ2012*100,0),"%",", ",CA2050,)," "),"en tal sentido la mayoría de los ",BX1045," es decir el ",ROUND(BY2053*100,0),"%"," tienen una percepción con una inclinación a un valor ",BX2056,","," para ",BY2062,".") -> En la Tabla 9 y Figura. 9 se observa los resultados de la Pregunta 9 el cual aborda ,en donde se demuestra que el 0% de los Docentess tienen una percepción de , el 0% , un 0% , en tal sentido la mayoría de los Docentess es decir el 0% tienen una percepción con una inclinación a un valor , para . | CG2135: =CONCATENATE("En ","la ",CG5," y ",CG33," se observa los resultados de la ",CG4," el cual aborda ",CH2062,",en donde se demuestra que el ",ROUND(CI2008*100,0),"%"," de los ",CG1045," tienen una percepción de ",CJ2046,", el ",ROUND(CI2009*100,0),"%"," ",CJ2047,", un ",ROUND(CI2010*100,0),"%"," ",CJ2048,",",IF(CH2049>0,CONCATENATE(" ademas el ",ROUND(CI2011*100,0),"%"," ",CJ2049,)," "),IF(CH2049>0,CONCATENATE(" y ",ROUND(CI2012*100,0),"%",", ",CJ2050,)," "),"en tal sentido la mayoría de los ",CG1045," es decir el ",ROUND(CH2053*100,0),"%"," tienen una percepción con una inclinación a un valor ",CG2056,","," para ",CH2062,".") -> En la Tabla 10 y Figura. 10 se observa los resultados de la Pregunta 10 el cual aborda ,en donde se demuestra que el 0% de los Docentess tienen una percepción de , el 0% , un 0% , en tal sentido la mayoría de los Docentess es decir el 0% tienen una percepción con una inclinación a un valor , para . | CP2135: =CONCATENATE("En ","la ",CP5," y ",CP33," se observa los resultados de la ",CP4," el cual aborda ",CQ2062,",en donde se demuestra que el ",ROUND(CR2008*100,0),"%"," de los ",CP1045," tienen una percepción de ",CS2046,", el ",ROUND(CR2009*100,0),"%"," ",CS2047,", un ",ROUND(CR2010*100,0),"%"," ",CS2048,",",IF(CQ2049>0,CONCATENATE(" ademas el ",ROUND(CR2011*100,0),"%"," ",CS2049,)," "),IF(CQ2049>0,CONCATENATE(" y ",ROUND(CR2012*100,0),"%",", ",CS2050,)," "),"en tal sentido la mayoría de los ",CP1045," es decir el ",ROUND(CQ2053*100,0),"%"," tienen una percepción con una inclinación a un valor ",CP2056,","," para ",CQ2062,".") -> En la Tabla 11 y Figura. 11 se observa los resultados de la Pregunta 11 el cual aborda ,en donde se demuestra que el 0% de los Docentess tienen una percepción de , el 0% , un 0% , en tal sentido la mayoría de los Docentess es decir el 0% tienen una percepción con una inclinación a un valor , para . | CY2135: =CONCATENATE("En ","la ",CY5," y ",CY33," se observa los resultados de la ",CY4," el cual aborda ",CZ2062,",en donde se demuestra que el ",ROUND(DA2008*100,0),"%"," de los ",CY1045," tienen una percepción de ",DB2046,", el ",ROUND(DA2009*100,0),"%"," ",DB2047,", un ",ROUND(DA2010*100,0),"%"," ",DB2048,",",IF(CZ2049>0,CONCATENATE(" ademas el ",ROUND(DA2011*100,0),"%"," ",DB2049,)," "),IF(CZ2049>0,CONCATENATE(" y ",ROUND(DA2012*100,0),"%",", ",DB2050,)," "),"en tal sentido la mayoría de los ",CY1045," es decir el ",ROUND(CZ2053*100,0),"%"," tienen una percepción con una inclinación a un valor ",CY2056,","," para ",CZ2062,".") -> En la Tabla 12 y Figura. 12 se observa los resultados de la Pregunta 12 el cual aborda ,en donde se demuestra que el 0% de los Docentess tienen una percepción de , el 0% , un 0% , en tal sentido la mayoría de los Docentess es decir el 0% tienen una percepción con una inclinación a un valor , para .

Sheet Por conteo Dimension
D4: Dimensión 1 | M4: Dimensión 2 | V4: Dimensión 3 | AE4: Variable 1
D5: Tabla 1 | M5: Tabla 2 | V5: Tabla 3 | AE5: Tabla 4
D6: Estructuración Organizacional | M6: Relaciones Interpersonales | V6: Identidad Institucional | AE6: Clima institucional
E7: Frec. | F7: % | N7: Frec. | O7: % | W7: Frec. | X7: % | AF7: Frec. | AG7: %
D8: =('Clima institucional'!A31) -> Nunca | E8: =COUNTIF('Clima institucional'!B5:E24,1) -> 30 | F8: =(E8/E13) -> 0.375 | M8: =('Clima institucional'!A31) -> Nunca | N8: =COUNTIF('Clima institucional'!F5:I24,1) -> 27 | O8: =(N8/N13) -> 0.3375 | V8: =('Clima institucional'!A31) -> Nunca | W8: =COUNTIF('Clima institucional'!J5:M24,1) -> 34 | X8: =(W8/W13) -> 0.425 | AE8: =('Clima institucional'!A31) -> Nunca | AF8: =COUNTIF('Clima institucional'!B5:M24,1) -> 91 | AG8: =(AF8/AF13) -> 0.37916667
D9: =('Clima institucional'!A32) -> Casi Nunca | E9: =COUNTIF('Clima institucional'!B5:E24,2) -> 32 | F9: =(E9/E13) -> 0.4 | M9: =('Clima institucional'!A32) -> Casi Nunca | N9: =COUNTIF('Clima institucional'!F5:I24,2) -> 30 | O9: =(N9/N13) -> 0.375 | V9: =('Clima institucional'!A32) -> Casi Nunca | W9: =COUNTIF('Clima institucional'!J5:M24,2) -> 24 | X9: =(W9/W13) -> 0.3 | AE9: =('Clima institucional'!A32) -> Casi Nunca | AF9: =COUNTIF('Clima institucional'!B5:M24,2) -> 86 | AG9: =(AF9/AF13) -> 0.35833333
D10: =('Clima institucional'!A33) -> A veces | E10: =COUNTIF('Clima institucional'!B5:E24,3) -> 12 | F10: =(E10/E13) -> 0.15 | M10: =('Clima institucional'!A33) -> A veces | N10: =COUNTIF('Clima institucional'!F5:I24,3) -> 12 | O10: =(N10/N13) -> 0.15 | V10: =('Clima institucional'!A33) -> A veces | W10: =COUNTIF('Clima institucional'!J5:M24,3) -> 9 | X10: =(W10/W13) -> 0.1125 | AE10: =('Clima institucional'!A33) -> A veces | AF10: =COUNTIF('Clima institucional'!B5:M24,3) -> 33 | AG10: =(AF10/AF13) -> 0.1375
D11: =('Clima institucional'!A34) -> Casi siempre | E11: =COUNTIF('Clima institucional'!B5:E24,4) -> 3 | F11: =(E11/E13) -> 0.0375 | M11: =('Clima institucional'!A34) -> Casi siempre | N11: =COUNTIF('Clima institucional'!F5:I24,4) -> 6 | O11: =(N11/N13) -> 0.075 | V11: =('Clima institucional'!A34) -> Casi siempre | W11: =COUNTIF('Clima institucional'!J5:M24,4) -> 9 | X11: =(W11/W13) -> 0.1125 | AE11: =('Clima institucional'!A34) -> Casi siempre | AF11: =COUNTIF('Clima institucional'!B5:M24,4) -> 18 | AG11: =(AF11/AF13) -> 0.075
D12: =('Clima institucional'!A35) -> Siempre | E12: =COUNTIF('Clima institucional'!B5:E24,5) -> 3 | F12: =(E12/E13) -> 0.0375 | M12: =('Clima institucional'!A35) -> Siempre | N12: =COUNTIF('Clima institucional'!F5:I24,5) -> 5 | O12: =(N12/N13) -> 0.0625 | V12: =('Clima institucional'!A35) -> Siempre | W12: =COUNTIF('Clima institucional'!J5:M24,5) -> 4 | X12: =(W12/W13) -> 0.05 | AE12: =('Clima institucional'!A35) -> Siempre | AF12: =COUNTIF('Clima institucional'!B5:M24,5) -> 12 | AG12: =(AF12/AF13) -> 0.05
D13: =('Clima institucional'!A36) -> Total | E13: =SUM(E8:E12) -> 80 | F13: =SUM(F8:F12) -> 1 | M13: =('Clima institucional'!A36) -> Total | N13: =SUM(N8:N12) -> 80 | O13: =SUM(O8:O12) -> 1 | V13: =('Clima institucional'!A36) -> Total | W13: =SUM(W8:W12) -> 80 | X13: =SUM(X8:X12) -> 1 | AE13: =('Clima institucional'!A36) -> Total | AF13: =SUM(AF8:AF12) -> 240 | AG13: =SUM(AG8:AG12) -> 1
D14: Elaboración: Propia | M14: Elaboración: Propia | V14: Elaboración: Propia | AE14: Elaboración: Propia
D15: Fuente: Encuesta aplicada | M15: Fuente: Encuesta aplicada | V15: Fuente: Encuesta aplicada | AE15: Fuente: Encuesta aplicada
D33: Figura.1 | M33: Figura.2 | V33: Figura.3 | AE33: Figura.4
D34: Estructuración Organizacional | M34: Relaciones Interpersonales | V34: Identidad Institucional | AE34: Clima institucional
D36: =CONCATENATE("En la ",D5," y ",D33," se puede observar que la variable ",E1001," en base a su dimensión ",E1002," es calificado como ",E1008," ya que el ",ROUND(D1006*100,0),"% de los resultados lo califican como ",D1005,", el ",ROUND(E1006*100,0),"% ",E1005," y el ",ROUND(F1006*100,0),"% lo califico como ",F1005," estos resultados son originados debido a que, ",D1011," ",E1011,",","asi mismo ",D1012," ",E1012,", no obstante ",D1013," ",E1013, ", ","asi mismo ",D1014," ",E1014,","," por todas estas razones, es que la variable ",E1001," basado en su dimensión ",E1002," y calificado por los ",E1003," es considerado como ",E1008,".") -> En la Tabla 1 y Figura.1 se puede observar que la variable Clima institucional en base a su dimensión Estructuración Organizacional es calificado como Inadecuado ya que el 78% de los resultados lo califican como Nunca y Casi Nunca, el 15% A veces y el 8% lo califico como Casi siempre y Siempre estos resultados son originados debido a que, el 75% calificó como Nunca y Casi Nunca .,asi mismo el 85% de los evaluó como Nunca y Casi Nunca 0, no obstante el 80% evaluó como Nunca y Casi Nunca 0, asi mismo el 70% de los calificó como Nunca y Casi Nunca 0, por todas estas razones, es que la variable Clima institucional basado en su dimensión Estructuración Organizacional y calificado por los Docentess es considerado como Inadecuado. | M36: =CONCATENATE("En la ",M5," y ",M33," se puede observar que la variable ",N1001," en base a su dimensión ",N1002," es calificado como ",N1008," ya que el ",ROUND(M1006*100,0),"% de los resultados lo califican como ",M1005,", el ",ROUND(N1006*100,0),"% ",N1005," y el ",ROUND(O1006*100,0),"% lo califico como ",O1005," estos resultados son originados debido a que, ",M1011," ",N1011,",","asi mismo ",M1012," ",N1012,", no obstante ",M1013," ",N1013, ", ","asi mismo ",M1014," ",N1014,","," por todas estas razones, es que la variable ",N1001," basado en su dimensión ",N1002," y calificado por los ",N1003," es considerado como ",N1008,".") -> En la Tabla 2 y Figura.2 se puede observar que la variable Clima institucional en base a su dimensión Relaciones Interpersonales es calificado como Inadecuado ya que el 71% de los resultados lo califican como Nunca y Casi Nunca, el 15% A veces y el 14% lo califico como Casi siempre y Siempre estos resultados son originados debido a que, el 75% mencionó como Nunca y Casi Nunca 0,asi mismo el 70% de los determinó como Nunca y Casi Nunca 0, no obstante el 65% mencionó como Nunca y Casi Nunca 0, asi mismo el 75% de los evaluó como Nunca y Casi Nunca 0, por todas estas razones, es que la variable Clima institucional basado en su dimensión Relaciones Interpersonales y calificado por los Docentess es considerado como Inadecuado. | V36: =CONCATENATE("En la ",V5," y ",V33," se puede observar que la variable ",W1001," en base a su dimensión ",W1002," es calificado como ",W1008," ya que el ",ROUND(V1006*100,0),"% de los resultados lo califican como ",V1005,", el ",ROUND(W1006*100,0),"% ",W1005," y el ",ROUND(X1006*100,0),"% lo califico como ",X1005," estos resultados son originados debido a que, ",V1011," ",W1011,",","asi mismo ",V1012," ",W1012,", con motivo ",V1013," ",W1013, ", ","asi mismo ",V1014," ",W1014,","," por todas estas razones, es que la variable ",W1001," basado en su dimensión ",W1002," y calificado por los ",W1003," es considerado como ",W1008,".") -> En la Tabla 3 y Figura.3 se puede observar que la variable Clima institucional en base a su dimensión Identidad Institucional es calificado como Inadecuado ya que el 73% de los resultados lo califican como Nunca y Casi Nunca, el 11% A veces y el 16% lo califico como Casi siempre y Siempre estos resultados son originados debido a que, el 70% percibió como Nunca y Casi Nunca 0,asi mismo el 70% de los apreció como Nunca y Casi Nunca 0, con motivo el 80% mencionó como Nunca y Casi Nunca 0, asi mismo el 70% de los Tuvo una percepción de como Nunca y Casi Nunca 0, por todas estas razones, es que la variable Clima institucional basado en su dimensión Identidad Institucional y calificado por los Docentess es considerado como Inadecuado. | AE36: =CONCATENATE("En la ",AE5," y ",AE33," se puede observar que la variable ",AF1001," tiene una calificación de ",AF1008,","," ello debido a que el ",ROUND(AF1006*100,0),"% de los resultados estan en las categorias de ",AE1005," mientras que el ",ROUND(AF1006*100,0),"% ",AF1005," y el ",ROUND(AG1006*100,0),"% ",AG1005," en tal sentido se puede observar que la mayoria de los resultados es decir el ",ROUND(AH1007*100,0),"% tiene una calificación inclinada para un valor ",AF1008," estos resultados se originaron debido a que ",AP1016," ",AP1017," ",AP1018,", finalmente dentro de las dimensiones evaluadas la que cuenta con mayor deficiencia es la dimensión ",AD1076,) -> En la Tabla 4 y Figura.4 se puede observar que la variable Clima institucional tiene una calificación de Inadecuado, ello debido a que el 14% de los resultados estan en las categorias de Nunca y Casi Nunca mientras que el 14% A veces y el 13% Casi siempre y Siempre en tal sentido se puede observar que la mayoria de los resultados es decir el 88% tiene una calificación inclinada para un valor Inadecuado estos resultados se originaron debido a que el 78% de los Resultados apreció a la dimensión Estructuración Organizacional como Nunca y Casi Nunca, por consecuencia el 71% de los Resultados determinó a la dimensión Relaciones Interpersonales como Nunca y Casi Nunca, en consecuencia el 73% de los Resultados determinó a la dimensión Identidad Institucional como Nunca y Casi Nunca, finalmente dentro de las dimensiones evaluadas la que cuenta con mayor deficiencia es la dimensión Estructuración Organizacional
D1001: Variable | E1001: =(AE6) -> Clima institucional | M1001: Variable | N1001: =(AE6) -> Clima institucional | V1001: Variable | W1001: =(AE6) -> Clima institucional | AE1001: Variable | AF1001: =(AE6) -> Clima institucional
D1002: Dimensión | E1002: =(D6) -> Estructuración Organizacional | M1002: Dimensión | N1002: =(M6) -> Relaciones Interpersonales | V1002: Dimensión | W1002: =(V6) -> Identidad Institucional | AE1002: Dimensión | AF1002: =(AE6) -> Clima institucional
D1003: Unidad de Medida | E1003: Docentess | M1003: Unidad de Medida | N1003: Docentess | V1003: Unidad de Medida | W1003: Docentess | AE1003: Unidad de Medida | AF1003: Docentess
C1004: Valores | D1004: Inadecuado | E1004: Regular | F1004: Adecuado | L1004: Valores | M1004: Inadecuado | N1004: Regular | O1004: Adecuado | U1004: Valores | V1004: Inadecuado | W1004: Regular | X1004: Adecuado | AD1004: Valores | AE1004: Inadecuado | AF1004: Regular | AG1004: Adecuado
C1005: Calificación | D1005: =CONCATENATE(D8," y ",D9) -> Nunca y Casi Nunca | E1005: =D10 -> A veces | F1005: =CONCATENATE(D11," y ",D12) -> Casi siempre y Siempre | L1005: Calificación | M1005: =CONCATENATE(M8," y ",M9) -> Nunca y Casi Nunca | N1005: =M10 -> A veces | O1005: =CONCATENATE(M11," y ",M12) -> Casi siempre y Siempre | U1005: Calificación | V1005: =CONCATENATE(V8," y ",V9) -> Nunca y Casi Nunca | W1005: =V10 -> A veces | X1005: =CONCATENATE(V11," y ",V12) -> Casi siempre y Siempre | AD1005: Calificación | AE1005: =CONCATENATE(AE8," y ",AE9) -> Nunca y Casi Nunca | AF1005: =AE10 -> A veces | AG1005: =CONCATENATE(AE11," y ",AE12) -> Casi siempre y Siempre
D1006: =SUM(F8:F9) -> 0.775 | E1006: =F10 -> 0.15 | F1006: =SUM(F11:F12) -> 0.075 | M1006: =SUM(O8:O9) -> 0.7125 | N1006: =O10 -> 0.15 | O1006: =SUM(O11:O12) -> 0.1375 | V1006: =SUM(X8:X9) -> 0.725 | W1006: =X10 -> 0.1125 | X1006: =SUM(X11:X12) -> 0.1625 | AE1006: =SUM(AG8:AG9) -> 0.7375 | AF1006: =AG10 -> 0.1375 | AG1006: =SUM(AG11:AG12) -> 0.125
C1007: Calificación verdadera | D1007: =SUM(D1006:E1006) -> 0.925 | E1007: =SUM(E1006:F1006) -> 0.225 | F1007: =(D1007-E1007) -> 0.7 | L1007: Calificación verdadera | M1007: =SUM(M1006:N1006) -> 0.8625 | N1007: =SUM(N1006:O1006) -> 0.2875 | O1007: =(M1007-N1007) -> 0.575 | U1007: Calificación verdadera | V1007: =SUM(V1006:W1006) -> 0.8375 | W1007: =SUM(W1006:X1006) -> 0.275 | X1007: =(V1007-W1007) -> 0.5625 | AD1007: Calificación verdadera | AE1007: =SUM(AE1006:AF1006) -> 0.875 | AF1007: =SUM(AF1006:AG1006) -> 0.2625 | AG1007: =(AE1007-AF1007) -> 0.6125 | AH1007: =MAX(AE1007:AF1007) -> 0.875
D1008: Valor Mayor | E1008: =IF(AND(F1007>=-5%,F1007<=5%),E1004,IF(F1007>=6%,D1004,IF(F1007<=-5%,F1004,E1004))) -> Inadecuado | M1008: Valor Mayor | N1008: =IF(AND(O1007>=-5%,O1007<=5%),N1004,IF(O1007>=6%,M1004,IF(O1007<=-5%,O1004,N1004))) -> Inadecuado | V1008: Valor Mayor | W1008: =IF(AND(X1007>=-5%,X1007<=5%),W1004,IF(X1007>=6%,V1004,IF(X1007<=-5%,X1004,W1004))) -> Inadecuado | AE1008: Valor Mayor | AF1008: =IF(AND(AG1007>=-5%,AG1007<=5%),AF1004,IF(AG1007>=6%,AE1004,IF(AG1007<=-5%,AG1004,AF1004))) -> Inadecuado
D1011: ='Por Valoracion (3) Dimension'!U1016 -> el 75% calificó como Nunca y Casi Nunca | E1011: ='Por Valoracion (3) Dimension'!M1016 -> . | M1011: ='Por Valoracion (3) Dimension'!AG1016 -> el 75% mencionó como Nunca y Casi Nunca | N1011: ='Por Valoracion (3) Dimension'!Y1016 -> 0 | V1011: ='Por Valoracion (3) Dimension'!AS1016 -> el 70% percibió como Nunca y Casi Nunca | W1011: ='Por Valoracion (3) Dimension'!AK1016 -> 0
D1012: ='Por Valoracion (3) Dimension'!U1017 -> el 85% de los evaluó como Nunca y Casi Nunca | E1012: ='Por Valoracion (3) Dimension'!M1017 -> 0 | M1012: ='Por Valoracion (3) Dimension'!AG1017 -> el 70% de los determinó como Nunca y Casi Nunca | N1012: ='Por Valoracion (3) Dimension'!Y1017 -> 0 | V1012: ='Por Valoracion (3) Dimension'!AS1017 -> el 70% de los apreció como Nunca y Casi Nunca | W1012: ='Por Valoracion (3) Dimension'!AK1017 -> 0
D1013: ='Por Valoracion (3) Dimension'!U1018 -> el 80% evaluó como Nunca y Casi Nunca | E1013: ='Por Valoracion (3) Dimension'!M1018 -> 0 | M1013: ='Por Valoracion (3) Dimension'!AG1018 -> el 65% mencionó como Nunca y Casi Nunca | N1013: ='Por Valoracion (3) Dimension'!Y1018 -> 0 | V1013: ='Por Valoracion (3) Dimension'!AS1018 -> el 80% mencionó como Nunca y Casi Nunca | W1013: ='Por Valoracion (3) Dimension'!AK1018 -> 0
D1014: ='Por Valoracion (3) Dimension'!U1019 -> el 70% de los calificó como Nunca y Casi Nunca | E1014: ='Por Valoracion (3) Dimension'!M1019 -> 0 | M1014: ='Por Valoracion (3) Dimension'!AG1019 -> el 75% de los evaluó como Nunca y Casi Nunca | N1014: ='Por Valoracion (3) Dimension'!Y1019 -> 0 | V1014: ='Por Valoracion (3) Dimension'!AS1019 -> el 70% de los Tuvo una percepción de como Nunca y Casi Nunca | W1014: ='Por Valoracion (3) Dimension'!AK1019 -> 0
AD1015: dimensión | AE1015: =AE1005 -> Nunca y Casi Nunca | AF1015: =AF1005 -> A veces | AG1015: =AG1005 -> Casi siempre y Siempre | AH1015: MAYOR | AI1015: Valor | AJ1015: codificación de verbos | AK1015: Verbo | AL1015: codificación de conectores | AM1015: Conectores | AN1015: codificación de unidades de medida | AO1015: Unidades de medida | AP1015: Concatenación
AD1016: =(D6) -> Estructuración Organizacional | AE1016: =(D1006) -> 0.775 | AF1016: =(E1006) -> 0.15 | AG1016: =(F1006) -> 0.075 | AH1016: =MAX(AE1016:AG1016) -> 0.775 | AI1016: =IF(AH1016=AE1016,$AE$1015,IF(AH1016=AF1016,$AF$1015,IF(AH1016=AG1016,$AG$1015,"algo esta mal"))) -> Nunca y Casi Nunca | AJ1016: =RANDBETWEEN(1,10) -> 8 | AK1016: =IF(AJ1016='Por Valoracion (3) Dimension'!$BD$1100,'Por Valoracion (3) Dimension'!$BE$1100,IF(AJ1016='Por Valoracion (3) Dimension'!$BD$1101,'Por Valoracion (3) Dimension'!$BE$1101,IF(AJ1016='Por Valoracion (3) Dimension'!$BD$1102,'Por Valoracion (3) Dimension'!$BE$1102,IF(AJ1016='Por Valoracion (3) Dimension'!$BD$1103,'Por Valoracion (3) Dimension'!$BE$1103,IF(AJ1016='Por Valoracion (3) Dimension'!$BD$1104,'Por Valoracion (3) Dimension'!$BE$1104,IF(AJ1016='Por Valoracion (3) Dimension'!$BD$1105,'Por Valoracion (3) Dimension'!$BE$1105,IF(AJ1016='Por Valoracion (3) Dimension'!$BD$1106,'Por Valoracion (3) Dimension'!$BE$1106,IF(AJ1016='Por Valoracion (3) Dimension'!$BD$1107,'Por Valoracion (3) Dimension'!$BE$1107,IF(AJ1016='Por Valoracion (3) Dimension'!$BD$1108,'Por Valoracion (3) Dimension'!$BE$1108,IF(AJ1016='Por Valoracion (3) Dimension'!$BD$1109,'Por Valoracion (3) Dimension'!$BE$1109, A4000)))))))))) -> apreció | AL1016: =RANDBETWEEN(1,7) -> 7 | AM1016: =IF(AL1016='Por Valoracion (3) Dimension'!$BD$1110,'Por Valoracion (3) Dimension'!$BE$1110,IF(AL1016='Por Valoracion (3) Dimension'!$BD$1111,'Por Valoracion (3) Dimension'!$BE$1111,IF(AL1016='Por Valoracion (3) Dimension'!$BD$1112,'Por Valoracion (3) Dimension'!$BE$1112,IF(AL1016='Por Valoracion (3) Dimension'!$BD$1113,'Por Valoracion (3) Dimension'!$BE$1113,IF(AL1016='Por Valoracion (3) Dimension'!$BD$1114,'Por Valoracion (3) Dimension'!$BE$1114,IF(AL1016='Por Valoracion (3) Dimension'!$BD$1115,'Por Valoracion (3) Dimension'!$BE$1115,IF(AL1016='Por Valoracion (3) Dimension'!$BD$1116,'Por Valoracion (3) Dimension'!$BE$1116,IF(AL1016='Por Valoracion (3) Dimension'!$BD$1117,'Por Valoracion (3) Dimension'!$BE$1117,IF(AL1016='Por Valoracion (3) Dimension'!$BD$1118,'Por Valoracion (3) Dimension'!$BE$1118,IF(AL1016='Por Valoracion (3) Dimension'!$BD$1119,'Por Valoracion (3) Dimension'!$BE$1119, A4000)))))))))) -> por consecuencia | AN1016: =RANDBETWEEN(1,2) -> 2 | AO1016: =IF(AN1016='Por Valoracion (3) Dimension'!$BD$1120,'Por Valoracion (3) Dimension'!$BE$1120,IF(AN1016='Por Valoracion (3) Dimension'!$BD$1121,'Por Valoracion (3) Dimension'!$BE$1121,A4000)) -> Resultados | AP1016: =CONCATENATE("el ",ROUND(AH1016*100,0),"% de los ",AO1016," ",AK1016," a la dimensión ",AD1016," como ",AI1016,", ",AM1016) -> el 78% de los Resultados apreció a la dimensión Estructuración Organizacional como Nunca y Casi Nunca, por consecuencia
AD1017: =(M6) -> Relaciones Interpersonales | AE1017: =(M1006) -> 0.7125 | AF1017: =(N1006) -> 0.15 | AG1017: =(O1006) -> 0.1375 | AH1017: =MAX(AE1017:AG1017) -> 0.7125 | AI1017: =IF(AH1017=AE1017,$AE$1015,IF(AH1017=AF1017,$AF$1015,IF(AH1017=AG1017,$AG$1015,"algo esta mal"))) -> Nunca y Casi Nunca | AJ1017: =RANDBETWEEN(1,10) -> 6 | AK1017: =IF(AJ1017='Por Valoracion (3) Dimension'!$BD$1100,'Por Valoracion (3) Dimension'!$BE$1100,IF(AJ1017='Por Valoracion (3) Dimension'!$BD$1101,'Por Valoracion (3) Dimension'!$BE$1101,IF(AJ1017='Por Valoracion (3) Dimension'!$BD$1102,'Por Valoracion (3) Dimension'!$BE$1102,IF(AJ1017='Por Valoracion (3) Dimension'!$BD$1103,'Por Valoracion (3) Dimension'!$BE$1103,IF(AJ1017='Por Valoracion (3) Dimension'!$BD$1104,'Por Valoracion (3) Dimension'!$BE$1104,IF(AJ1017='Por Valoracion (3) Dimension'!$BD$1105,'Por Valoracion (3) Dimension'!$BE$1105,IF(AJ1017='Por Valoracion (3) Dimension'!$BD$1106,'Por Valoracion (3) Dimension'!$BE$1106,IF(AJ1017='Por Valoracion (3) Dimension'!$BD$1107,'Por Valoracion (3) Dimension'!$BE$1107,IF(AJ1017='Por Valoracion (3) Dimension'!$BD$1108,'Por Valoracion (3) Dimension'!$BE$1108,IF(AJ1017='Por Valoracion (3) Dimension'!$BD$1109,'Por Valoracion (3) Dimension'!$BE$1109, A4000)))))))))) -> determinó | AL1017: =RANDBETWEEN(1,7) -> 5 | AM1017: =IF(AL1017='Por Valoracion (3) Dimension'!$BD$1110,'Por Valoracion (3) Dimension'!$BE$1110,IF(AL1017='Por Valoracion (3) Dimension'!$BD$1111,'Por Valoracion (3) Dimension'!$BE$1111,IF(AL1017='Por Valoracion (3) Dimension'!$BD$1112,'Por Valoracion (3) Dimension'!$BE$1112,IF(AL1017='Por Valoracion (3) Dimension'!$BD$1113,'Por Valoracion (3) Dimension'!$BE$1113,IF(AL1017='Por Valoracion (3) Dimension'!$BD$1114,'Por Valoracion (3) Dimension'!$BE$1114,IF(AL1017='Por Valoracion (3) Dimension'!$BD$1115,'Por Valoracion (3) Dimension'!$BE$1115,IF(AL1017='Por Valoracion (3) Dimension'!$BD$1116,'Por Valoracion (3) Dimension'!$BE$1116,IF(AL1017='Por Valoracion (3) Dimension'!$BD$1117,'Por Valoracion (3) Dimension'!$BE$1117,IF(AL1017='Por Valoracion (3) Dimension'!$BD$1118,'Por Valoracion (3) Dimension'!$BE$1118,IF(AL1017='Por Valoracion (3) Dimension'!$BD$1119,'Por Valoracion (3) Dimension'!$BE$1119, A4000)))))))))) -> en consecuencia | AN1017: =RANDBETWEEN(1,2) -> 2 | AO1017: =IF(AN1017='Por Valoracion (3) Dimension'!$BD$1120,'Por Valoracion (3) Dimension'!$BE$1120,IF(AN1017='Por Valoracion (3) Dimension'!$BD$1121,'Por Valoracion (3) Dimension'!$BE$1121,A4000)) -> Resultados | AP1017: =CONCATENATE("el ",ROUND(AH1017*100,0),"% de los ",AO1017," ",AK1017," a la dimensión ",AD1017," como ",AI1017,", ",AM1017) -> el 71% de los Resultados determinó a la dimensión Relaciones Interpersonales como Nunca y Casi Nunca, en consecuencia
AD1018: =(V6) -> Identidad Institucional | AE1018: =(V1006) -> 0.725 | AF1018: =(W1006) -> 0.1125 | AG1018: =(X1006) -> 0.1625 | AH1018: =MAX(AE1018:AG1018) -> 0.725 | AI1018: =IF(AH1018=AE1018,$AE$1015,IF(AH1018=AF1018,$AF$1015,IF(AH1018=AG1018,$AG$1015,"algo esta mal"))) -> Nunca y Casi Nunca | AJ1018: =RANDBETWEEN(1,10) -> 6 | AK1018: =IF(AJ1018='Por Valoracion (3) Dimension'!$BD$1100,'Por Valoracion (3) Dimension'!$BE$1100,IF(AJ1018='Por Valoracion (3) Dimension'!$BD$1101,'Por Valoracion (3) Dimension'!$BE$1101,IF(AJ1018='Por Valoracion (3) Dimension'!$BD$1102,'Por Valoracion (3) Dimension'!$BE$1102,IF(AJ1018='Por Valoracion (3) Dimension'!$BD$1103,'Por Valoracion (3) Dimension'!$BE$1103,IF(AJ1018='Por Valoracion (3) Dimension'!$BD$1104,'Por Valoracion (3) Dimension'!$BE$1104,IF(AJ1018='Por Valoracion (3) Dimension'!$BD$1105,'Por Valoracion (3) Dimension'!$BE$1105,IF(AJ1018='Por Valoracion (3) Dimension'!$BD$1106,'Por Valoracion (3) Dimension'!$BE$1106,IF(AJ1018='Por Valoracion (3) Dimension'!$BD$1107,'Por Valoracion (3) Dimension'!$BE$1107,IF(AJ1018='Por Valoracion (3) Dimension'!$BD$1108,'Por Valoracion (3) Dimension'!$BE$1108,IF(AJ1018='Por Valoracion (3) Dimension'!$BD$1109,'Por Valoracion (3) Dimension'!$BE$1109, A4000)))))))))) -> determinó | AL1018: =RANDBETWEEN(1,7) -> 3 | AM1018: =IF(AL1018='Por Valoracion (3) Dimension'!$BD$1110,'Por Valoracion (3) Dimension'!$BE$1110,IF(AL1018='Por Valoracion (3) Dimension'!$BD$1111,'Por Valoracion (3) Dimension'!$BE$1111,IF(AL1018='Por Valoracion (3) Dimension'!$BD$1112,'Por Valoracion (3) Dimension'!$BE$1112,IF(AL1018='Por Valoracion (3) Dimension'!$BD$1113,'Por Valoracion (3) Dimension'!$BE$1113,IF(AL1018='Por Valoracion (3) Dimension'!$BD$1114,'Por Valoracion (3) Dimension'!$BE$1114,IF(AL1018='Por Valoracion (3) Dimension'!$BD$1115,'Por Valoracion (3) Dimension'!$BE$1115,IF(AL1018='Por Valoracion (3) Dimension'!$BD$1116,'Por Valoracion (3) Dimension'!$BE$1116,IF(AL1018='Por Valoracion (3) Dimension'!$BD$1117,'Por Valoracion (3) Dimension'!$BE$1117,IF(AL1018='Por Valoracion (3) Dimension'!$BD$1118,'Por Valoracion (3) Dimension'!$BE$1118,IF(AL1018='Por Valoracion (3) Dimension'!$BD$1119,'Por Valoracion (3) Dimension'!$BE$1119, A4000)))))))))) -> por otra parte | AN1018: =RANDBETWEEN(1,2) -> 2 | AO1018: =IF(AN1018='Por Valoracion (3) Dimension'!$BD$1120,'Por Valoracion (3) Dimension'!$BE$1120,IF(AN1018='Por Valoracion (3) Dimension'!$BD$1121,'Por Valoracion (3) Dimension'!$BE$1121,A4000)) -> Resultados | AP1018: =CONCATENATE("el ",ROUND(AH1018*100,0),"% de los ",AO1018," ",AK1018," a la dimensión ",AD1018," como ",AI1018) -> el 73% de los Resultados determinó a la dimensión Identidad Institucional como Nunca y Casi Nunca
AD1076: =IF(AE1076=AE1016,AD1016,IF(AE1076=AE1017,AD1017,IF(AE1076=AE1018,AD1018))) -> Estructuración Organizacional | AE1076: =MAX(AE1016:AE1018) -> 0.775
E2013: =SUM(E2008:E2012) -> 0 | F2013: =SUM(F2008:F2012) -> 0 | N2013: =SUM(N2008:N2012) -> 0 | O2013: =SUM(O2008:O2012) -> 0 | W2013: =SUM(W2008:W2012) -> 0 | X2013: =SUM(X2008:X2012) -> 0 | AF2013: =SUM(AF2008:AF2012) -> 0 | AG2013: =SUM(AG2008:AG2012) -> 0
D2101: Variable | E2101: =(AE6) -> Clima institucional | M2101: Variable | N2101: =(AE6) -> Clima institucional | V2101: Variable | W2101: =(AE6) -> Clima institucional | AE2101: Variable | AF2101: =(AE6) -> Clima institucional
D2102: Dimensión | E2102: =(D6) -> Estructuración Organizacional | M2102: Dimensión | N2102: =(M6) -> Relaciones Interpersonales | V2102: Dimensión | W2102: =(V6) -> Identidad Institucional | AE2102: Dimensión | AF2102: =(AE6) -> Clima institucional
D2103: Unidad de Medida | E2103: Docentess | M2103: Unidad de Medida | N2103: Docentess | V2103: Unidad de Medida | W2103: Docentess | AE2103: Unidad de Medida | AF2103: Docentess
C2104: Valores | D2104: Inadecuado | E2104: Regular | F2104: Adecuado | L2104: Valores | M2104: Inadecuado | N2104: Regular | O2104: Adecuado | U2104: Valores | V2104: Inadecuado | W2104: Regular | X2104: Adecuado | AD2104: Valores | AE2104: Inadecuado | AF2104: Regular | AG2104: Adecuado
C2105: Calificación | L2105: Calificación | U2105: Calificación | AD2105: Calificación
C2107: Calificación verdadera | L2107: Calificación verdadera | U2107: Calificación verdadera | AD2107: Calificación verdadera

Sheet Desarrollo de competencias
A1: Dimension 1
B3: Nivel de planificación de la enseñanza | F3: Nivel de la competencia comunicativa | J3: Diseño de metodología | N3: Total | O3: Valoración
B4: PRG.1 | C4: PRG.2 | D4: PRG.3 | E4: PRG.4 | F4: PRG.5 | G4: PRG.6 | H4: PRG.7 | I4: PRG.8 | J4: PRG.9 | K4: PRG.10 | L4: PRG.11 | M4: PRG.12
A5: Docentes 1 | B5: 2 | C5: 2 | D5: 2 | E5: 3 | F5: 3 | G5: 2 | H5: 2 | I5: 3 | J5: 3 | K5: 2 | L5: 3 | M5: 2 | N5: =SUM(B5:M5) -> 29
A6: Docentes 2 | B6: 1 | C6: 1 | D6: 1 | E6: 1 | F6: 1 | G6: 1 | H6: 2 | I6: 1 | J6: 1 | K6: 1 | L6: 1 | M6: 1 | N6: =SUM(B6:M6) -> 13
A7: Docentes 3 | B7: 2 | C7: 2 | D7: 2 | E7: 2 | F7: 2 | G7: 2 | H7: 2 | I7: 1 | J7: 2 | K7: 1 | L7: 2 | M7: 1 | N7: =SUM(B7:M7) -> 21
A8: Docentes 4 | B8: 1 | C8: 2 | D8: 1 | E8: 1 | F8: 1 | G8: 1 | H8: 2 | I8: 2 | J8: 1 | K8: 2 | L8: 2 | M8: 1 | N8: =SUM(B8:M8) -> 17
A9: Docentes 5 | B9: 2 | C9: 1 | D9: 1 | E9: 1 | F9: 2 | G9: 1 | H9: 1 | I9: 2 | J9: 2 | K9: 2 | L9: 1 | M9: 1 | N9: =SUM(B9:M9) -> 17
A10: Docentes 6 | B10: 1 | C10: 1 | D10: 1 | E10: 1 | F10: 1 | G10: 1 | H10: 1 | I10: 1 | J10: 1 | K10: 1 | L10: 1 | M10: 1 | N10: =SUM(B10:M10) -> 12
A11: Docentes 7 | B11: 2 | C11: 1 | D11: 1 | E11: 1 | F11: 1 | G11: 2 | H11: 1 | I11: 2 | J11: 1 | K11: 2 | L11: 2 | M11: 2 | N11: =SUM(B11:M11) -> 18
A12: Docentes 8 | B12: 5 | C12: 4 | D12: 5 | E12: 5 | F12: 5 | G12: 5 | H12: 5 | I12: 4 | J12: 5 | K12: 3 | L12: 5 | M12: 4 | N12: =SUM(B12:M12) -> 55
A13: Docentes 9 | B13: 2 | C13: 2 | D13: 3 | E13: 2 | F13: 1 | G13: 3 | H13: 2 | I13: 2 | J13: 1 | K13: 3 | L13: 2 | M13: 2 | N13: =SUM(B13:M13) -> 25
A14: Docentes 10 | B14: 2 | C14: 1 | D14: 2 | E14: 2 | F14: 2 | G14: 1 | H14: 2 | I14: 1 | J14: 2 | K14: 2 | L14: 2 | M14: 1 | N14: =SUM(B14:M14) -> 20
A15: Docentes 11 | B15: 5 | C15: 4 | D15: 4 | E15: 5 | F15: 4 | G15: 3 | H15: 3 | I15: 4 | J15: 3 | K15: 3 | L15: 3 | M15: 5 | N15: =SUM(B15:M15) -> 46
A16: Docentes 12 | B16: 1 | C16: 2 | D16: 1 | E16: 1 | F16: 1 | G16: 1 | H16: 1 | I16: 1 | J16: 1 | K16: 1 | L16: 1 | M16: 1 | N16: =SUM(B16:M16) -> 13
... A24: Docentes 20 | B24: 2 | C24: 2 | D24: 2 | E24: 2 | F24: 2 | G24: 2 | H24: 2 | I24: 2 | J24: 1 | K24: 2 | L24: 2 | M24: 2 | N24: =SUM(B24:M24) -> 23
A25: TOTAL | B25: =SUM(B5:B24) -> 38 | C25: =SUM(C5:C24) -> 37 | D25: =SUM(D5:D24) -> 40 | E25: =SUM(E5:E24) -> 38 | F25: =SUM(F5:F24) -> 40 | G25: =SUM(G5:G24) -> 38 | H25: =SUM(H5:H24) -> 40 | I25: =SUM(I5:I24) -> 38 | ... N25: =SUM(N5:N24) -> 460
A26: MODA | B26: =MODE(B5:B24) -> 1 | C26: =MODE(C5:C24) -> 2 | D26: =MODE(D5:D24) -> 1 | E26: =MODE(E5:E24) -> 1 | F26: =MODE(F5:F24) -> 1 | G26: =MODE(G5:G24) -> 1 | H26: =MODE(H5:H24) -> 2 | I26: =MODE(I5:I24) -> 1 | ... N26: =MODE(N5:N24) -> 13
A27: MEDIA | B27: =(B25/20) -> 1.9 | C27: =(C25/20) -> 1.85 | D27: =(D25/20) -> 2 | E27: =(E25/20) -> 1.9 | F27: =(F25/20) -> 2 | G27: =(G25/20) -> 1.9 | H27: =(H25/20) -> 2 | I27: =(I25/20) -> 1.9 | ... N27: =(N25/20) -> 23
A28: MEDIANA | B28: =MEDIAN(B5:B24) -> 2 | C28: =MEDIAN(C5:C24) -> 2 | D28: =MEDIAN(D5:D24) -> 2 | E28: =MEDIAN(E5:E24) -> 1.5 | F28: =MEDIAN(F5:F24) -> 2 | G28: =MEDIAN(G5:G24) -> 1.5 | H28: =MEDIAN(H5:H24) -> 2 | I28: =MEDIAN(I5:I24) -> 2 | ... N28: =MEDIAN(N5:N24) -> 19
A29: Desv.Est | B29: =ROUND(STDEV(B5:B24),2) -> 1.21 | C29: =ROUND(STDEV(C5:C24),2) -> 0.93 | D29: =ROUND(STDEV(D5:D24),2) -> 1.3 | E29: =ROUND(STDEV(E5:E24),2) -> 1.25 | F29: =ROUND(STDEV(F5:F24),2) -> 1.3 | G29: =ROUND(STDEV(G5:G24),2) -> 1.25 | H29: =ROUND(STDEV(H5:H24),2) -> 1.03 | I29: =ROUND(STDEV(I5:I24),2) -> 0.97 | ... N29: =ROUND(STDEV(N5:N24),2) -> 12.19
A30: Coef. Varia. | B30: =(B29/B27) -> 0.63684211 | C30: =(C29/C27) -> 0.5027027 | D30: =(D29/D27) -> 0.65 | E30: =(E29/E27) -> 0.65789474 | F30: =(F29/F27) -> 0.65 | G30: =(G29/G27) -> 0.65789474 | H30: =(H29/H27) -> 0.515 | I30: =(I29/I27) -> 0.51052632 | ... N30: =(N29/N27) -> 0.53
A31: Nunca | B31: =COUNTIF($B$5:$B$24,1) -> 9 | C31: =COUNTIF($C$5:$C$24,1) -> 8 | D31: =COUNTIF($D$5:$D$24,1) -> 9 | E31: =COUNTIF($E$5:$E$24,1) -> 10 | F31: =COUNTIF($F$5:$F$24,1) -> 9 | G31: =COUNTIF($G$5:$G$24,1) -> 10 | H31: =COUNTIF($H$5:$H$24,1) -> 6 | I31: =COUNTIF($I$5:$I$24,1) -> 8 | J31: =COUNTIF($J$5:$J$24,1) -> 10 | K31: =COUNTIF($K$5:$K$24,1) -> 7 | L31: =COUNTIF($L$5:$L$24,1) -> 7 | M31: =COUNTIF($M$5:$M$24,1) -> 10
A32: Casi Nunca | B32: =COUNTIF($B$5:$B$24,2) -> 8 | C32: =COUNTIF($C$5:$C$24,2) -> 9 | D32: =COUNTIF($D$5:$D$24,2) -> 7 | E32: =COUNTIF($E$5:$E$24,2) -> 6 | F32: =COUNTIF($F$5:$F$24,2) -> 7 | G32: =COUNTIF($G$5:$G$24,2) -> 6 | H32: =COUNTIF($H$5:$H$24,2) -> 11 | I32: =COUNTIF($I$5:$I$24,2) -> 8 | J32: =COUNTIF($J$5:$J$24,2) -> 6 | K32: =COUNTIF($K$5:$K$24,2) -> 9 | L32: =COUNTIF($L$5:$L$24,2) -> 9 | M32: =COUNTIF($M$5:$M$24,2) -> 7
A33: A veces | B33: =COUNTIF($B$5:$B$24,3) -> 1 | C33: =COUNTIF($C$5:$C$24,3) -> 1 | D33: =COUNTIF($D$5:$D$24,3) -> 1 | E33: =COUNTIF($E$5:$E$24,3) -> 2 | F33: =COUNTIF($F$5:$F$24,3) -> 1 | G33: =COUNTIF($G$5:$G$24,3) -> 2 | H33: =COUNTIF($H$5:$H$24,3) -> 1 | I33: =COUNTIF($I$5:$I$24,3) -> 2 | J33: =COUNTIF($J$5:$J$24,3) -> 3 | K33: =COUNTIF($K$5:$K$24,3) -> 3 | L33: =COUNTIF($L$5:$L$24,3) -> 3 | M33: =COUNTIF($M$5:$M$24,3) -> 0
A34: Casi siempre | B34: =COUNTIF($B$5:$B$24,4) -> 0 | C34: =COUNTIF($C$5:$C$24,4) -> 2 | D34: =COUNTIF($D$5:$D$24,4) -> 1 | E34: =COUNTIF($E$5:$E$24,4) -> 0 | F34: =COUNTIF($F$5:$F$24,4) -> 1 | G34: =COUNTIF($G$5:$G$24,4) -> 0 | H34: =COUNTIF($H$5:$H$24,4) -> 1 | I34: =COUNTIF($I$5:$I$24,4) -> 2 | J34: =COUNTIF($J$5:$J$24,4) -> 0 | K34: =COUNTIF($K$5:$K$24,4) -> 0 | L34: =COUNTIF($L$5:$L$24,4) -> 0 | M34: =COUNTIF($M$5:$M$24,4) -> 2
A35: Siempre | B35: =COUNTIF($B$5:$B$24,5) -> 2 | C35: =COUNTIF($C$5:$C$24,5) -> 0 | D35: =COUNTIF($D$5:$D$24,5) -> 2 | E35: =COUNTIF($E$5:$E$24,5) -> 2 | F35: =COUNTIF($F$5:$F$24,5) -> 2 | G35: =COUNTIF($G$5:$G$24,5) -> 2 | H35: =COUNTIF($H$5:$H$24,5) -> 1 | I35: =COUNTIF($I$5:$I$24,5) -> 0 | J35: =COUNTIF($J$5:$J$24,5) -> 1 | K35: =COUNTIF($K$5:$K$24,5) -> 1 | L35: =COUNTIF($L$5:$L$24,5) -> 1 | M35: =COUNTIF($M$5:$M$24,5) -> 1
A36: Total | B36: =SUM($B31:$B35) -> 20 | C36: =SUM($C31:$C35) -> 20 | D36: =SUM($D31:$D35) -> 20 | E36: =SUM($E31:$E35) -> 20 | F36: =SUM($F31:$F35) -> 20 | G36: =SUM($G31:$G35) -> 20 | H36: =SUM($H31:$H35) -> 20 | I36: =SUM($I31:$I35) -> 20 | J36: =SUM($J31:$J35) -> 20 | K36: =SUM($K31:$K35) -> 20 | L36: =SUM($L31:$L35) -> 20 | M36: =SUM($M31:$M35) -> 20
A37: Nunca% | B37: =($B31/$B36) -> 0.45 | C37: =($C31/$C36) -> 0.4 | D37: =($D31/$D36) -> 0.45 | E37: =($E31/$E36) -> 0.5 | F37: =($F31/$F36) -> 0.45 | G37: =($G31/$G36) -> 0.5 | H37: =($H31/$H36) -> 0.3 | I37: =($I31/$I36) -> 0.4 | J37: =($J31/$J36) -> 0.5 | K37: =($K31/$K36) -> 0.35 | L37: =($L31/$L36) -> 0.35 | M37: =($M31/$M36) -> 0.5
A38: Casi Nunca% | B38: =($B32/$B36) -> 0.4 | C38: =($C32/$C36) -> 0.45 | D38: =($D32/$D36) -> 0.35 | E38: =($E32/$E36) -> 0.3 | F38: =($F32/$F36) -> 0.35 | G38: =($G32/$G36) -> 0.3 | H38: =($H32/$H36) -> 0.55 | I38: =($I32/$I36) -> 0.4 | J38: =($J32/$J36) -> 0.3 | K38: =($K32/$K36) -> 0.45 | L38: =($L32/$L36) -> 0.45 | M38: =($M32/$M36) -> 0.35
A39: A veces% | B39: =($B33/$B36) -> 0.05 | C39: =($C33/$C36) -> 0.05 | D39: =($D33/$D36) -> 0.05 | E39: =($E33/$E36) -> 0.1 | F39: =($F33/$F36) -> 0.05 | G39: =($G33/$G36) -> 0.1 | H39: =($H33/$H36) -> 0.05 | I39: =($I33/$I36) -> 0.1 | J39: =($J33/$J36) -> 0.15 | K39: =($K33/$K36) -> 0.15 | L39: =($L33/$L36) -> 0.15 | M39: =($M33/$M36) -> 0
A40: Casi siempre% | B40: =($B34/$B36) -> 0 | C40: =($C34/$C36) -> 0.1 | D40: =($D34/$D36) -> 0.05 | E40: =($E34/$E36) -> 0 | F40: =($F34/$F36) -> 0.05 | G40: =($G34/$G36) -> 0 | H40: =($H34/$H36) -> 0.05 | I40: =($I34/$I36) -> 0.1 | J40: =($J34/$J36) -> 0 | K40: =($K34/$K36) -> 0 | L40: =($L34/$L36) -> 0 | M40: =($M34/$M36) -> 0.1
A41: Siempre% | B41: =($B35/$B36) -> 0.1 | C41: =($C35/$C36) -> 0 | D41: =($D35/$D36) -> 0.1 | E41: =($E35/$E36) -> 0.1 | F41: =($F35/$F36) -> 0.1 | G41: =($G35/$G36) -> 0.1 | H41: =($H35/$H36) -> 0.05 | I41: =($I35/$I36) -> 0 | J41: =($J35/$J36) -> 0.05 | K41: =($K35/$K36) -> 0.05 | L41: =($L35/$L36) -> 0.05 | M41: =($M35/$M36) -> 0.05
A42: Total % | B42: =SUM($B37:$B41) -> 1 | C42: =SUM($C37:$C41) -> 1 | D42: =SUM($D37:$D41) -> 1 | E42: =SUM($E37:$E41) -> 1 | F42: =SUM($F37:$F41) -> 1 | G42: =SUM($G37:$G41) -> 1 | H42: =SUM($H37:$H41) -> 1 | I42: =SUM($I37:$I41) -> 1 | J42: =SUM($J37:$J41) -> 1 | K42: =SUM($K37:$K41) -> 1 | L42: =SUM($L37:$L41) -> 1 | M42: =SUM($M37:$M41) -> 1

Sheet Por Valoracion (3) Dimension 2
A1: Dimension 1
A2: Nº de Personas | B2: Nivel de planificación de la enseñanza | D2: Nivel de la competencia comunicativa | F2: Diseño de metodología | H2: Desarrollo de competencias
B3: Suma Total | C3: Valoración | D3: Suma Total | E3: Valoración | F3: Suma Total | G3: Valoración | H3: Suma Total | I3: Valoración
A4: Docentes 1 | B4: =SUM('Desarrollo de competencias'!B5:E5) -> 9 | C4: =IF(B4<=$Q$19,"Bajo",IF(B4<=$Q$20,"Medio",IF(B4<=$Q$21,"Alto",0))) -> Bajo | D4: =SUM('Desarrollo de competencias'!F5:I5) -> 10 | E4: =IF(D4<=$AC$19,"Bajo",IF(D4<=$AC$20,"Medio",IF(D4<=$AC$21,"Alto",0))) -> Medio | F4: =SUM('Desarrollo de competencias'!J5:M5) -> 10 | G4: =IF(F4<=$AO$19,"Bajo",IF(F4<=$AO$20,"Medio",IF(F4<=$AO$21,"Alto",0))) -> Medio | H4: =SUM(B4:F4) -> 29 | I4: =IF(H4<=$BA$19,"Bajo",IF(H4<=$BA$20,"Medio",IF(H4<=$BA$21,"Alto",0))) -> Medio | M4: Variable | N4: Desarrollo de competencias | Y4: Variable | Z4: Desarrollo de competencias | AK4: Variable | AL4: Desarrollo de competencias | AW4: Variable | AX4: Desarrollo de competencias
A5: Docentes 2 | B5: =SUM('Desarrollo de competencias'!B6:E6) -> 4 | C5: =IF(B5<=$Q$19,"Bajo",IF(B5<=$Q$20,"Medio",IF(B5<=$Q$21,"Alto",0))) -> Bajo | D5: =SUM('Desarrollo de competencias'!F6:I6) -> 5 | E5: =IF(D5<=$AC$19,"Bajo",IF(D5<=$AC$20,"Medio",IF(D5<=$AC$21,"Alto",0))) -> Bajo | F5: =SUM('Desarrollo de competencias'!J6:M6) -> 4 | G5: =IF(F5<=$AO$19,"Bajo",IF(F5<=$AO$20,"Medio",IF(F5<=$AO$21,"Alto",0))) -> Bajo | H5: =SUM(B5:F5) -> 13 | I5: =IF(H5<=$BA$19,"Bajo",IF(H5<=$BA$20,"Medio",IF(H5<=$BA$21,"Alto",0))) -> Bajo | M5: Nombre de la Dimensión | N5: =B2 -> Nivel de planificación de la enseñanza | Y5: Nombre de la Dimensión | Z5: =D2 -> Nivel de la competencia comunicativa | AK5: Nombre de la Dimensión | AL5: =F2 -> Diseño de metodología
A6: Docentes 3 | B6: =SUM('Desarrollo de competencias'!B7:E7) -> 8 | C6: =IF(B6<=$Q$19,"Bajo",IF(B6<=$Q$20,"Medio",IF(B6<=$Q$21,"Alto",0))) -> Bajo | D6: =SUM('Desarrollo de competencias'!F7:I7) -> 7 | E6: =IF(D6<=$AC$19,"Bajo",IF(D6<=$AC$20,"Medio",IF(D6<=$AC$21,"Alto",0))) -> Bajo | F6: =SUM('Desarrollo de competencias'!J7:M7) -> 6 | G6: =IF(F6<=$AO$19,"Bajo",IF(F6<=$AO$20,"Medio",IF(F6<=$AO$21,"Alto",0))) -> Bajo | H6: =SUM(B6:F6) -> 21 | I6: =IF(H6<=$BA$19,"Bajo",IF(H6<=$BA$20,"Medio",IF(H6<=$BA$21,"Alto",0))) -> Bajo | M6: Cantidad de Escalas Valorativas | N6: 3 | Y6: Cantidad de Escalas Valorativas | Z6: 3 | AK6: Cantidad de Escalas Valorativas | AL6: 3 | AW6: Cantidad de Escalas Valorativas | AX6: 3
A7: Docentes 4 | B7: =SUM('Desarrollo de competencias'!B8:E8) -> 5 | C7: =IF(B7<=$Q$19,"Bajo",IF(B7<=$Q$20,"Medio",IF(B7<=$Q$21,"Alto",0))) -> Bajo | D7: =SUM('Desarrollo de competencias'!F8:I8) -> 6 | E7: =IF(D7<=$AC$19,"Bajo",IF(D7<=$AC$20,"Medio",IF(D7<=$AC$21,"Alto",0))) -> Bajo | F7: =SUM('Desarrollo de competencias'!J8:M8) -> 6 | G7: =IF(F7<=$AO$19,"Bajo",IF(F7<=$AO$20,"Medio",IF(F7<=$AO$21,"Alto",0))) -> Bajo | H7: =SUM(B7:F7) -> 17 | I7: =IF(H7<=$BA$19,"Bajo",IF(H7<=$BA$20,"Medio",IF(H7<=$BA$21,"Alto",0))) -> Bajo | M7: Nº de Peguntas | N7: 4 | Y7: Nº de Peguntas | Z7: 4 | AK7: Nº de Peguntas | AL7: 4 | AW7: Nº de Peguntas | AX7: 12
A8: Docentes 5 | B8: =SUM('Desarrollo de competencias'!B9:E9) -> 5 | C8: =IF(B8<=$Q$19,"Bajo",IF(B8<=$Q$20,"Medio",IF(B8<=$Q$21,"Alto",0))) -> Bajo | D8: =SUM('Desarrollo de competencias'!F9:I9) -> 6 | E8: =IF(D8<=$AC$19,"Bajo",IF(D8<=$AC$20,"Medio",IF(D8<=$AC$21,"Alto",0))) -> Bajo | F8: =SUM('Desarrollo de competencias'!J9:M9) -> 6 | G8: =IF(F8<=$AO$19,"Bajo",IF(F8<=$AO$20,"Medio",IF(F8<=$AO$21,"Alto",0))) -> Bajo | H8: =SUM(B8:F8) -> 17 | I8: =IF(H8<=$BA$19,"Bajo",IF(H8<=$BA$20,"Medio",IF(H8<=$BA$21,"Alto",0))) -> Bajo | M8: Valor Mínimo por item | N8: 1 | Y8: Valor Mínimo por item | Z8: 1 | AK8: Valor Mínimo por item | AL8: 1 | AW8: Valor Mínimo por item | AX8: 1
A9: Docentes 6 | B9: =SUM('Desarrollo de competencias'!B10:E10) -> 4 | C9: =IF(B9<=$Q$19,"Bajo",IF(B9<=$Q$20,"Medio",IF(B9<=$Q$21,"Alto",0))) -> Bajo | D9: =SUM('Desarrollo de competencias'!F10:I10) -> 4 | E9: =IF(D9<=$AC$19,"Bajo",IF(D9<=$AC$20,"Medio",IF(D9<=$AC$21,"Alto",0))) -> Bajo | F9: =SUM('Desarrollo de competencias'!J10:M10) -> 4 | G9: =IF(F9<=$AO$19,"Bajo",IF(F9<=$AO$20,"Medio",IF(F9<=$AO$21,"Alto",0))) -> Bajo | H9: =SUM(B9:F9) -> 12 | I9: =IF(H9<=$BA$19,"Bajo",IF(H9<=$BA$20,"Medio",IF(H9<=$BA$21,"Alto",0))) -> Bajo | M9: Valor Máximo por item | N9: 5 | Y9: Valor Máximo por item | Z9: 5 | AK9: Valor Máximo por item | AL9: 5 | AW9: Valor Máximo por item | AX9: 5
A10: Docentes 7 | B10: =SUM('Desarrollo de competencias'!B11:E11) -> 5 | C10: =IF(B10<=$Q$19,"Bajo",IF(B10<=$Q$20,"Medio",IF(B10<=$Q$21,"Alto",0))) -> Bajo | D10: =SUM('Desarrollo de competencias'!F11:I11) -> 6 | E10: =IF(D10<=$AC$19,"Bajo",IF(D10<=$AC$20,"Medio",IF(D10<=$AC$21,"Alto",0))) -> Bajo | F10: =SUM('Desarrollo de competencias'!J11:M11) -> 7 | G10: =IF(F10<=$AO$19,"Bajo",IF(F10<=$AO$20,"Medio",IF(F10<=$AO$21,"Alto",0))) -> Bajo | H10: =SUM(B10:F10) -> 18 | I10: =IF(H10<=$BA$19,"Bajo",IF(H10<=$BA$20,"Medio",IF(H10<=$BA$21,"Alto",0))) -> Bajo | M10: Máximo | N10: =N7*N9 -> 20 | Y10: Máximo | Z10: =Z7*Z9 -> 20 | AK10: Máximo | AL10: =AL7*AL9 -> 20 | AW10: Máximo | AX10: =AX7*AX9 -> 60
A11: Docentes 8 | B11: =SUM('Desarrollo de competencias'!B12:E12) -> 19 | C11: =IF(B11<=$Q$19,"Bajo",IF(B11<=$Q$20,"Medio",IF(B11<=$Q$21,"Alto",0))) -> Alto | D11: =SUM('Desarrollo de competencias'!F12:I12) -> 19 | E11: =IF(D11<=$AC$19,"Bajo",IF(D11<=$AC$20,"Medio",IF(D11<=$AC$21,"Alto",0))) -> Alto | F11: =SUM('Desarrollo de competencias'!J12:M12) -> 17 | G11: =IF(F11<=$AO$19,"Bajo",IF(F11<=$AO$20,"Medio",IF(F11<=$AO$21,"Alto",0))) -> Alto | H11: =SUM(B11:F11) -> 55 | I11: =IF(H11<=$BA$19,"Bajo",IF(H11<=$BA$20,"Medio",IF(H11<=$BA$21,"Alto",0))) -> Alto | M11: Mínimo | N11: =N8*N7 -> 4 | Y11: Mínimo | Z11: =Z8*Z7 -> 4 | AK11: Mínimo | AL11: =AL8*AL7 -> 4 | AW11: Mínimo | AX11: =AX8*AX7 -> 12
A12: Docentes 9 | B12: =SUM('Desarrollo de competencias'!B13:E13) -> 9 | C12: =IF(B12<=$Q$19,"Bajo",IF(B12<=$Q$20,"Medio",IF(B12<=$Q$21,"Alto",0))) -> Bajo | D12: =SUM('Desarrollo de competencias'!F13:I13) -> 8 | E12: =IF(D12<=$AC$19,"Bajo",IF(D12<=$AC$20,"Medio",IF(D12<=$AC$21,"Alto",0))) -> Bajo | F12: =SUM('Desarrollo de competencias'!J13:M13) -> 8 | G12: =IF(F12<=$AO$19,"Bajo",IF(F12<=$AO$20,"Medio",IF(F12<=$AO$21,"Alto",0))) -> Bajo | H12: =SUM(B12:F12) -> 25 | I12: =IF(H12<=$BA$19,"Bajo",IF(H12<=$BA$20,"Medio",IF(H12<=$BA$21,"Alto",0))) -> Bajo | M12: Rango | N12: =N10-N11 -> 16 | Y12: Rango | Z12: =Z10-Z11 -> 16 | AK12: Rango | AL12: =AL10-AL11 -> 16 | AW12: Rango | AX12: =AX10-AX11 -> 48
A13: Docentes 10 | B13: =SUM('Desarrollo de competencias'!B14:E14) -> 7 | C13: =IF(B13<=$Q$19,"Bajo",IF(B13<=$Q$20,"Medio",IF(B13<=$Q$21,"Alto",0))) -> Bajo | D13: =SUM('Desarrollo de competencias'!F14:I14) -> 6 | E13: =IF(D13<=$AC$19,"Bajo",IF(D13<=$AC$20,"Medio",IF(D13<=$AC$21,"Alto",0))) -> Bajo | F13: =SUM('Desarrollo de competencias'!J14:M14) -> 7 | G13: =IF(F13<=$AO$19,"Bajo",IF(F13<=$AO$20,"Medio",IF(F13<=$AO$21,"Alto",0))) -> Bajo | H13: =SUM(B13:F13) -> 20 | I13: =IF(H13<=$BA$19,"Bajo",IF(H13<=$BA$20,"Medio",IF(H13<=$BA$21,"Alto",0))) -> Bajo | M13: Amplitud del Intervalo | N13: =ROUND(N12/N6,0) -> 5 | Y13: Amplitud del Intervalo | Z13: =ROUND(Z12/Z6,0) -> 5 | AK13: Amplitud del Intervalo | AL13: =ROUND(AL12/AL6,0) -> 5 | AW13: Amplitud del Intervalo | AX13: =ROUND(AX12/AX6,0) -> 16
A14: Docentes 11 | B14: =SUM('Desarrollo de competencias'!B15:E15) -> 18 | C14: =IF(B14<=$Q$19,"Bajo",IF(B14<=$Q$20,"Medio",IF(B14<=$Q$21,"Alto",0))) -> Alto | D14: =SUM('Desarrollo de competencias'!F15:I15) -> 14 | E14: =IF(D14<=$AC$19,"Bajo",IF(D14<=$AC$20,"Medio",IF(D14<=$AC$21,"Alto",0))) -> Medio | F14: =SUM('Desarrollo de competencias'!J15:M15) -> 14 | G14: =IF(F14<=$AO$19,"Bajo",IF(F14<=$AO$20,"Medio",IF(F14<=$AO$21,"Alto",0))) -> Medio | H14: =SUM(B14:F14) -> 46 | I14: =IF(H14<=$BA$19,"Bajo",IF(H14<=$BA$20,"Medio",IF(H14<=$BA$21,"Alto",0))) -> Alto
A15: Docentes 12 | B15: =SUM('Desarrollo de competencias'!B16:E16) -> 5 | C15: =IF(B15<=$Q$19,"Bajo",IF(B15<=$Q$20,"Medio",IF(B15<=$Q$21,"Alto",0))) -> Bajo | D15: =SUM('Desarrollo de competencias'!F16:I16) -> 4 | E15: =IF(D15<=$AC$19,"Bajo",IF(D15<=$AC$20,"Medio",IF(D15<=$AC$21,"Alto",0))) -> Bajo | F15: =SUM('Desarrollo de competencias'!J16:M16) -> 4 | G15: =IF(F15<=$AO$19,"Bajo",IF(F15<=$AO$20,"Medio",IF(F15<=$AO$21,"Alto",0))) -> Bajo | H15: =SUM(B15:F15) -> 13 | I15: =IF(H15<=$BA$19,"Bajo",IF(H15<=$BA$20,"Medio",IF(H15<=$BA$21,"Alto",0))) -> Bajo | O15: Tabla 1 | AA15: Tabla 2 | AM15: Tabla 3 | AY15: Tabla 4
A16: Docentes 13 | B16: =SUM('Desarrollo de competencias'!B17:E17) -> 8 | C16: =IF(B16<=$Q$19,"Bajo",IF(B16<=$Q$20,"Medio",IF(B16<=$Q$21,"Alto",0))) -> Bajo | D16: =SUM('Desarrollo de competencias'!F17:I17) -> 8 | E16: =IF(D16<=$AC$19,"Bajo",IF(D16<=$AC$20,"Medio",IF(D16<=$AC$21,"Alto",0))) -> Bajo | F16: =SUM('Desarrollo de competencias'!J17:M17) -> 8 | G16: =IF(F16<=$AO$19,"Bajo",IF(F16<=$AO$20,"Medio",IF(F16<=$AO$21,"Alto",0))) -> Bajo | H16: =SUM(B16:F16) -> 24 | I16: =IF(H16<=$BA$19,"Bajo",IF(H16<=$BA$20,"Medio",IF(H16<=$BA$21,"Alto",0))) -> Bajo | O16: =N5 -> Nivel de planificación de la enseñanza | AA16: =Z5 -> Nivel de la competencia comunicativa | AM16: =AL5 -> Diseño de metodología | AY16: Desarrollo de competencias
A17: Docentes 14 | B17: =SUM('Desarrollo de competencias'!B18:E18) -> 14 | C17: =IF(B17<=$Q$19,"Bajo",IF(B17<=$Q$20,"Medio",IF(B17<=$Q$21,"Alto",0))) -> Medio | D17: =SUM('Desarrollo de competencias'!F18:I18) -> 17 | E17: =IF(D17<=$AC$19,"Bajo",IF(D17<=$AC$20,"Medio",IF(D17<=$AC$21,"Alto",0))) -> Alto | F17: =SUM('Desarrollo de competencias'!J18:M18) -> 15 | G17: =IF(F17<=$AO$19,"Bajo",IF(F17<=$AO$20,"Medio",IF(F17<=$AO$21,"Alto",0))) -> Medio | H17: =SUM(B17:F17) -> 46 | I17: =IF(H17<=$BA$19,"Bajo",IF(H17<=$BA$20,"Medio",IF(H17<=$BA$21,"Alto",0))) -> Alto | O17: Calificación | P17: Rango | R17: Frec. | S17: % | AA17: Calificación | AB17: Rango | AD17: Frec. | AE17: % | AM17: Calificación | AN17: Rango | AP17: Frec. | AQ17: % | AY17: Calificación | AZ17: Rango | BB17: Frec. | BC17: %
A18: Docentes 15 | B18: =SUM('Desarrollo de competencias'!B19:E19) -> 5 | C18: =IF(B18<=$Q$19,"Bajo",IF(B18<=$Q$20,"Medio",IF(B18<=$Q$21,"Alto",0))) -> Bajo | D18: =SUM('Desarrollo de competencias'!F19:I19) -> 5 | E18: =IF(D18<=$AC$19,"Bajo",IF(D18<=$AC$20,"Medio",IF(D18<=$AC$21,"Alto",0))) -> Bajo | F18: =SUM('Desarrollo de competencias'!J19:M19) -> 4 | G18: =IF(F18<=$AO$19,"Bajo",IF(F18<=$AO$20,"Medio",IF(F18<=$AO$21,"Alto",0))) -> Bajo | H18: =SUM(B18:F18) -> 14 | I18: =IF(H18<=$BA$19,"Bajo",IF(H18<=$BA$20,"Medio",IF(H18<=$BA$21,"Alto",0))) -> Bajo | P18: Desde | Q18: Hasta | AB18: Desde | AC18: Hasta | AN18: Desde | AO18: Hasta | AZ18: Desde | BA18: Hasta
A19: Docentes 16 | B19: =SUM('Desarrollo de competencias'!B20:E20) -> 5 | C19: =IF(B19<=$Q$19,"Bajo",IF(B19<=$Q$20,"Medio",IF(B19<=$Q$21,"Alto",0))) -> Bajo | D19: =SUM('Desarrollo de competencias'!F20:I20) -> 5 | E19: =IF(D19<=$AC$19,"Bajo",IF(D19<=$AC$20,"Medio",IF(D19<=$AC$21,"Alto",0))) -> Bajo | F19: =SUM('Desarrollo de competencias'!J20:M20) -> 6 | G19: =IF(F19<=$AO$19,"Bajo",IF(F19<=$AO$20,"Medio",IF(F19<=$AO$21,"Alto",0))) -> Bajo | H19: =SUM(B19:F19) -> 16 | I19: =IF(H19<=$BA$19,"Bajo",IF(H19<=$BA$20,"Medio",IF(H19<=$BA$21,"Alto",0))) -> Bajo | O19: Bajo | P19: =N11 -> 4 | Q19: =P19+N13 -> 9 | R19: =COUNTIF($C$4:$C$23,$O19) -> 17 | S19: =R19/R22 -> 0.85 | AA19: Bajo | AB19: =Z11 -> 4 | AC19: =AB19+Z13 -> 9 | AD19: =COUNTIF($E$4:$E$23,$AA19) -> 16 | AE19: =AD19/AD22 -> 0.8 | AM19: Bajo | AN19: =AL11 -> 4 | AO19: =AN19+AL13 -> 9 | AP19: =COUNTIF($G$4:$G$23,$AM19) -> 16 | AQ19: =AP19/AP22 -> 0.8 | AY19: Bajo | AZ19: 12 | BA19: 27 | BB19: 16 | BC19: 0.8
A20: Docentes 17 | B20: =SUM('Desarrollo de competencias'!B21:E21) -> 4 | C20: =IF(B20<=$Q$19,"Bajo",IF(B20<=$Q$20,"Medio",IF(B20<=$Q$21,"Alto",0))) -> Bajo | D20: =SUM('Desarrollo de competencias'!F21:I21) -> 7 | E20: =IF(D20<=$AC$19,"Bajo",IF(D20<=$AC$20,"Medio",IF(D20<=$AC$21,"Alto",0))) -> Bajo | F20: =SUM('Desarrollo de competencias'!J21:M21) -> 6 | G20: =IF(F20<=$AO$19,"Bajo",IF(F20<=$AO$20,"Medio",IF(F20<=$AO$21,"Alto",0))) -> Bajo | H20: =SUM(B20:F20) -> 17 | I20: =IF(H20<=$BA$19,"Bajo",IF(H20<=$BA$20,"Medio",IF(H20<=$BA$21,"Alto",0))) -> Bajo | O20: Medio | P20: =Q19+ 1 -> 10 | Q20: =P20+N13 -> 15 | R20: =COUNTIF($C$4:$C$23,$O20) -> 1 | S20: =R20/R22 -> 0.05 | AA20: Medio | AB20: =AC19+ 1 -> 10 | AC20: =AB20+Z13 -> 15 | AD20: =COUNTIF($E$4:$E$23,$AA20) -> 2 | AE20: =AD20/AD22 -> 0.1 | AM20: Medio | AN20: =AO19+ 1 -> 10 | AO20: =AN20+AL13 -> 15 | AP20: =COUNTIF($G$4:$G$23,$AM20) -> 3 | AQ20: =AP20/AP22 -> 0.15 | AY20: Medio | AZ20: 28 | BA20: 43 | BB20: 1 | BC20: 0.05
A21: Docentes 18 | B21: =SUM('Desarrollo de competencias'!B22:E22) -> 4 | C21: =IF(B21<=$Q$19,"Bajo",IF(B21<=$Q$20,"Medio",IF(B21<=$Q$21,"Alto",0))) -> Bajo | D21: =SUM('Desarrollo de competencias'!F22:I22) -> 5 | E21: =IF(D21<=$AC$19,"Bajo",IF(D21<=$AC$20,"Medio",IF(D21<=$AC$21,"Alto",0))) -> Bajo | F21: =SUM('Desarrollo de competencias'!J22:M22) -> 4 | G21: =IF(F21<=$AO$19,"Bajo",IF(F21<=$AO$20,"Medio",IF(F21<=$AO$21,"Alto",0))) -> Bajo | H21: =SUM(B21:F21) -> 13 | I21: =IF(H21<=$BA$19,"Bajo",IF(H21<=$BA$20,"Medio",IF(H21<=$BA$21,"Alto",0))) -> Bajo | O21: Alto | P21: =Q20+ 1 -> 16 | Q21: =N10 -> 20 | R21: =COUNTIF($C$4:$C$23,$O21) -> 2 | S21: =R21/R22 -> 0.1 | AA21: Alto | AB21: =AC20+ 1 -> 16 | AC21: =Z10 -> 20 | AD21: =COUNTIF($E$4:$E$23,$AA21) -> 2 | AE21: =AD21/AD22 -> 0.1 | AM21: Alto | AN21: =AO20+ 1 -> 16 | AO21: =AL10 -> 20 | AP21: =COUNTIF($G$4:$G$23,$AM21) -> 1 | AQ21: =AP21/AP22 -> 0.05 | AY21: Alto | AZ21: 44 | BA21: 60 | BB21: 3 | BC21: 0.15
A22: Docentes 19 | B22: =SUM('Desarrollo de competencias'!B23:E23) -> 7 | C22: =IF(B22<=$Q$19,"Bajo",IF(B22<=$Q$20,"Medio",IF(B22<=$Q$21,"Alto",0))) -> Bajo | D22: =SUM('Desarrollo de competencias'!F23:I23) -> 6 | E22: =IF(D22<=$AC$19,"Bajo",IF(D22<=$AC$20,"Medio",IF(D22<=$AC$21,"Alto",0))) -> Bajo | F22: =SUM('Desarrollo de competencias'!J23:M23) -> 8 | G22: =IF(F22<=$AO$19,"Bajo",IF(F22<=$AO$20,"Medio",IF(F22<=$AO$21,"Alto",0))) -> Bajo | H22: =SUM(B22:F22) -> 21 | I22: =IF(H22<=$BA$19,"Bajo",IF(H22<=$BA$20,"Medio",IF(H22<=$BA$21,"Alto",0))) -> Bajo | O22: Total | R22: =SUM(R19:R21) -> 20 | S22: =SUM(S19:S21) -> 1 | AA22: Total | AD22: =SUM(AD19:AD21) -> 20 | AE22: =SUM(AE19:AE21) -> 1 | AM22: Total | AP22: =SUM(AP19:AP21) -> 20 | AQ22: =SUM(AQ19:AQ21) -> 1 | AY22: Total | BB22: 20 | BC22: 1
A23: Docentes 20 | B23: =SUM('Desarrollo de competencias'!B24:E24) -> 8 | C23: =IF(B23<=$Q$19,"Bajo",IF(B23<=$Q$20,"Medio",IF(B23<=$Q$21,"Alto",0))) -> Bajo | D23: =SUM('Desarrollo de competencias'!F24:I24) -> 8 | E23: =IF(D23<=$AC$19,"Bajo",IF(D23<=$AC$20,"Medio",IF(D23<=$AC$21,"Alto",0))) -> Bajo | F23: =SUM('Desarrollo de competencias'!J24:M24) -> 7 | G23: =IF(F23<=$AO$19,"Bajo",IF(F23<=$AO$20,"Medio",IF(F23<=$AO$21,"Alto",0))) -> Bajo | H23: =SUM(B23:F23) -> 23 | I23: =IF(H23<=$BA$19,"Bajo",IF(H23<=$BA$20,"Medio",IF(H23<=$BA$21,"Alto",0))) -> Bajo | O23: Fuente: Encuesta aplicada | AA23: Fuente: Encuesta aplicada | AM23: Fuente: Encuesta aplicada | AY23: Fuente: Encuesta aplicada
O24: Elaboración: Propia | AA24: Elaboración: Propia | AM24: Elaboración: Propia | AY24: Elaboración: Propia
O43: Figura.1 | AA43: Figura.2 | AM43: Figura.3 | AY43: Figura.4
O44: Nivel de planificación de la enseñanza | AA44: Nivel de la competencia comunicativa | AM44: Diseño de metodología | AY44: Nivel de planificación de la enseñanza
M47: =CONCATENATE("en la ",O15," y ",O43," se puede observar que la variable ",L901," en base a su dimensión ",L902," tiene una calificación de ",M904," por el ",ROUND(L904*100,0),"% ","de los resultados, ","los cuales fueron extraídos de las encuestas ejecutadas a los ",N902,", estos resultados son afectados debido a que, ",U1016," ",M1016,",","asi mismo ",U1017," ",M1017,", por su parte ",U1018," ",M1018, ", ","y ",M1019," ",U1019,", ","por todo ello la dimensión ",L902," es ",M904,".") -> en la Tabla 1 y Figura.1 se puede observar que la variable Desarrollo de competencias en base a su dimensión Nivel de planificación de la enseñanza tiene una calificación de Bajo por el 85% de los resultados, los cuales fueron extraídos de las encuestas ejecutadas a los Docentess, estos resultados son afectados debido a que, el 85% apreció como Nunca y Casi Nunca 0,asi mismo el 85% de los Docentess consideró como Nunca y Casi Nunca 0, por su parte el 80% respondió como Nunca y Casi Nunca 0, y 0 el 80% de los Docentess valoró como Nunca y Casi Nunca, por todo ello la dimensión Nivel de planificación de la enseñanza es Bajo. | Y47: =CONCATENATE("en la ",AA15," y ",AA43," se puede observar que la variable ",X901," en base a su dimensión ",X902," tiene una calificación de ",Y904," por el ",ROUND(X904*100,0),"% ","de los resultados, ","los cuales fueron extraídos de las encuestas ejecutadas a los ",Z902,", estos resultados son afectados debido a que, ",AG1016," ",Y1016,",","asi mismo ",AG1017," ",Y1017,", con motivo ",AG1018," ",Y1018, ", ","y ",Y1019," ",AG1019,", ","por todo ello la dimensión ",X902," es ",Y904,".") -> en la Tabla 2 y Figura.2 se puede observar que la variable Desarrollo de competencias en base a su dimensión Nivel de la competencia comunicativa tiene una calificación de Bajo por el 80% de los resultados, los cuales fueron extraídos de las encuestas ejecutadas a los Docentess, estos resultados son afectados debido a que, el 80% respondió como Nunca y Casi Nunca 0,asi mismo el 80% de los Docentess calificó como Nunca y Casi Nunca 0, con motivo el 85% valoró como Nunca y Casi Nunca 0, y 0 el 80% de los Docentess valoró como Nunca y Casi Nunca, por todo ello la dimensión Nivel de la competencia comunicativa es Bajo. | AK47: =CONCATENATE("en la ",AM15," y ",AM43," se puede observar que la variable ",AJ901," en base a su dimensión ",AJ902," tiene una calificación de ",AK904," por el ",ROUND(AJ904*100,0),"% ","de los resultados, ","los cuales fueron extraídos de las encuestas ejecutadas a los ",AL902,", estos resultados son afectados debido a que, ",AS1016," ",AK1016,",","asi mismo ",AS1017," ",AK1017,", de nuevo ",AS1018," ",AK1018, ", ","y ",AK1019," ",AS1019,", ","por todo ello la dimensión ",AJ902," es ",AK904,".") -> en la Tabla 3 y Figura.3 se puede observar que la variable Desarrollo de competencias en base a su dimensión Diseño de metodología tiene una calificación de Bajo por el 80% de los resultados, los cuales fueron extraídos de las encuestas ejecutadas a los Docentess, estos resultados son afectados debido a que, el 80% percibió como Nunca y Casi Nunca 0,asi mismo el 80% de los Docentess valoró como Nunca y Casi Nunca 0, de nuevo el 80% percibió como Nunca y Casi Nunca 0, y 0 el 85% de los Docentess apreció como Nunca y Casi Nunca, por todo ello la dimensión Diseño de metodología es Bajo. | AW47: =CONCATENATE("En la ",AY15," y ",AY43," se puede evidenciar que la variable ",AV901," es calificado como ",AW904," por el ",ROUND(AV904*100,0),"% de los resultados, mismos que son originados porque; ",BI1016," ",BI1017," ",BI1018,BI1019,BI1020,BI1021,BI1022,BI1023,BI1024,BI1025,BI1026," se concluye que la variable ",AV901,"tiene un valor de ",AW904,".") -> En la Tabla 4 y Figura.4 se puede evidenciar que la variable Desarrollo de competencias es calificado como Bajo por el 80% de los resultados, mismos que son originados porque; el 85% de los Docentess mencionó a la dimensión Nivel de planificación de la enseñanza como Bajo, adicional a ello el 80% de los Docentess calificó a la dimensión Nivel de la competencia comunicativa como Bajo, en consecuencia el 80% de los Resultados mencionó a la dimensión Diseño de metodología como Bajo, por otra parte se concluye que la variable Desarrollo de competenciastiene un valor de Bajo.
K901: Variable | L901: =(N4) -> Desarrollo de competencias | N901: Unidades de Medida | W901: Variable | X901: =(Z4) -> Desarrollo de competencias | Z901: Unidades de Medida | AI901: Variable | AJ901: =(AL4) -> Desarrollo de competencias | AL901: Unidades de Medida | AU901: Variable | AV901: =(AX4) -> Desarrollo de competencias | AX901: Unidades de Medida
