Workbook

Sheet .
A1: Dimension 1
B3: . | X3: Total | Y3: Valoración
B4: PRG.1 | C4: PRG.2 | D4: PRG.3 | E4: PRG.4 | F4: PRG.5 | G4: PRG.6 | H4: PRG.7 | I4: PRG.8 | J4: PRG.9 | K4: PRG.10 | L4: PRG.11 | M4: PRG.12 | N4: PRG.13 | O4: PRG.14 | P4: PRG.15 | Q4: PRG.16 | R4: PRG.17 | S4: PRG.18 | T4: PRG.19 | U4: PRG.20 | V4: PRG.21 | W4: PRG.22
A5: Participante 1 | B5: 3 | C5: 4 | D5: 5 | E5: 4 | F5: 5 | G5: 5 | H5: 5 | I5: 2 | J5: 5 | K5: 5 | L5: 3 | M5: 2 | N5: 5 | O5: 3 | P5: 5 | Q5: 1 | R5: 5 | S5: 5 | T5: 4 | U5: 5 | V5: 2 | W5: 4 | X5: 87
A6: Participante 2 | B6: 3 | C6: 5 | D6: 4 | E6: 3 | F6: 4 | G6: 4 | H6: 5 | I6: 2 | J6: 4 | K6: 4 | L6: 2 | M6: 2 | N6: 4 | O6: 2 | P6: 4 | Q6: 3 | R6: 3 | S6: 5 | T6: 5 | U6: 5 | V6: 3 | W6: 5 | X6: 81
A7: Participante 3 | B7: 3 | C7: 2 | D7: 3 | E7: 2 | F7: 1 | G7: 2 | H7: 2 | I7: 3 | J7: 2 | K7: 2 | L7: 3 | M7: 1 | N7: 2 | O7: 2 | P7: 2 | Q7: 2 | R7: 3 | S7: 3 | T7: 2 | U7: 2 | V7: 3 | W7: 3 | X7: 50
A8: Participante 4 | B8: 2 | C8: 2 | D8: 3 | E8: 2 | F8: 3 | G8: 2 | H8: 3 | I8: 2 | J8: 3 | K8: 1 | L8: 1 | M8: 3 | N8: 2 | O8: 3 | P8: 2 | Q8: 2 | R8: 2 | S8: 2 | T8: 2 | U8: 2 | V8: 1 | W8: 2 | X8: 47
A9: Participante 5 | B9: 1 | C9: 4 | D9: 3 | E9: 2 | F9: 2 | G9: 2 | H9: 3 | I9: 2 | J9: 3 | K9: 2 | L9: 2 | M9: 1 | N9: 3 | O9: 2 | P9: 3 | Q9: 1 | R9: 2 | S9: 3 | T9: 3 | U9: 3 | V9: 3 | W9: 3 | X9: 53
A10: Participante 6 | B10: 2 | C10: 3 | D10: 5 | E10: 5 | F10: 3 | G10: 5 | H10: 5 | I10: 1 | J10: 5 | K10: 5 | L10: 1 | M10: 2 | N10: 5 | O10: 2 | P10: 5 | Q10: 1 | R10: 5 | S10: 5 | T10: 3 | U10: 5 | V10: 2 | W10: 5 | X10: 80
A11: Participante 7 | B11: 2 | C11: 4 | D11: 3 | E11: 3 | F11: 4 | G11: 5 | H11: 4 | I11: 2 | J11: 4 | K11: 3 | L11: 1 | M11: 2 | N11: 3 | O11: 2 | P11: 5 | Q11: 2 | R11: 4 | S11: 3 | T11: 3 | U11: 4 | V11: 2 | W11: 3 | X11: 68
A12: Participante 8 | B12: 1 | C12: 3 | D12: 2 | E12: 3 | F12: 3 | G12: 3 | H12: 3 | I12: 1 | J12: 3 | K12: 2 | L12: 2 | M12: 2 | N12: 2 | O12: 3 | P12: 3 | Q12: 2 | R12: 3 | S12: 2 | T12: 2 | U12: 3 | V12: 3 | W12: 2 | X12: 53
A13: Participante 9 | B13: 2 | C13: 4 | D13: 2 | E13: 3 | F13: 4 | G13: 3 | H13: 3 | I13: 3 | J13: 3 | K13: 3 | L13: 2 | M13: 2 | N13: 2 | O13: 1 | P13: 3 | Q13: 2 | R13: 4 | S13: 4 | T13: 3 | U13: 3 | V13: 2 | W13: 4 | X13: 62
A14: Participante 10 | B14: 3 | C14: 3 | D14: 4 | E14: 3 | F14: 2 | G14: 4 | H14: 3 | I14: 1 | J14: 3 | K14: 3 | L14: 2 | M14: 1 | N14: 2 | O14: 2 | P14: 2 | Q14: 2 | R14: 4 | S14: 3 | T14: 3 | U14: 4 | V14: 3 | W14: 2 | X14: 59
A15: Participante 11 | B15: 2 | C15: 3 | D15: 2 | E15: 2 | F15: 2 | G15: 2 | H15: 3 | I15: 3 | J15: 3 | K15: 2 | L15: 3 | M15: 1 | N15: 3 | O15: 2 | P15: 3 | Q15: 2 | R15: 3 | S15: 2 | T15: 4 | U15: 4 | V15: 1 | W15: 3 | X15: 55
A16: Participante 12 | B16: 2 | C16: 2 | D16: 2 | E16: 1 | F16: 2 | G16: 1 | H16: 2 | I16: 2 | J16: 2 | K16: 2 | L16: 1 | M16: 1 | N16: 1 | O16: 2 | P16: 2 | Q16: 1 | R16: 1 | S16: 1 | T16: 1 | U16: 2 | V16: 1 | W16: 1 | X16: 33
... A24: Participante 20 | B24: 2 | C24: 2 | D24: 2 | E24: 1 | F24: 1 | G24: 2 | H24: 2 | I24: 2 | J24: 2 | K24: 2 | L24: 1 | M24: 2 | N24: 2 | O24: 2 | P24: 2 | Q24: 2 | R24: 2 | S24: 2 | T24: 1 | U24: 1 | V24: 2 | W24: 1 | X24: 38
A25: TOTAL | B25: =SUM(B5:B24) -> 0 | C25: =SUM(C5:C24) -> 0 | D25: =SUM(D5:D24) -> 0 | E25: =SUM(E5:E24) -> 0 | F25: =SUM(F5:F24) -> 0 | G25: =SUM(G5:G24) -> 0 | H25: =SUM(H5:H24) -> 0 | I25: =SUM(I5:I24) -> 0 | ... X25: =SUM(X5:X24) -> 0
A26: MODA | B26: =MODE(B5:B24) -> 0 | C26: =MODE(C5:C24) -> 0 | D26: =MODE(D5:D24) -> 0 | E26: =MODE(E5:E24) -> 0 | F26: =MODE(F5:F24) -> 0 | G26: =MODE(G5:G24) -> 0 | H26: =MODE(H5:H24) -> 0 | I26: =MODE(I5:I24) -> 0 | ... X26: =MODE(X5:X24) -> 0
A27: MEDIA | B27: =(B25/20) -> 0 | C27: =(C25/20) -> 0 | D27: =(D25/20) -> 0 | E27: =(E25/20) -> 0 | F27: =(F25/20) -> 0 | G27: =(G25/20) -> 0 | H27: =(H25/20) -> 0 | I27: =(I25/20) -> 0 | ... X27: =(X25/20) -> 0
A28: MEDIANA | B28: =MEDIAN(B5:B24) -> 0 | C28: =MEDIAN(C5:C24) -> 0 | D28: =MEDIAN(D5:D24) -> 0 | E28: =MEDIAN(E5:E24) -> 0 | F28: =MEDIAN(F5:F24) -> 0 | G28: =MEDIAN(G5:G24) -> 0 | H28: =MEDIAN(H5:H24) -> 0 | I28: =MEDIAN(I5:I24) -> 0 | ... X28: =MEDIAN(X5:X24) -> 0
A29: Desv.Est | B29: =ROUND(STDEV(B5:B24),2) -> 0 | C29: =ROUND(STDEV(C5:C24),2) -> 0 | D29: =ROUND(STDEV(D5:D24),2) -> 0 | E29: =ROUND(STDEV(E5:E24),2) -> 0 | F29: =ROUND(STDEV(F5:F24),2) -> 0 | G29: =ROUND(STDEV(G5:G24),2) -> 0 | H29: =ROUND(STDEV(H5:H24),2) -> 0 | I29: =ROUND(STDEV(I5:I24),2) -> 0 | ... X29: =ROUND(STDEV(X5:X24),2) -> 0
A30: Coef. Varia. | B30: =(B29/B27) -> 0 | C30: =(C29/C27) -> 0 | D30: =(D29/D27) -> 0 | E30: =(E29/E27) -> 0 | F30: =(F29/F27) -> 0 | G30: =(G29/G27) -> 0 | H30: =(H29/H27) -> 0 | I30: =(I29/I27) -> 0 | ... X30: =(X29/X27) -> 0
A31: . | B31: =COUNTIF($B$5:$B$24,$A1020) -> 0 | C31: =COUNTIF($C$5:$C$24,$A1020) -> 0 | D31: =COUNTIF($D$5:$D$24,$A1020) -> 0 | E31: =COUNTIF($E$5:$E$24,$A1020) -> 0 | F31: =COUNTIF($F$5:$F$24,$A1020) -> 0 | G31: =COUNTIF($G$5:$G$24,$A1020) -> 0 | H31: =COUNTIF($H$5:$H$24,$A1020) -> 0 | I31: =COUNTIF($I$5:$I$24,$A1020) -> 0 | J31: =COUNTIF($J$5:$J$24,$A1020) -> 0 | K31: =COUNTIF($K$5:$K$24,$A1020) -> 0 | L31: =COUNTIF($L$5:$L$24,$A1020) -> 0 | M31: =COUNTIF($M$5:$M$24,$A1020) -> 0 | N31: =COUNTIF($N$5:$N$24,$A1020) -> 0 | O31: =COUNTIF($O$5:$O$24,$A1020) -> 0 | P31: =COUNTIF($P$5:$P$24,$A1020) -> 0 | Q31: =COUNTIF($Q$5:$Q$24,$A1020) -> 0 | R31: =COUNTIF($R$5:$R$24,$A1020) -> 0 | S31: =COUNTIF($S$5:$S$24,$A1020) -> 0 | T31: =COUNTIF($T$5:$T$24,$A1020) -> 0 | U31: =COUNTIF($U$5:$U$24,$A1020) -> 0 | V31: =COUNTIF($V$5:$V$24,$A1020) -> 0 | W31: =COUNTIF($W$5:$W$24,$A1020) -> 0
A32: . | B32: =COUNTIF($B$5:$B$24,$A1021) -> 0 | C32: =COUNTIF($C$5:$C$24,$A1021) -> 0 | D32: =COUNTIF($D$5:$D$24,$A1021) -> 0 | E32: =COUNTIF($E$5:$E$24,$A1021) -> 0 | F32: =COUNTIF($F$5:$F$24,$A1021) -> 0 | G32: =COUNTIF($G$5:$G$24,$A1021) -> 0 | H32: =COUNTIF($H$5:$H$24,$A1021) -> 0 | I32: =COUNTIF($I$5:$I$24,$A1021) -> 0 | J32: =COUNTIF($J$5:$J$24,$A1021) -> 0 | K32: =COUNTIF($K$5:$K$24,$A1021) -> 0 | L32: =COUNTIF($L$5:$L$24,$A1021) -> 0 | M32: =COUNTIF($M$5:$M$24,$A1021) -> 0 | N32: =COUNTIF($N$5:$N$24,$A1021) -> 0 | O32: =COUNTIF($O$5:$O$24,$A1021) -> 0 | P32: =COUNTIF($P$5:$P$24,$A1021) -> 0 | Q32: =COUNTIF($Q$5:$Q$24,$A1021) -> 0 | R32: =COUNTIF($R$5:$R$24,$A1021) -> 0 | S32: =COUNTIF($S$5:$S$24,$A1021) -> 0 | T32: =COUNTIF($T$5:$T$24,$A1021) -> 0 | U32: =COUNTIF($U$5:$U$24,$A1021) -> 0 | V32: =COUNTIF($V$5:$V$24,$A1021) -> 0 | W32: =COUNTIF($W$5:$W$24,$A1021) -> 0
A33: . | B33: =COUNTIF($B$5:$B$24,$A1022) -> 0 | C33: =COUNTIF($C$5:$C$24,$A1022) -> 0 | D33: =COUNTIF($D$5:$D$24,$A1022) -> 0 | E33: =COUNTIF($E$5:$E$24,$A1022) -> 0 | F33: =COUNTIF($F$5:$F$24,$A1022) -> 0 | G33: =COUNTIF($G$5:$G$24,$A1022) -> 0 | H33: =COUNTIF($H$5:$H$24,$A1022) -> 0 | I33: =COUNTIF($I$5:$I$24,$A1022) -> 0 | J33: =COUNTIF($J$5:$J$24,$A1022) -> 0 | K33: =COUNTIF($K$5:$K$24,$A1022) -> 0 | L33: =COUNTIF($L$5:$L$24,$A1022) -> 0 | M33: =COUNTIF($M$5:$M$24,$A1022) -> 0 | N33: =COUNTIF($N$5:$N$24,$A1022) -> 0 | O33: =COUNTIF($O$5:$O$24,$A1022) -> 0 | P33: =COUNTIF($P$5:$P$24,$A1022) -> 0 | Q33: =COUNTIF($Q$5:$Q$24,$A1022) -> 0 | R33: =COUNTIF($R$5:$R$24,$A1022) -> 0 | S33: =COUNTIF($S$5:$S$24,$A1022) -> 0 | T33: =COUNTIF($T$5:$T$24,$A1022) -> 0 | U33: =COUNTIF($U$5:$U$24,$A1022) -> 0 | V33: =COUNTIF($V$5:$V$24,$A1022) -> 0 | W33: =COUNTIF($W$5:$W$24,$A1022) -> 0
A34: . | B34: =COUNTIF($B$5:$B$24,$A1023) -> 0 | C34: =COUNTIF($C$5:$C$24,$A1023) -> 0 | D34: =COUNTIF($D$5:$D$24,$A1023) -> 0 | E34: =COUNTIF($E$5:$E$24,$A1023) -> 0 | F34: =COUNTIF($F$5:$F$24,$A1023) -> 0 | G34: =COUNTIF($G$5:$G$24,$A1023) -> 0 | H34: =COUNTIF($H$5:$H$24,$A1023) -> 0 | I34: =COUNTIF($I$5:$I$24,$A1023) -> 0 | J34: =COUNTIF($J$5:$J$24,$A1023) -> 0 | K34: =COUNTIF($K$5:$K$24,$A1023) -> 0 | L34: =COUNTIF($L$5:$L$24,$A1023) -> 0 | M34: =COUNTIF($M$5:$M$24,$A1023) -> 0 | N34: =COUNTIF($N$5:$N$24,$A1023) -> 0 | O34: =COUNTIF($O$5:$O$24,$A1023) -> 0 | P34: =COUNTIF($P$5:$P$24,$A1023) -> 0 | Q34: =COUNTIF($Q$5:$Q$24,$A1023) -> 0 | R34: =COUNTIF($R$5:$R$24,$A1023) -> 0 | S34: =COUNTIF($S$5:$S$24,$A1023) -> 0 | T34: =COUNTIF($T$5:$T$24,$A1023) -> 0 | U34: =COUNTIF($U$5:$U$24,$A1023) -> 0 | V34: =COUNTIF($V$5:$V$24,$A1023) -> 0 | W34: =COUNTIF($W$5:$W$24,$A1023) -> 0
A35: . | B35: =COUNTIF($B$5:$B$24,$A1024) -> 0 | C35: =COUNTIF($C$5:$C$24,$A1024) -> 0 | D35: =COUNTIF($D$5:$D$24,$A1024) -> 0 | E35: =COUNTIF($E$5:$E$24,$A1024) -> 0 | F35: =COUNTIF($F$5:$F$24,$A1024) -> 0 | G35: =COUNTIF($G$5:$G$24,$A1024) -> 0 | H35: =COUNTIF($H$5:$H$24,$A1024) -> 0 | I35: =COUNTIF($I$5:$I$24,$A1024) -> 0 | J35: =COUNTIF($J$5:$J$24,$A1024) -> 0 | K35: =COUNTIF($K$5:$K$24,$A1024) -> 0 | L35: =COUNTIF($L$5:$L$24,$A1024) -> 0 | M35: =COUNTIF($M$5:$M$24,$A1024) -> 0 | N35: =COUNTIF($N$5:$N$24,$A1024) -> 0 | O35: =COUNTIF($O$5:$O$24,$A1024) -> 0 | P35: =COUNTIF($P$5:$P$24,$A1024) -> 0 | Q35: =COUNTIF($Q$5:$Q$24,$A1024) -> 0 | R35: =COUNTIF($R$5:$R$24,$A1024) -> 0 | S35: =COUNTIF($S$5:$S$24,$A1024) -> 0 | T35: =COUNTIF($T$5:$T$24,$A1024) -> 0 | U35: =COUNTIF($U$5:$U$24,$A1024) -> 0 | V35: =COUNTIF($V$5:$V$24,$A1024) -> 0 | W35: =COUNTIF($W$5:$W$24,$A1024) -> 0
A36: Total | B36: =SUM($B31:$B35) -> 0 | C36: =SUM($C31:$C35) -> 0 | D36: =SUM($D31:$D35) -> 0 | E36: =SUM($E31:$E35) -> 0 | F36: =SUM($F31:$F35) -> 0 | G36: =SUM($G31:$G35) -> 0 | H36: =SUM($H31:$H35) -> 0 | I36: =SUM($I31:$I35) -> 0 | J36: =SUM($J31:$J35) -> 0 | K36: =SUM($K31:$K35) -> 0 | L36: =SUM($L31:$L35) -> 0 | M36: =SUM($M31:$M35) -> 0 | N36: =SUM($N31:$N35) -> 0 | O36: =SUM($O31:$O35) -> 0 | P36: =SUM($P31:$P35) -> 0 | Q36: =SUM($Q31:$Q35) -> 0 | R36: =SUM($R31:$R35) -> 0 | S36: =SUM($S31:$S35) -> 0 | T36: =SUM($T31:$T35) -> 0 | U36: =SUM($U31:$U35) -> 0 | V36: =SUM($V31:$V35) -> 0 | W36: =SUM($W31:$W35) -> 0
A37: .% | B37: =($B31/$B36) -> 0 | C37: =($C31/$C36) -> 0 | D37: =($D31/$D36) -> 0 | E37: =($E31/$E36) -> 0 | F37: =($F31/$F36) -> 0 | G37: =($G31/$G36) -> 0 | H37: =($H31/$H36) -> 0 | I37: =($I31/$I36) -> 0 | J37: =($J31/$J36) -> 0 | K37: =($K31/$K36) -> 0 | L37: =($L31/$L36) -> 0 | M37: =($M31/$M36) -> 0 | N37: =($N31/$N36) -> 0 | O37: =($O31/$O36) -> 0 | P37: =($P31/$P36) -> 0 | Q37: =($Q31/$Q36) -> 0 | R37: =($R31/$R36) -> 0 | S37: =($S31/$S36) -> 0 | T37: =($T31/$T36) -> 0 | U37: =($U31/$U36) -> 0 | V37: =($V31/$V36) -> 0 | W37: =($W31/$W36) -> 0
A38: .% | B38: =($B32/$B36) -> 0 | C38: =($C32/$C36) -> 0 | D38: =($D32/$D36) -> 0 | E38: =($E32/$E36) -> 0 | F38: =($F32/$F36) -> 0 | G38: =($G32/$G36) -> 0 | H38: =($H32/$H36) -> 0 | I38: =($I32/$I36) -> 0 | J38: =($J32/$J36) -> 0 | K38: =($K32/$K36) -> 0 | L38: =($L32/$L36) -> 0 | M38: =($M32/$M36) -> 0 | N38: =($N32/$N36) -> 0 | O38: =($O32/$O36) -> 0 | P38: =($P32/$P36) -> 0 | Q38: =($Q32/$Q36) -> 0 | R38: =($R32/$R36) -> 0 | S38: =($S32/$S36) -> 0 | T38: =($T32/$T36) -> 0 | U38: =($U32/$U36) -> 0 | V38: =($V32/$V36) -> 0 | W38: =($W32/$W36) -> 0
A39: .% | B39: =($B33/$B36) -> 0 | C39: =($C33/$C36) -> 0 | D39: =($D33/$D36) -> 0 | E39: =($E33/$E36) -> 0 | F39: =($F33/$F36) -> 0 | G39: =($G33/$G36) -> 0 | H39: =($H33/$H36) -> 0 | I39: =($I33/$I36) -> 0 | J39: =($J33/$J36) -> 0 | K39: =($K33/$K36) -> 0 | L39: =($L33/$L36) -> 0 | M39: =($M33/$M36) -> 0 | N39: =($N33/$N36) -> 0 | O39: =($O33/$O36) -> 0 | P39: =($P33/$P36) -> 0 | Q39: =($Q33/$Q36) -> 0 | R39: =($R33/$R36) -> 0 | S39: =($S33/$S36) -> 0 | T39: =($T33/$T36) -> 0 | U39: =($U33/$U36) -> 0 | V39: =($V33/$V36) -> 0 | W39: =($W33/$W36) -> 0
A40: .% | B40: =($B34/$B36) -> 0 | C40: =($C34/$C36) -> 0 | D40: =($D34/$D36) -> 0 | E40: =($E34/$E36) -> 0 | F40: =($F34/$F36) -> 0 | G40: =($G34/$G36) -> 0 | H40: =($H34/$H36) -> 0 | I40: =($I34/$I36) -> 0 | J40: =($J34/$J36) -> 0 | K40: =($K34/$K36) -> 0 | L40: =($L34/$L36) -> 0 | M40: =($M34/$M36) -> 0 | N40: =($N34/$N36) -> 0 | O40: =($O34/$O36) -> 0 | P40: =($P34/$P36) -> 0 | Q40: =($Q34/$Q36) -> 0 | R40: =($R34/$R36) -> 0 | S40: =($S34/$S36) -> 0 | T40: =($T34/$T36) -> 0 | U40: =($U34/$U36) -> 0 | V40: =($V34/$V36) -> 0 | W40: =($W34/$W36) -> 0
A41: .% | B41: =($B35/$B36) -> 0 | C41: =($C35/$C36) -> 0 | D41: =($D35/$D36) -> 0 | E41: =($E35/$E36) -> 0 | F41: =($F35/$F36) -> 0 | G41: =($G35/$G36) -> 0 | H41: =($H35/$H36) -> 0 | I41: =($I35/$I36) -> 0 | J41: =($J35/$J36) -> 0 | K41: =($K35/$K36) -> 0 | L41: =($L35/$L36) -> 0 | M41: =($M35/$M36) -> 0 | N41: =($N35/$N36) -> 0 | O41: =($O35/$O36) -> 0 | P41: =($P35/$P36) -> 0 | Q41: =($Q35/$Q36) -> 0 | R41: =($R35/$R36) -> 0 | S41: =($S35/$S36) -> 0 | T41: =($T35/$T36) -> 0 | U41: =($U35/$U36) -> 0 | V41: =($V35/$V36) -> 0 | W41: =($W35/$W36) -> 0
A42: Total % | B42: =SUM($B37:$B41) -> 0 | C42: =SUM($C37:$C41) -> 0 | D42: =SUM($D37:$D41) -> 0 | E42: =SUM($E37:$E41) -> 0 | F42: =SUM($F37:$F41) -> 0 | G42: =SUM($G37:$G41) -> 0 | H42: =SUM($H37:$H41) -> 0 | I42: =SUM($I37:$I41) -> 0 | J42: =SUM($J37:$J41) -> 0 | K42: =SUM($K37:$K41) -> 0 | L42: =SUM($L37:$L41) -> 0 | M42: =SUM($M37:$M41) -> 0 | N42: =SUM($N37:$N41) -> 0 | O42: =SUM($O37:$O41) -> 0 | P42: =SUM($P37:$P41) -> 0 | Q42: =SUM($Q37:$Q41) -> 0 | R42: =SUM($R37:$R41) -> 0 | S42: =SUM($S37:$S41) -> 0 | T42: =SUM($T37:$T41) -> 0 | U42: =SUM($U37:$U41) -> 0 | V42: =SUM($V37:$V41) -> 0 | W42: =SUM($W37:$W41) -> 0
A1020: 1
A1021: 2
A1022: 3
A1023: 4
A1024: 5
B1025: =SUM($B1020:$B1024) -> 0 | C1025: =SUM($C1020:$C1024) -> 0 | D1025: =SUM($D1020:$D1024) -> 0 | E1025: =SUM($E1020:$E1024) -> 0 | F1025: =SUM($F1020:$F1024) -> 0 | G1025: =SUM($G1020:$G1024) -> 0 | H1025: =SUM($H1020:$H1024) -> 0 | I1025: =SUM($I1020:$I1024) -> 0 | J1025: =SUM($J1020:$J1024) -> 0 | K1025: =SUM($K1020:$K1024) -> 0 | L1025: =SUM($L1020:$L1024) -> 0 | M1025: =SUM($M1020:$M1024) -> 0 | N1025: =SUM($N1020:$N1024) -> 0 | O1025: =SUM($O1020:$O1024) -> 0 | P1025: =SUM($P1020:$P1024) -> 0 | Q1025: =SUM($Q1020:$Q1024) -> 0 | R1025: =SUM($R1020:$R1024) -> 0 | S1025: =SUM($S1020:$S1024) -> 0 | T1025: =SUM($T1020:$T1024) -> 0 | U1025: =SUM($U1020:$U1024) -> 0 | V1025: =SUM($V1020:$V1024) -> 0 | W1025: =SUM($W1020:$W1024) -> 0
B1031: =SUM($B1026:$B1030) -> 0 | C1031: =SUM($C1026:$C1030) -> 0 | D1031: =SUM($D1026:$D1030) -> 0 | E1031: =SUM($E1026:$E1030) -> 0 | F1031: =SUM($F1026:$F1030) -> 0 | G1031: =SUM($G1026:$G1030) -> 0 | H1031: =SUM($H1026:$H1030) -> 0 | I1031: =SUM($I1026:$I1030) -> 0 | J1031: =SUM($J1026:$J1030) -> 0 | K1031: =SUM($K1026:$K1030) -> 0 | L1031: =SUM($L1026:$L1030) -> 0 | M1031: =SUM($M1026:$M1030) -> 0 | N1031: =SUM($N1026:$N1030) -> 0 | O1031: =SUM($O1026:$O1030) -> 0 | P1031: =SUM($P1026:$P1030) -> 0 | Q1031: =SUM($Q1026:$Q1030) -> 0 | R1031: =SUM($R1026:$R1030) -> 0 | S1031: =SUM($S1026:$S1030) -> 0 | T1031: =SUM($T1026:$T1030) -> 0 | U1031: =SUM($U1026:$U1030) -> 0 | V1031: =SUM($V1026:$V1030) -> 0 | W1031: =SUM($W1026:$W1030) -> 0

Sheet Por Valoracion (3) Dimension
A1: Dimension 1
A2: Nº de Personas | B2: . | D2: .
B3: Suma Total | C3: Valoración | D3: Suma Total | E3: Valoración
A4: Participante 1 | B4: =SUM('.'!B5:W5) -> 0 | C4: =IF(B4<=$M$19,".",IF(B4<=$M$20,".",IF(B4<=$M$21,".",0))) -> 0 | D4: =SUM(B4:B4) -> 0 | E4: =IF(D4<=$Y$19,".",IF(D4<=$Y$20,".",IF(D4<=$Y$21,".",0))) -> 0 | I4: Variable | J4: . | U4: Variable | V4: .
A5: Participante 2 | B5: =SUM('.'!B6:W6) -> 0 | C5: =IF(B5<=$M$19,".",IF(B5<=$M$20,".",IF(B5<=$M$21,".",0))) -> 0 | D5: =SUM(B5:B5) -> 0 | E5: =IF(D5<=$Y$19,".",IF(D5<=$Y$20,".",IF(D5<=$Y$21,".",0))) -> 0 | I5: Nombre de la Dimensión | J5: =B2 -> 0
A6: Participante 3 | B6: =SUM('.'!B7:W7) -> 0 | C6: =IF(B6<=$M$19,".",IF(B6<=$M$20,".",IF(B6<=$M$21,".",0))) -> 0 | D6: =SUM(B6:B6) -> 0 | E6: =IF(D6<=$Y$19,".",IF(D6<=$Y$20,".",IF(D6<=$Y$21,".",0))) -> 0 | I6: Cantidad de Escalas Valorativas | J6: 3 | U6: Cantidad de Escalas Valorativas | V6: 3
A7: Participante 4 | B7: =SUM('.'!B8:W8) -> 0 | C7: =IF(B7<=$M$19,".",IF(B7<=$M$20,".",IF(B7<=$M$21,".",0))) -> 0 | D7: =SUM(B7:B7) -> 0 | E7: =IF(D7<=$Y$19,".",IF(D7<=$Y$20,".",IF(D7<=$Y$21,".",0))) -> 0 | I7: Nº de Peguntas | J7: 22 | U7: Nº de Peguntas | V7: 22
A8: Participante 5 | B8: =SUM('.'!B9:W9) -> 0 | C8: =IF(B8<=$M$19,".",IF(B8<=$M$20,".",IF(B8<=$M$21,".",0))) -> 0 | D8: =SUM(B8:B8) -> 0 | E8: =IF(D8<=$Y$19,".",IF(D8<=$Y$20,".",IF(D8<=$Y$21,".",0))) -> 0 | I8: Valor Mínimo por item | J8: 1 | U8: Valor Mínimo por item | V8: 1
A9: Participante 6 | B9: =SUM('.'!B10:W10) -> 0 | C9: =IF(B9<=$M$19,".",IF(B9<=$M$20,".",IF(B9<=$M$21,".",0))) -> 0 | D9: =SUM(B9:B9) -> 0 | E9: =IF(D9<=$Y$19,".",IF(D9<=$Y$20,".",IF(D9<=$Y$21,".",0))) -> 0 | I9: Valor Máximo por item | J9: 5 | U9: Valor Máximo por item | V9: 5
A10: Participante 7 | B10: =SUM('.'!B11:W11) -> 0 | C10: =IF(B10<=$M$19,".",IF(B10<=$M$20,".",IF(B10<=$M$21,".",0))) -> 0 | D10: =SUM(B10:B10) -> 0 | E10: =IF(D10<=$Y$19,".",IF(D10<=$Y$20,".",IF(D10<=$Y$21,".",0))) -> 0 | I10: Máximo | J10: =J7*J9 -> 0 | U10: Máximo | V10: =V7*V9 -> 0
A11: Participante 8 | B11: =SUM('.'!B12:W12) -> 0 | C11: =IF(B11<=$M$19,".",IF(B11<=$M$20,".",IF(B11<=$M$21,".",0))) -> 0 | D11: =SUM(B11:B11) -> 0 | E11: =IF(D11<=$Y$19,".",IF(D11<=$Y$20,".",IF(D11<=$Y$21,".",0))) -> 0 | I11: Mínimo | J11: =J8*J7 -> 0 | U11: Mínimo | V11: =V8*V7 -> 0
A12: Participante 9 | B12: =SUM('.'!B13:W13) -> 0 | C12: =IF(B12<=$M$19,".",IF(B12<=$M$20,".",IF(B12<=$M$21,".",0))) -> 0 | D12: =SUM(B12:B12) -> 0 | E12: =IF(D12<=$Y$19,".",IF(D12<=$Y$20,".",IF(D12<=$Y$21,".",0))) -> 0 | I12: Rango | J12: =J10-J11 -> 0 | U12: Rango | V12: =V10-V11 -> 0
A13: Participante 10 | B13: =SUM('.'!B14:W14) -> 0 | C13: =IF(B13<=$M$19,".",IF(B13<=$M$20,".",IF(B13<=$M$21,".",0))) -> 0 | D13: =SUM(B13:B13) -> 0 | E13: =IF(D13<=$Y$19,".",IF(D13<=$Y$20,".",IF(D13<=$Y$21,".",0))) -> 0 | I13: Amplitud del Intervalo | J13: =ROUND(J12/J6,0) -> 0 | U13: Amplitud del Intervalo | V13: =ROUND(V12/V6,0) -> 0
A14: Participante 11 | B14: =SUM('.'!B15:W15) -> 0 | C14: =IF(B14<=$M$19,".",IF(B14<=$M$20,".",IF(B14<=$M$21,".",0))) -> 0 | D14: =SUM(B14:B14) -> 0 | E14: =IF(D14<=$Y$19,".",IF(D14<=$Y$20,".",IF(D14<=$Y$21,".",0))) -> 0
A15: Participante 12 | B15: =SUM('.'!B16:W16) -> 0 | C15: =IF(B15<=$M$19,".",IF(B15<=$M$20,".",IF(B15<=$M$21,".",0))) -> 0 | D15: =SUM(B15:B15) -> 0 | E15: =IF(D15<=$Y$19,".",IF(D15<=$Y$20,".",IF(D15<=$Y$21,".",0))) -> 0 | K15: Tabla 1 | W15: Tabla 2
A16: Participante 13 | B16: =SUM('.'!B17:W17) -> 0 | C16: =IF(B16<=$M$19,".",IF(B16<=$M$20,".",IF(B16<=$M$21,".",0))) -> 0 | D16: =SUM(B16:B16) -> 0 | E16: =IF(D16<=$Y$19,".",IF(D16<=$Y$20,".",IF(D16<=$Y$21,".",0))) -> 0 | K16: =J5 -> 0 | W16: =V4 -> 0
A17: Participante 14 | B17: =SUM('.'!B18:W18) -> 0 | C17: =IF(B17<=$M$19,".",IF(B17<=$M$20,".",IF(B17<=$M$21,".",0))) -> 0 | D17: =SUM(B17:B17) -> 0 | E17: =IF(D17<=$Y$19,".",IF(D17<=$Y$20,".",IF(D17<=$Y$21,".",0))) -> 0 | K17: Calificación | L17: Rango | N17: Frec. | O17: % | W17: Calificación | X17: Rango | Z17: Frec. | AA17: %
A18: Participante 15 | B18: =SUM('.'!B19:W19) -> 0 | C18: =IF(B18<=$M$19,".",IF(B18<=$M$20,".",IF(B18<=$M$21,".",0))) -> 0 | D18: =SUM(B18:B18) -> 0 | E18: =IF(D18<=$Y$19,".",IF(D18<=$Y$20,".",IF(D18<=$Y$21,".",0))) -> 0 | L18: Desde | M18: Hasta | X18: Desde | Y18: Hasta
A19: Participante 16 | B19: =SUM('.'!B20:W20) -> 0 | C19: =IF(B19<=$M$19,".",IF(B19<=$M$20,".",IF(B19<=$M$21,".",0))) -> 0 | D19: =SUM(B19:B19) -> 0 | E19: =IF(D19<=$Y$19,".",IF(D19<=$Y$20,".",IF(D19<=$Y$21,".",0))) -> 0 | K19: . | L19: =J11 -> 0 | M19: =L19+J13 -> 0 | N19: =COUNTIF($C$4:$C$23,$K19) -> 0 | O19: =N19/N22 -> 0 | W19: . | X19: =V11 -> 0 | Y19: =X19+V13 - 1 -> 0 | Z19: =COUNTIF($E$4:$E$23,$W19) -> 0 | AA19: =Z19/Z22 -> 0
A20: Participante 17 | B20: =SUM('.'!B21:W21) -> 0 | C20: =IF(B20<=$M$19,".",IF(B20<=$M$20,".",IF(B20<=$M$21,".",0))) -> 0 | D20: =SUM(B20:B20) -> 0 | E20: =IF(D20<=$Y$19,".",IF(D20<=$Y$20,".",IF(D20<=$Y$21,".",0))) -> 0 | K20: . | L20: =M19+ 1 -> 0 | M20: =L20+J13 -> 0 | N20: =COUNTIF($C$4:$C$23,$K20) -> 0 | O20: =N20/N22 -> 0 | W20: . | X20: =Y19+ 1 -> 0 | Y20: =X20+V13 - 1 -> 0 | Z20: =COUNTIF($E$4:$E$23,$W20) -> 0 | AA20: =Z20/Z22 -> 0
A21: Participante 18 | B21: =SUM('.'!B22:W22) -> 0 | C21: =IF(B21<=$M$19,".",IF(B21<=$M$20,".",IF(B21<=$M$21,".",0))) -> 0 | D21: =SUM(B21:B21) -> 0 | E21: =IF(D21<=$Y$19,".",IF(D21<=$Y$20,".",IF(D21<=$Y$21,".",0))) -> 0 | K21: . | L21: =M20+ 1 -> 0 | M21: =J10 -> 0 | N21: =COUNTIF($C$4:$C$23,$K21) -> 0 | O21: =N21/N22 -> 0 | W21: . | X21: =Y20+ 1 -> 0 | Y21: =V10 -> 0 | Z21: =COUNTIF($E$4:$E$23,$W21) -> 0 | AA21: =Z21/Z22 -> 0
A22: Participante 19 | B22: =SUM('.'!B23:W23) -> 0 | C22: =IF(B22<=$M$19,".",IF(B22<=$M$20,".",IF(B22<=$M$21,".",0))) -> 0 | D22: =SUM(B22:B22) -> 0 | E22: =IF(D22<=$Y$19,".",IF(D22<=$Y$20,".",IF(D22<=$Y$21,".",0))) -> 0 | K22: Total | N22: =SUM(N19:N21) -> 0 | O22: =SUM(O19:O21) -> 0 | W22: Total | Z22: =SUM(Z19:Z21) -> 0 | AA22: =SUM(AA19:AA21) -> 0
A23: Participante 20 | B23: =SUM('.'!B24:W24) -> 0 | C23: =IF(B23<=$M$19,".",IF(B23<=$M$20,".",IF(B23<=$M$21,".",0))) -> 0 | D23: =SUM(B23:B23) -> 0 | E23: =IF(D23<=$Y$19,".",IF(D23<=$Y$20,".",IF(D23<=$Y$21,".",0))) -> 0 | K23: Fuente: Encuesta aplicada | W23: Fuente: Encuesta aplicada
K24: Elaboración: Propia | W24: Elaboración: Propia
K43: Figura.1 | W43: Figura.2
K44: . | W44: .
I47: =CONCATENATE("en la ",K15," y ",K43," se puede observar que la variable ",H901," en base a su dimensión ",H902," tiene una calificación de ",I904," por el ",ROUND(H904*100,0),"% ","de los resultados, ","los cuales fueron extraídos de las encuestas ejecutadas a los ",J902,", estos resultados son afectados debido a que, ",Q1016," ",I1016,",","asi mismo ",Q1017," ",I1017,", aunque ",Q1018," ",I1018,", aunque ",Q1019," ",I1019,", además ",Q1020," ",I1020,", de modo que ",Q1021," ",I1021,", aunque ",Q1022," ",I1022,", sin embargo ",Q1023," ",I1023,", aunque ",Q1024," ",I1024,", así ",Q1025," ",I1025,", además ",Q1026," ",I1026,", aunque ",Q1027," ",I1027,", sin embargo ",Q1028," ",I1028,", en cambio ",Q1029," ",I1029,", también ",Q1030," ",I1030,", mismo ",Q1031," ",I1031,", de modo que ",Q1032," ",I1032,", también ",Q1033," ",I1033,", aunque ",Q1034," ",I1034,", con motivo ",Q1035," ",I1035,", no obstante ",Q1036," ",I1036, ", ","y ",I1037," ",Q1037,", ","por todo ello la dimensión ",H902," es ",I904,".") -> 0 | U47: =CONCATENATE("En la ",W15," y ",W43," se puede evidenciar que la variable ",T901," es calificado como ",U904," por el ",ROUND(T904*100,0),"% de los resultados, mismos que son originados porque; ",AG1016," ",AG1017," ",AG1018,AG1019,AG1020,AG1021,AG1022,AG1023,AG1024,AG1025,AG1026," se concluye que la variable ",T901,"tiene un valor de ",U904,".") -> 0
G901: Variable | H901: =(J4) -> 0 | J901: Unidades de Medida | S901: Variable | T901: =(V4) -> 0 | V901: Unidades de Medida
G902: Dimensión | H902: =(J5) -> 0 | J902: Participantes | S902: Dimensión | T902: =(V5) -> 0 | V902: Participantes
G904: Valoración de la variable | H904: =MAX(O19:O21) -> 0 | I904: =IF(H2104=O19,K19,IF(H2104=O20,K20,IF(H2104=O21,K21,"algo esta mal"))) -> 0 | S904: Valoración de la variable | T904: =MAX(AA19:AA21) -> 0 | U904: =IF(T2104=AA19,W19,IF(T2104=AA20,W20,IF(T2104=AA21,W21,"algo esta mal"))) -> 0
I905: Preguntas Originales | J905: Enunciados Para Palafraseo | K905: . | L905: . | M905: . | N905: . | O905: .
I906: . | J906: . | K906: =('.'!B37) -> 0 | L906: =('.'!B38) -> 0 | M906: =('.'!B39) -> 0 | N906: =('.'!B40) -> 0 | O906: =('.'!B41) -> 0
I907: . | J907: . | K907: =('.'!C37) -> 0 | L907: =('.'!C38) -> 0 | M907: =('.'!C39) -> 0 | N907: =('.'!C40) -> 0 | O907: =('.'!C41) -> 0
K908: =('.'!D37) -> 0 | L908: =('.'!D38) -> 0 | M908: =('.'!D39) -> 0 | N908: =('.'!D40) -> 0 | O908: =('.'!D41) -> 0
K909: =('.'!E37) -> 0 | L909: =('.'!E38) -> 0 | M909: =('.'!E39) -> 0 | N909: =('.'!E40) -> 0 | O909: =('.'!E41) -> 0
K910: =('.'!F37) -> 0 | L910: =('.'!F38) -> 0 | M910: =('.'!F39) -> 0 | N910: =('.'!F40) -> 0 | O910: =('.'!F41) -> 0
K911: =('.'!G37) -> 0 | L911: =('.'!G38) -> 0 | M911: =('.'!G39) -> 0 | N911: =('.'!G40) -> 0 | O911: =('.'!G41) -> 0
K912: =('.'!H37) -> 0 | L912: =('.'!H38) -> 0 | M912: =('.'!H39) -> 0 | N912: =('.'!H40) -> 0 | O912: =('.'!H41) -> 0
K913: =('.'!I37) -> 0 | L913: =('.'!I38) -> 0 | M913: =('.'!I39) -> 0 | N913: =('.'!I40) -> 0 | O913: =('.'!I41) -> 0
K914: =('.'!J37) -> 0 | L914: =('.'!J38) -> 0 | M914: =('.'!J39) -> 0 | N914: =('.'!J40) -> 0 | O914: =('.'!J41) -> 0
K915: =('.'!K37) -> 0 | L915: =('.'!K38) -> 0 | M915: =('.'!K39) -> 0 | N915: =('.'!K40) -> 0 | O915: =('.'!K41) -> 0
K916: =('.'!L37) -> 0 | L916: =('.'!L38) -> 0 | M916: =('.'!L39) -> 0 | N916: =('.'!L40) -> 0 | O916: =('.'!L41) -> 0
K917: =('.'!M37) -> 0 | L917: =('.'!M38) -> 0 | M917: =('.'!M39) -> 0 | N917: =('.'!M40) -> 0 | O917: =('.'!M41) -> 0
K918: =('.'!N37) -> 0 | L918: =('.'!N38) -> 0 | M918: =('.'!N39) -> 0 | N918: =('.'!N40) -> 0 | O918: =('.'!N41) -> 0
K919: =('.'!O37) -> 0 | L919: =('.'!O38) -> 0 | M919: =('.'!O39) -> 0 | N919: =('.'!O40) -> 0 | O919: =('.'!O41) -> 0
K920: =('.'!P37) -> 0 | L920: =('.'!P38) -> 0 | M920: =('.'!P39) -> 0 | N920: =('.'!P40) -> 0 | O920: =('.'!P41) -> 0
K921: =('.'!Q37) -> 0 | L921: =('.'!Q38) -> 0 | M921: =('.'!Q39) -> 0 | N921: =('.'!Q40) -> 0 | O921: =('.'!Q41) -> 0
K922: =('.'!R37) -> 0 | L922: =('.'!R38) -> 0 | M922: =('.'!R39) -> 0 | N922: =('.'!R40) -> 0 | O922: =('.'!R41) -> 0
K923: =('.'!S37) -> 0 | L923: =('.'!S38) -> 0 | M923: =('.'!S39) -> 0 | N923: =('.'!S40) -> 0 | O923: =('.'!S41) -> 0
K924: =('.'!T37) -> 0 | L924: =('.'!T38) -> 0 | M924: =('.'!T39) -> 0 | N924: =('.'!T40) -> 0 | O924: =('.'!T41) -> 0
K925: =('.'!U37) -> 0 | L925: =('.'!U38) -> 0 | M925: =('.'!U39) -> 0 | N925: =('.'!U40) -> 0 | O925: =('.'!U41) -> 0
K926: =('.'!V37) -> 0 | L926: =('.'!V38) -> 0 | M926: =('.'!V39) -> 0 | N926: =('.'!V40) -> 0 | O926: =('.'!V41) -> 0
K927: =('.'!W37) -> 0 | L927: =('.'!W38) -> 0 | M927: =('.'!W39) -> 0 | N927: =('.'!W40) -> 0 | O927: =('.'!W41) -> 0
I1015: Enunciados Para Palafraseo | J1015: =CONCATENATE(K905," y ",L905) -> 0 | K1015: =(M905) -> 0 | L1015: =CONCATENATE(N905," y ",O905) -> 0 | M1015: MÁXIMO | N1015: Valores | O1015: codificación de verbos aleatorios para concatenar | P1015: verbo | Q1015: Concatenación | U1015: dimensión | V1015: . | W1015: . | X1015: . | Y1015: MÁXIMO | Z1015: Valor | AA1015: codificación de verbos | AB1015: Verbo | AC1015: codificación de conectores | AD1015: Conectores | AE1015: codificación de unidades de medida | AF1015: Unidades de medida | AG1015: Concatenación
I1016: =(J906) -> 0 | J1016: =SUM(K906:L906) -> 0 | K1016: =(M906) -> 0 | L1016: =SUM(N906:O906) -> 0 | M1016: =MAX(J1016:L1016) -> 0 | N1016: =IF(M1016=J1016,$J$1015,IF(M1016=K1016,$K$1015,IF(M1016=L1016,$L$1015,"ALGO ESTA MAL"))) -> 0 | O1016: =RANDBETWEEN(1,10) -> 0 | P1016: =IF(O1016=$P$1100,$Q$1100,IF(O1016=$P$1101,$Q$1101,IF(O1016=$P$1102,$Q$1102,IF(O1016=$P$1103,$Q$1103,IF(O1016=$P$1104,$Q$1104,IF(O1016=$P$1105,$Q$1105,IF(O1016=$P$1106,$Q$1106,IF(O1016=$P$1107,$Q$1107,IF(O1016=$P$1108,$Q$1108,IF(O1016=$P$1109,$Q$1109,"algo esta mal")))))))))) -> 0 | Q1016: =CONCATENATE("el ",ROUND(M1016*100,0),"% ",P1016," como ",N1016 ) -> 0 | U1016: =(K16) -> 0 | V1016: =(O19) -> 0 | W1016: =(O20) -> 0 | X1016: =(O21) -> 0 | Y1016: =MAX(V1016:X1016) -> 0 | Z1016: =IF(Y1016=V1016,$V$1015,IF(Y1016=W1016,$W$1015,IF(Y1016=X1016,$X$1015,"algo esta mal"))) -> 0 | AA1016: =RANDBETWEEN(1,10) -> 0 | AB1016: =IF(AA1016=$AB$1100,$AC$1100,IF(AA1016=$AB$1101,$AC$1101,IF(AA1016=$AB$1102,$AC$1102,IF(AA1016=$AB$1103,$AC$1103,IF(AA1016=$AB$1104,$AC$1104,IF(AA1016=$AB$1105,$AC$1105,IF(AA1016=$AB$1106,$AC$1106,IF(AA1016=$AB$1107,$AC$1107,IF(AA1016=$AB$1108,$AC$1108,IF(AA1016=$AB$1109,$AC$1109,"algo esta mal")))))))))) -> 0 | AC1016: =RANDBETWEEN(1,7) -> 0 | AD1016: =IF(AC1016=$AB$1110,$AC$1110,IF(AC1016=$AB$1111,$AC$1111,IF(AC1016=$AB$1112,$AC$1112,IF(AC1016=$AB$1113,$AC$1113,IF(AC1016=$AB$1114,$AC$1114,IF(AC1016=$AB$1115,$AC$1115,IF(AC1016=$AB$1116,$AC$1116,IF(AC1016=$AB$1047,$AC$1047,IF(AC1016=$AB$1048,$AC$1048,IF(AC1016=$AB$1049,$AC$1049,"algo esta mal")))))))))) -> 0 | AE1016: =RANDBETWEEN(1,2) -> 0 | AF1016: =IF(AE1016=$AB$1120,$AC$1120,IF(AE1016=$AB$1121,$AC$1121,"algo esta mal")) -> 0 | AG1016: =CONCATENATE("el ",ROUND(Y1016*100,0),"% de los ",AF1016," ",AB1016," a la dimensión ",U1016," como ",Z1016,", ",AD1016) -> 0
I1017: =(J907) -> 0 | J1017: =SUM(K907:L907) -> 0 | K1017: =(M907) -> 0 | L1017: =SUM(N907:O907) -> 0 | M1017: =MAX(J1017:L1017) -> 0 | N1017: =IF(M1017=J1017,$J$1015,IF(M1017=K1017,$K$1015,IF(M1017=L1017,$L$1015,"ALGO ESTA MAL"))) -> 0 | O1017: =RANDBETWEEN(1,10) -> 0 | P1017: =IF(O1017=$P$1100,$Q$1100,IF(O1017=$P$1101,$Q$1101,IF(O1017=$P$1102,$Q$1102,IF(O1017=$P$1103,$Q$1103,IF(O1017=$P$1104,$Q$1104,IF(O1017=$P$1105,$Q$1105,IF(O1017=$P$1106,$Q$1106,IF(O1017=$P$1107,$Q$1107,IF(O1017=$P$1108,$Q$1108,IF(O1017=$P$1109,$Q$1109,"algo esta mal")))))))))) -> 0 | Q1017: =CONCATENATE("el ",ROUND(M1017*100,0),"% de los ",P1017," como ",N1017) -> 0
I1018: =(J908) -> 0 | J1018: =SUM(K908:L908) -> 0 | K1018: =(M908) -> 0 | L1018: =SUM(N908:O908) -> 0 | M1018: =MAX(J1018:L1018) -> 0 | N1018: =IF(M1018=J1018,$J$1015,IF(M1018=K1018,$K$1015,IF(M1018=L1018,$L$1015,"ALGO ESTA MAL"))) -> 0 | O1018: =RANDBETWEEN(1,10) -> 0 | P1018: =IF(O1018=$P$1100,$Q$1100,IF(O1018=$P$1101,$Q$1101,IF(O1018=$P$1102,$Q$1102,IF(O1018=$P$1103,$Q$1103,IF(O1018=$P$1104,$Q$1104,IF(O1018=$P$1105,$Q$1105,IF(O1018=$P$1106,$Q$1106,IF(O1018=$P$1107,$Q$1107,IF(O1018=$P$1108,$Q$1108,IF(O1018=$P$1109,$Q$1109,"algo esta mal")))))))))) -> 0 | Q1018: =CONCATENATE("el ",ROUND(M1018*100,0),"% ",P1018," como ",N1018 ) -> 0
I1019: =(J909) -> 0 | J1019: =SUM(K909:L909) -> 0 | K1019: =(M909) -> 0 | L1019: =SUM(N909:O909) -> 0 | M1019: =MAX(J1019:L1019) -> 0 | N1019: =IF(M1019=J1019,$J$1015,IF(M1019=K1019,$K$1015,IF(M1019=L1019,$L$1015,"ALGO ESTA MAL"))) -> 0 | O1019: =RANDBETWEEN(1,10) -> 0 | P1019: =IF(O1019=$P$1100,$Q$1100,IF(O1019=$P$1101,$Q$1101,IF(O1019=$P$1102,$Q$1102,IF(O1019=$P$1103,$Q$1103,IF(O1019=$P$1104,$Q$1104,IF(O1019=$P$1105,$Q$1105,IF(O1019=$P$1106,$Q$1106,IF(O1019=$P$1107,$Q$1107,IF(O1019=$P$1108,$Q$1108,IF(O1019=$P$1109,$Q$1109,"algo esta mal")))))))))) -> 0 | Q1019: =CONCATENATE("el ",ROUND(M1019*100,0),"% de los ",P1019," como ",N1019) -> 0
I1020: =(J910) -> 0 | J1020: =SUM(K910:L910) -> 0 | K1020: =(M910) -> 0 | L1020: =SUM(N910:O910) -> 0 | M1020: =MAX(J1020:L1020) -> 0 | N1020: =IF(M1020=J1020,$J$1015,IF(M1020=K1020,$K$1015,IF(M1020=L1020,$L$1015,"ALGO ESTA MAL"))) -> 0 | O1020: =RANDBETWEEN(1,10) -> 0 | P1020: =IF(O1020=$P$1100,$Q$1100,IF(O1020=$P$1101,$Q$1101,IF(O1020=$P$1102,$Q$1102,IF(O1020=$P$1103,$Q$1103,IF(O1020=$P$1104,$Q$1104,IF(O1020=$P$1105,$Q$1105,IF(O1020=$P$1106,$Q$1106,IF(O1020=$P$1107,$Q$1107,IF(O1020=$P$1108,$Q$1108,IF(O1020=$P$1109,$Q$1109,"algo esta mal")))))))))) -> 0 | Q1020: =CONCATENATE("el ",ROUND(M1020*100,0),"% ",P1020," como ",N1020) -> 0
I1021: =(J911) -> 0 | J1021: =SUM(K911:L911) -> 0 | K1021: =(M911) -> 0 | L1021: =SUM(N911:O911) -> 0 | M1021: =MAX(J1021:L1021) -> 0 | N1021: =IF(M1021=J1021,$J$1015,IF(M1021=K1021,$K$1015,IF(M1021=L1021,$L$1015,"ALGO ESTA MAL"))) -> 0 | O1021: =RANDBETWEEN(1,10) -> 0 | P1021: =IF(O1021=$P$1100,$Q$1100,IF(O1021=$P$1101,$Q$1101,IF(O1021=$P$1102,$Q$1102,IF(O1021=$P$1103,$Q$1103,IF(O1021=$P$1104,$Q$1104,IF(O1021=$P$1105,$Q$1105,IF(O1021=$P$1106,$Q$1106,IF(O1021=$P$1107,$Q$1107,IF(O1021=$P$1108,$Q$1108,IF(O1021=$P$1109,$Q$1109,"algo esta mal")))))))))) -> 0 | Q1021: =CONCATENATE("el ",ROUND(M1021*100,0),"% ",P1021," como ",N1021) -> 0
I1022: =(J912) -> 0 | J1022: =SUM(K912:L912) -> 0 | K1022: =(M912) -> 0 | L1022: =SUM(N912:O912) -> 0 | M1022: =MAX(J1022:L1022) -> 0 | N1022: =IF(M1022=J1022,$J$1015,IF(M1022=K1022,$K$1015,IF(M1022=L1022,$L$1015,"ALGO ESTA MAL"))) -> 0 | O1022: =RANDBETWEEN(1,10) -> 0 | P1022: =IF(O1022=$P$1100,$Q$1100,IF(O1022=$P$1101,$Q$1101,IF(O1022=$P$1102,$Q$1102,IF(O1022=$P$1103,$Q$1103,IF(O1022=$P$1104,$Q$1104,IF(O1022=$P$1105,$Q$1105,IF(O1022=$P$1106,$Q$1106,IF(O1022=$P$1107,$Q$1107,IF(O1022=$P$1108,$Q$1108,IF(O1022=$P$1109,$Q$1109,"algo esta mal")))))))))) -> 0 | Q1022: =CONCATENATE("el ",ROUND(M1022*100,0),"% de los ",P1022," como ",N1022) -> 0
I1023: =(J913) -> 0 | J1023: =SUM(K913:L913) -> 0 | K1023: =(M913) -> 0 | L1023: =SUM(N913:O913) -> 0 | M1023: =MAX(J1023:L1023) -> 0 | N1023: =IF(M1023=J1023,$J$1015,IF(M1023=K1023,$K$1015,IF(M1023=L1023,$L$1015,"ALGO ESTA MAL"))) -> 0 | O1023: =RANDBETWEEN(1,10) -> 0 | P1023: =IF(O1023=$P$1100,$Q$1100,IF(O1023=$P$1101,$Q$1101,IF(O1023=$P$1102,$Q$1102,IF(O1023=$P$1103,$Q$1103,IF(O1023=$P$1104,$Q$1104,IF(O1023=$P$1105,$Q$1105,IF(O1023=$P$1106,$Q$1106,IF(O1023=$P$1107,$Q$1107,IF(O1023=$P$1108,$Q$1108,IF(O1023=$P$1109,$Q$1109,"algo esta mal")))))))))) -> 0 | Q1023: =CONCATENATE("el ",ROUND(M1023*100,0),"% ",P1023," como ",N1023) -> 0
I1024: =(J914) -> 0 | J1024: =SUM(K914:L914) -> 0 | K1024: =(M914) -> 0 | L1024: =SUM(N914:O914) -> 0 | M1024: =MAX(J1024:L1024) -> 0 | N1024: =IF(M1024=J1024,$J$1015,IF(M1024=K1024,$K$1015,IF(M1024=L1024,$L$1015,"ALGO ESTA MAL"))) -> 0 | O1024: =RANDBETWEEN(1,10) -> 0 | P1024: =IF(O1024=$P$1100,$Q$1100,IF(O1024=$P$1101,$Q$1101,IF(O1024=$P$1102,$Q$1102,IF(O1024=$P$1103,$Q$1103,IF(O1024=$P$1104,$Q$1104,IF(O1024=$P$1105,$Q$1105,IF(O1024=$P$1106,$Q$1106,IF(O1024=$P$1107,$Q$1107,IF(O1024=$P$1108,$Q$1108,IF(O1024=$P$1109,$Q$1109,"algo esta mal")))))))))) -> 0 | Q1024: =CONCATENATE("el ",ROUND(M1024*100,0),"% ",P1024," como ",N1024) -> 0
I1025: =(J915) -> 0 | J1025: =SUM(K915:L915) -> 0 | K1025: =(M915) -> 0 | L1025: =SUM(N915:O915) -> 0 | M1025: =MAX(J1025:L1025) -> 0 | N1025: =IF(M1025=J1025,$J$1015,IF(M1025=K1025,$K$1015,IF(M1025=L1025,$L$1015,"ALGO ESTA MAL"))) -> 0 | O1025: =RANDBETWEEN(1,10) -> 0 | P1025: =IF(O1025=$P$1100,$Q$1100,IF(O1025=$P$1101,$Q$1101,IF(O1025=$P$1102,$Q$1102,IF(O1025=$P$1103,$Q$1103,IF(O1025=$P$1104,$Q$1104,IF(O1025=$P$1105,$Q$1105,IF(O1025=$P$1106,$Q$1106,IF(O1025=$P$1107,$Q$1107,IF(O1025=$P$1108,$Q$1108,IF(O1025=$P$1109,$Q$1109,"algo esta mal")))))))))) -> 0 | Q1025: =CONCATENATE("el ",ROUND(M1025*100,0),"% de los ",P1025," como ",N1025) -> 0
I1026: =(J916) -> 0 | J1026: =SUM(K916:L916) -> 0 | K1026: =(M916) -> 0 | L1026: =SUM(N916:O916) -> 0 | M1026: =MAX(J1026:L1026) -> 0 | N1026: =IF(M1026=J1026,$J$1015,IF(M1026=K1026,$K$1015,IF(M1026=L1026,$L$1015,"ALGO ESTA MAL"))) -> 0 | O1026: =RANDBETWEEN(1,10) -> 0 | P1026: =IF(O1026=$P$1100,$Q$1100,IF(O1026=$P$1101,$Q$1101,IF(O1026=$P$1102,$Q$1102,IF(O1026=$P$1103,$Q$1103,IF(O1026=$P$1104,$Q$1104,IF(O1026=$P$1105,$Q$1105,IF(O1026=$P$1106,$Q$1106,IF(O1026=$P$1107,$Q$1107,IF(O1026=$P$1108,$Q$1108,IF(O1026=$P$1109,$Q$1109,"algo esta mal")))))))))) -> 0 | Q1026: =CONCATENATE("el ",ROUND(M1026*100,0),"% ",P1026," como ",N1026) -> 0
I1027: =(J917) -> 0 | J1027: =SUM(K917:L917) -> 0 | K1027: =(M917) -> 0 | L1027: =SUM(N917:O917) -> 0 | M1027: =MAX(J1027:L1027) -> 0 | N1027: =IF(M1027=J1027,$J$1015,IF(M1027=K1027,$K$1015,IF(M1027=L1027,$L$1015,"ALGO ESTA MAL"))) -> 0 | O1027: =RANDBETWEEN(1,10) -> 0 | P1027: =IF(O1027=$P$1100,$Q$1100,IF(O1027=$P$1101,$Q$1101,IF(O1027=$P$1102,$Q$1102,IF(O1027=$P$1103,$Q$1103,IF(O1027=$P$1104,$Q$1104,IF(O1027=$P$1105,$Q$1105,IF(O1027=$P$1106,$Q$1106,IF(O1027=$P$1107,$Q$1107,IF(O1027=$P$1108,$Q$1108,IF(O1027=$P$1109,$Q$1109,"algo esta mal")))))))))) -> 0 | Q1027: =CONCATENATE("el ",ROUND(M1027*100,0),"% ",P1027," como ",N1027) -> 0
I1028: =(J918) -> 0 | J1028: =SUM(K918:L918) -> 0 | K1028: =(M918) -> 0 | L1028: =SUM(N918:O918) -> 0 | M1028: =MAX(J1028:L1028) -> 0 | N1028: =IF(M1028=J1028,$J$1015,IF(M1028=K1028,$K$1015,IF(M1028=L1028,$L$1015,"ALGO ESTA MAL"))) -> 0 | O1028: =RANDBETWEEN(1,10) -> 0 | P1028: =IF(O1028=$P$1100,$Q$1100,IF(O1028=$P$1101,$Q$1101,IF(O1028=$P$1102,$Q$1102,IF(O1028=$P$1103,$Q$1103,IF(O1028=$P$1104,$Q$1104,IF(O1028=$P$1105,$Q$1105,IF(O1028=$P$1106,$Q$1106,IF(O1028=$P$1107,$Q$1107,IF(O1028=$P$1108,$Q$1108,IF(O1028=$P$1109,$Q$1109,"algo esta mal")))))))))) -> 0 | Q1028: =CONCATENATE("el ",ROUND(M1028*100,0),"% de los ",P1028," como ",N1028) -> 0
I1029: =(J919) -> 0 | J1029: =SUM(K919:L919) -> 0 | K1029: =(M919) -> 0 | L1029: =SUM(N919:O919) -> 0 | M1029: =MAX(J1029:L1029) -> 0 | N1029: =IF(M1029=J1029,$J$1015,IF(M1029=K1029,$K$1015,IF(M1029=L1029,$L$1015,"ALGO ESTA MAL"))) -> 0 | O1029: =RANDBETWEEN(1,10) -> 0 | P1029: =IF(O1029=$P$1100,$Q$1100,IF(O1029=$P$1101,$Q$1101,IF(O1029=$P$1102,$Q$1102,IF(O1029=$P$1103,$Q$1103,IF(O1029=$P$1104,$Q$1104,IF(O1029=$P$1105,$Q$1105,IF(O1029=$P$1106,$Q$1106,IF(O1029=$P$1107,$Q$1107,IF(O1029=$P$1108,$Q$1108,IF(O1029=$P$1109,$Q$1109,"algo esta mal")))))))))) -> 0 | Q1029: =CONCATENATE("el ",ROUND(M1029*100,0),"% ",P1029," como ",N1029) -> 0
I1030: =(J920) -> 0 | J1030: =SUM(K920:L920) -> 0 | K1030: =(M920) -> 0 | L1030: =SUM(N920:O920) -> 0 | M1030: =MAX(J1030:L1030) -> 0 | N1030: =IF(M1030=J1030,$J$1015,IF(M1030=K1030,$K$1015,IF(M1030=L1030,$L$1015,"ALGO ESTA MAL"))) -> 0 | O1030: =RANDBETWEEN(1,10) -> 0 | P1030: =IF(O1030=$P$1100,$Q$1100,IF(O1030=$P$1101,$Q$1101,IF(O1030=$P$1102,$Q$1102,IF(O1030=$P$1103,$Q$1103,IF(O1030=$P$1104,$Q$1104,IF(O1030=$P$1105,$Q$1105,IF(O1030=$P$1106,$Q$1106,IF(O1030=$P$1107,$Q$1107,IF(O1030=$P$1108,$Q$1108,IF(O1030=$P$1109,$Q$1109,"algo esta mal")))))))))) -> 0 | Q1030: =CONCATENATE("el ",ROUND(M1030*100,0),"% ",P1030," como ",N1030) -> 0
I1031: =(J921) -> 0 | J1031: =SUM(K921:L921) -> 0 | K1031: =(M921) -> 0 | L1031: =SUM(N921:O921) -> 0 | M1031: =MAX(J1031:L1031) -> 0 | N1031: =IF(M1031=J1031,$J$1015,IF(M1031=K1031,$K$1015,IF(M1031=L1031,$L$1015,"ALGO ESTA MAL"))) -> 0 | O1031: =RANDBETWEEN(1,10) -> 0 | P1031: =IF(O1031=$P$1100,$Q$1100,IF(O1031=$P$1101,$Q$1101,IF(O1031=$P$1102,$Q$1102,IF(O1031=$P$1103,$Q$1103,IF(O1031=$P$1104,$Q$1104,IF(O1031=$P$1105,$Q$1105,IF(O1031=$P$1106,$Q$1106,IF(O1031=$P$1107,$Q$1107,IF(O1031=$P$1108,$Q$1108,IF(O1031=$P$1109,$Q$1109,"algo esta mal")))))))))) -> 0 | Q1031: =CONCATENATE("el ",ROUND(M1031*100,0),"% de los ",P1031," como ",N1031) -> 0
I1032: =(J922) -> 0 | J1032: =SUM(K922:L922) -> 0 | K1032: =(M922) -> 0 | L1032: =SUM(N922:O922) -> 0 | M1032: =MAX(J1032:L1032) -> 0 | N1032: =IF(M1032=J1032,$J$1015,IF(M1032=K1032,$K$1015,IF(M1032=L1032,$L$1015,"ALGO ESTA MAL"))) -> 0 | O1032: =RANDBETWEEN(1,10) -> 0 | P1032: =IF(O1032=$P$1100,$Q$1100,IF(O1032=$P$1101,$Q$1101,IF(O1032=$P$1102,$Q$1102,IF(O1032=$P$1103,$Q$1103,IF(O1032=$P$1104,$Q$1104,IF(O1032=$P$1105,$Q$1105,IF(O1032=$P$1106,$Q$1106,IF(O1032=$P$1107,$Q$1107,IF(O1032=$P$1108,$Q$1108,IF(O1032=$P$1109,$Q$1109,"algo esta mal")))))))))) -> 0 | Q1032: =CONCATENATE("el ",ROUND(M1032*100,0),"% ",P1032," como ",N1032) -> 0
I1033: =(J923) -> 0 | J1033: =SUM(K923:L923) -> 0 | K1033: =(M923) -> 0 | L1033: =SUM(N923:O923) -> 0 | M1033: =MAX(J1033:L1033) -> 0 | N1033: =IF(M1033=J1033,$J$1015,IF(M1033=K1033,$K$1015,IF(M1033=L1033,$L$1015,"ALGO ESTA MAL"))) -> 0 | O1033: =RANDBETWEEN(1,10) -> 0 | P1033: =IF(O1033=$P$1100,$Q$1100,IF(O1033=$P$1101,$Q$1101,IF(O1033=$P$1102,$Q$1102,IF(O1033=$P$1103,$Q$1103,IF(O1033=$P$1104,$Q$1104,IF(O1033=$P$1105,$Q$1105,IF(O1033=$P$1106,$Q$1106,IF(O1033=$P$1107,$Q$1107,IF(O1033=$P$1108,$Q$1108,IF(O1033=$P$1109,$Q$1109,"algo esta mal")))))))))) -> 0 | Q1033: =CONCATENATE("el ",ROUND(M1033*100,0),"% ",P1033," como ",N1033) -> 0
I1034: =(J924) -> 0 | J1034: =SUM(K924:L924) -> 0 | K1034: =(M924) -> 0 | L1034: =SUM(N924:O924) -> 0 | M1034: =MAX(J1034:L1034) -> 0 | N1034: =IF(M1034=J1034,$J$1015,IF(M1034=K1034,$K$1015,IF(M1034=L1034,$L$1015,"ALGO ESTA MAL"))) -> 0 | O1034: =RANDBETWEEN(1,10) -> 0 | P1034: =IF(O1034=$P$1100,$Q$1100,IF(O1034=$P$1101,$Q$1101,IF(O1034=$P$1102,$Q$1102,IF(O1034=$P$1103,$Q$1103,IF(O1034=$P$1104,$Q$1104,IF(O1034=$P$1105,$Q$1105,IF(O1034=$P$1106,$Q$1106,IF(O1034=$P$1107,$Q$1107,IF(O1034=$P$1108,$Q$1108,IF(O1034=$P$1109,$Q$1109,"algo esta mal")))))))))) -> 0 | Q1034: =CONCATENATE("el ",ROUND(M1034*100,0),"% de los ",P1034," como ",N1034) -> 0
I1035: =(J925) -> 0 | J1035: =SUM(K925:L925) -> 0 | K1035: =(M925) -> 0 | L1035: =SUM(N925:O925) -> 0 | M1035: =MAX(J1035:L1035) -> 0 | N1035: =IF(M1035=J1035,$J$1015,IF(M1035=K1035,$K$1015,IF(M1035=L1035,$L$1015,"ALGO ESTA MAL"))) -> 0 | O1035: =RANDBETWEEN(1,10) -> 0 | P1035: =IF(O1035=$P$1100,$Q$1100,IF(O1035=$P$1101,$Q$1101,IF(O1035=$P$1102,$Q$1102,IF(O1035=$P$1103,$Q$1103,IF(O1035=$P$1104,$Q$1104,IF(O1035=$P$1105,$Q$1105,IF(O1035=$P$1106,$Q$1106,IF(O1035=$P$1107,$Q$1107,IF(O1035=$P$1108,$Q$1108,IF(O1035=$P$1109,$Q$1109,"algo esta mal")))))))))) -> 0 | Q1035: =CONCATENATE("el ",ROUND(M1035*100,0),"% ",P1035," como ",N1035) -> 0
I1036: =(J926) -> 0 | J1036: =SUM(K926:L926) -> 0 | K1036: =(M926) -> 0 | L1036: =SUM(N926:O926) -> 0 | M1036: =MAX(J1036:L1036) -> 0 | N1036: =IF(M1036=J1036,$J$1015,IF(M1036=K1036,$K$1015,IF(M1036=L1036,$L$1015,"ALGO ESTA MAL"))) -> 0 | O1036: =RANDBETWEEN(1,10) -> 0 | P1036: =IF(O1036=$P$1100,$Q$1100,IF(O1036=$P$1101,$Q$1101,IF(O1036=$P$1102,$Q$1102,IF(O1036=$P$1103,$Q$1103,IF(O1036=$P$1104,$Q$1104,IF(O1036=$P$1105,$Q$1105,IF(O1036=$P$1106,$Q$1106,IF(O1036=$P$1107,$Q$1107,IF(O1036=$P$1108,$Q$1108,IF(O1036=$P$1109,$Q$1109,"algo esta mal")))))))))) -> 0 | Q1036: =CONCATENATE("el ",ROUND(M1036*100,0),"% ",P1036," como ",N1036) -> 0
I1037: =(J927) -> 0 | J1037: =SUM(K927:L927) -> 0 | K1037: =(M927) -> 0 | L1037: =SUM(N927:O927) -> 0 | M1037: =MAX(J1037:L1037) -> 0 | N1037: =IF(M1037=J1037,$J$1015,IF(M1037=K1037,$K$1015,IF(M1037=L1037,$L$1015,"ALGO ESTA MAL"))) -> 0 | O1037: =RANDBETWEEN(1,10) -> 0 | P1037: =IF(O1037=$P$1100,$Q$1100,IF(O1037=$P$1101,$Q$1101,IF(O1037=$P$1102,$Q$1102,IF(O1037=$P$1103,$Q$1103,IF(O1037=$P$1104,$Q$1104,IF(O1037=$P$1105,$Q$1105,IF(O1037=$P$1106,$Q$1106,IF(O1037=$P$1107,$Q$1107,IF(O1037=$P$1108,$Q$1108,IF(O1037=$P$1109,$Q$1109,"algo esta mal")))))))))) -> 0 | Q1037: =CONCATENATE("el ",ROUND(M1037*100,0),"% de los ",P1037," como ",N1037) -> 0
P1100: 1 | Q1100: valoró | AB1100: 1 | AC1100: valoró
P1101: 2 | Q1101: calificó | AB1101: 2 | AC1101: calificó
P1102: 3 | Q1102: consideró | AB1102: 3 | AC1102: consideró
P1103: 4 | Q1103: respondió | AB1103: 4 | AC1103: respondió
P1104: 5 | Q1104: evaluó | AB1104: 5 | AC1104: evaluó
P1105: 6 | Q1105: determinó | AB1105: 6 | AC1105: determinó
P1106: 7 | Q1106: mencionó | AB1106: 7 | AC1106: mencionó
P1107: 8 | Q1107: apreció | AB1107: 8 | AC1107: apreció
P1108: 9 | Q1108: percibió | AB1108: 9 | AC1108: percibió
P1109: 10 | Q1109: Tuvo una percepción de | AB1109: 10 | AC1109: Tuvo una percepción de
AB1110: 1 | AC1110: asi mismo
AB1111: 2 | AC1111: por otro lado
AB1112: 3 | AC1112: por otra parte
AB1113: 4 | AC1113: ademas
AB1114: 5 | AC1114: en consecuencia
AB1115: 6 | AC1115: adicional a ello
AB1116: 7 | AC1116: por consecuencia
AB1120: 1 | AC1120: =(V902) -> 0
AB1121: 2 | AC1121: Resultados
L2019: =J11 -> 0 | M2019: =L19+J13 -> 0 | N2019: =COUNTIF($C$4:$C$23,$K19) -> 0 | O2019: =N2019/N2022 -> 0 | X2019: =V11 -> 0 | Y2019: =X19+V13 - 1 -> 0 | Z2019: =COUNTIF($E$4:$E$23,$W19) -> 0 | AA2019: =Z2019/Z2022 -> 0
L2020: =M19+ 1 -> 0 | M2020: =L20+J13 -> 0 | N2020: =COUNTIF($C$4:$C$23,$K20) -> 0 | O2020: =N2020/N2022 -> 0 | X2020: =Y19+ 1 -> 0 | Y2020: =X20+V13 - 1 -> 0 | Z2020: =COUNTIF($E$4:$E$23,$W20) -> 0 | AA2020: =Z2020/Z2022 -> 0
L2021: =M20+ 1 -> 0 | M2021: =J10 -> 0 | N2021: =COUNTIF($C$4:$C$23,$K21) -> 0 | O2021: =N2021/N2022 -> 0 | X2021: =Y20+ 1 -> 0 | Y2021: =V10 -> 0 | Z2021: =COUNTIF($E$4:$E$23,$W21) -> 0 | AA2021: =Z2021/Z2022 -> 0
N2022: =SUM(N2019:N2021) -> 0 | O2022: =SUM(O2019:O2021) -> 0 | Z2022: =SUM(Z2019:Z2021) -> 0 | AA2022: =SUM(AA2019:AA2021) -> 0
G2101: Variable | H2101: =(J4) -> 0 | J2101: Unidades de Medida | S2101: Variable | T2101: =(V4) -> 0 | V2101: Unidades de Medida
...

Sheet Tabulacion por item
D4: Item 1 | M4: Item 2 | V4: Item 3 | AE4: Item 4 | AN4: Item 5 | AW4: Item 6 | BF4: Item 7 | BO4: Item 8 | BX4: Item 9 | CG4: Item 10 | CP4: Item 11 | CY4: Item 12 | DH4: Item 13 | DQ4: Item 14 | DZ4: Item 15 | EI4: Item 16 | ER4: Item 17 | FA4: Item 18 | FJ4: Item 19 | FS4: Item 20 | GB4: Item 21 | GK4: Item 22
D5: Tabla 1 | M5: Tabla 2 | V5: Tabla 3 | AE5: Tabla 4 | AN5: Tabla 5 | AW5: Tabla 6 | BF5: Tabla 7 | BO5: Tabla 8 | BX5: Tabla 9 | CG5: Tabla 10 | CP5: Tabla 11 | CY5: Tabla 12 | DH5: Tabla 13 | DQ5: Tabla 14 | DZ5: Tabla 15 | EI5: Tabla 16 | ER5: Tabla 17 | FA5: Tabla 18 | FJ5: Tabla 19 | FS5: Tabla 20 | GB5: Tabla 21 | GK5: Tabla 22
D6: . | M6: .
E7: Frec. | F7: % | N7: Frec. | O7: % | W7: Frec. | X7: % | AF7: Frec. | AG7: % | AO7: Frec. | AP7: % | AX7: Frec. | AY7: % | BG7: Frec. | BH7: % | BP7: Frec. | BQ7: % | BY7: Frec. | BZ7: % | CH7: Frec. | CI7: % | CQ7: Frec. | CR7: % | CZ7: Frec. | DA7: % | DI7: Frec. | DJ7: % | DR7: Frec. | DS7: % | EA7: Frec. | EB7: % | EJ7: Frec. | EK7: % | ES7: Frec. | ET7: % | FB7: Frec. | FC7: % | FK7: Frec. | FL7: % | FT7: Frec. | FU7: % | GC7: Frec. | GD7: % | GL7: Frec. | GM7: %
D8: =('.'!A31) -> 0 | E8: =('.'!B31) -> 0 | F8: =('.'!B37) -> 0 | M8: =('.'!A31) -> 0 | N8: =('.'!C31) -> 0 | O8: =('.'!C37) -> 0 | V8: =('.'!A31) -> 0 | W8: =('.'!D31) -> 0 | X8: =('.'!D37) -> 0 | AE8: =('.'!A31) -> 0 | AF8: =('.'!E31) -> 0 | AG8: =('.'!E37) -> 0 | AN8: =('.'!A31) -> 0 | AO8: =('.'!F31) -> 0 | AP8: =('.'!F37) -> 0 | AW8: =('.'!A31) -> 0 | AX8: =('.'!G31) -> 0 | AY8: =('.'!G37) -> 0 | BF8: =('.'!A31) -> 0 | BG8: =('.'!H31) -> 0 | BH8: =('.'!H37) -> 0 | BO8: =('.'!A31) -> 0 | BP8: =('.'!I31) -> 0 | BQ8: =('.'!I37) -> 0 | BX8: =('.'!A31) -> 0 | BY8: =('.'!J31) -> 0 | BZ8: =('.'!J37) -> 0 | CG8: =('.'!A31) -> 0 | CH8: =('.'!K31) -> 0 | CI8: =('.'!K37) -> 0 | CP8: =('.'!A31) -> 0 | CQ8: =('.'!L31) -> 0 | CR8: =('.'!L37) -> 0 | CY8: =('.'!A31) -> 0 | CZ8: =('.'!M31) -> 0 | DA8: =('.'!M37) -> 0 | DH8: =('.'!A31) -> 0 | DI8: =('.'!N31) -> 0 | DJ8: =('.'!N37) -> 0 | DQ8: =('.'!A31) -> 0 | DR8: =('.'!O31) -> 0 | DS8: =('.'!O37) -> 0 | DZ8: =('.'!A31) -> 0 | EA8: =('.'!P31) -> 0 | EB8: =('.'!P37) -> 0 | EI8: =('.'!A31) -> 0 | EJ8: =('.'!Q31) -> 0 | EK8: =('.'!Q37) -> 0 | ER8: =('.'!A31) -> 0 | ES8: =('.'!R31) -> 0 | ET8: =('.'!R37) -> 0 | FA8: =('.'!A31) -> 0 | FB8: =('.'!S31) -> 0 | FC8: =('.'!S37) -> 0 | FJ8: =('.'!A31) -> 0 | FK8: =('.'!T31) -> 0 | FL8: =('.'!T37) -> 0 | FS8: =('.'!A31) -> 0 | FT8: =('.'!U31) -> 0 | FU8: =('.'!U37) -> 0 | GB8: =('.'!A31) -> 0 | GC8: =('.'!V31) -> 0 | GD8: =('.'!V37) -> 0 | GK8: =('.'!A31) -> 0 | GL8: =('.'!W31) -> 0 | GM8: =('.'!W37) -> 0
D9: =('.'!A32) -> 0 | E9: =('.'!B32) -> 0 | F9: =('.'!B38) -> 0 | M9: =('.'!A32) -> 0 | N9: =('.'!C32) -> 0 | O9: =('.'!C38) -> 0 | V9: =('.'!A32) -> 0 | W9: =('.'!D32) -> 0 | X9: =('.'!D38) -> 0 | AE9: =('.'!A32) -> 0 | AF9: =('.'!E32) -> 0 | AG9: =('.'!E38) -> 0 | AN9: =('.'!A32) -> 0 | AO9: =('.'!F32) -> 0 | AP9: =('.'!F38) -> 0 | AW9: =('.'!A32) -> 0 | AX9: =('.'!G32) -> 0 | AY9: =('.'!G38) -> 0 | BF9: =('.'!A32) -> 0 | BG9: =('.'!H32) -> 0 | BH9: =('.'!H38) -> 0 | BO9: =('.'!A32) -> 0 | BP9: =('.'!I32) -> 0 | BQ9: =('.'!I38) -> 0 | BX9: =('.'!A32) -> 0 | BY9: =('.'!J32) -> 0 | BZ9: =('.'!J38) -> 0 | CG9: =('.'!A32) -> 0 | CH9: =('.'!K32) -> 0 | CI9: =('.'!K38) -> 0 | CP9: =('.'!A32) -> 0 | CQ9: =('.'!L32) -> 0 | CR9: =('.'!L38) -> 0 | CY9: =('.'!A32) -> 0 | CZ9: =('.'!M32) -> 0 | DA9: =('.'!M38) -> 0 | DH9: =('.'!A32) -> 0 | DI9: =('.'!N32) -> 0 | DJ9: =('.'!N38) -> 0 | DQ9: =('.'!A32) -> 0 | DR9: =('.'!O32) -> 0 | DS9: =('.'!O38) -> 0 | DZ9: =('.'!A32) -> 0 | EA9: =('.'!P32) -> 0 | EB9: =('.'!P38) -> 0 | EI9: =('.'!A32) -> 0 | EJ9: =('.'!Q32) -> 0 | EK9: =('.'!Q38) -> 0 | ER9: =('.'!A32) -> 0 | ES9: =('.'!R32) -> 0 | ET9: =('.'!R38) -> 0 | FA9: =('.'!A32) -> 0 | FB9: =('.'!S32) -> 0 | FC9: =('.'!S38) -> 0 | FJ9: =('.'!A32) -> 0 | FK9: =('.'!T32) -> 0 | FL9: =('.'!T38) -> 0 | FS9: =('.'!A32) -> 0 | FT9: =('.'!U32) -> 0 | FU9: =('.'!U38) -> 0 | GB9: =('.'!A32) -> 0 | GC9: =('.'!V32) -> 0 | GD9: =('.'!V38) -> 0 | GK9: =('.'!A32) -> 0 | GL9: =('.'!W32) -> 0 | GM9: =('.'!W38) -> 0
D10: =('.'!A33) -> 0 | E10: =('.'!B33) -> 0 | F10: =('.'!B39) -> 0 | M10: =('.'!A33) -> 0 | N10: =('.'!C33) -> 0 | O10: =('.'!C39) -> 0 | V10: =('.'!A33) -> 0 | W10: =('.'!D33) -> 0 | X10: =('.'!D39) -> 0 | AE10: =('.'!A33) -> 0 | AF10: =('.'!E33) -> 0 | AG10: =('.'!E39) -> 0 | AN10: =('.'!A33) -> 0 | AO10: =('.'!F33) -> 0 | AP10: =('.'!F39) -> 0 | AW10: =('.'!A33) -> 0 | AX10: =('.'!G33) -> 0 | AY10: =('.'!G39) -> 0 | BF10: =('.'!A33) -> 0 | BG10: =('.'!H33) -> 0 | BH10: =('.'!H39) -> 0 | BO10: =('.'!A33) -> 0 | BP10: =('.'!I33) -> 0 | BQ10: =('.'!I39) -> 0 | BX10: =('.'!A33) -> 0 | BY10: =('.'!J33) -> 0 | BZ10: =('.'!J39) -> 0 | CG10: =('.'!A33) -> 0 | CH10: =('.'!K33) -> 0 | CI10: =('.'!K39) -> 0 | CP10: =('.'!A33) -> 0 | CQ10: =('.'!L33) -> 0 | CR10: =('.'!L39) -> 0 | CY10: =('.'!A33) -> 0 | CZ10: =('.'!M33) -> 0 | DA10: =('.'!M39) -> 0 | DH10: =('.'!A33) -> 0 | DI10: =('.'!N33) -> 0 | DJ10: =('.'!N39) -> 0 | DQ10: =('.'!A33) -> 0 | DR10: =('.'!O33) -> 0 | DS10: =('.'!O39) -> 0 | DZ10: =('.'!A33) -> 0 | EA10: =('.'!P33) -> 0 | EB10: =('.'!P39) -> 0 | EI10: =('.'!A33) -> 0 | EJ10: =('.'!Q33) -> 0 | EK10: =('.'!Q39) -> 0 | ER10: =('.'!A33) -> 0 | ES10: =('.'!R33) -> 0 | ET10: =('.'!R39) -> 0 | FA10: =('.'!A33) -> 0 | FB10: =('.'!S33) -> 0 | FC10: =('.'!S39) -> 0 | FJ10: =('.'!A33) -> 0 | FK10: =('.'!T33) -> 0 | FL10: =('.'!T39) -> 0 | FS10: =('.'!A33) -> 0 | FT10: =('.'!U33) -> 0 | FU10: =('.'!U39) -> 0 | GB10: =('.'!A33) -> 0 | GC10: =('.'!V33) -> 0 | GD10: =('.'!V39) -> 0 | GK10: =('.'!A33) -> 0 | GL10: =('.'!W33) -> 0 | GM10: =('.'!W39) -> 0
D11: =('.'!A34) -> 0 | E11: =('.'!B34) -> 0 | F11: =('.'!B40) -> 0 | M11: =('.'!A34) -> 0 | N11: =('.'!C34) -> 0 | O11: =('.'!C40) -> 0 | V11: =('.'!A34) -> 0 | W11: =('.'!D34) -> 0 | X11: =('.'!D40) -> 0 | AE11: =('.'!A34) -> 0 | AF11: =('.'!E34) -> 0 | AG11: =('.'!E40) -> 0 | AN11: =('.'!A34) -> 0 | AO11: =('.'!F34) -> 0 | AP11: =('.'!F40) -> 0 | AW11: =('.'!A34) -> 0 | AX11: =('.'!G34) -> 0 | AY11: =('.'!G40) -> 0 | BF11: =('.'!A34) -> 0 | BG11: =('.'!H34) -> 0 | BH11: =('.'!H40) -> 0 | BO11: =('.'!A34) -> 0 | BP11: =('.'!I34) -> 0 | BQ11: =('.'!I40) -> 0 | BX11: =('.'!A34) -> 0 | BY11: =('.'!J34) -> 0 | BZ11: =('.'!J40) -> 0 | CG11: =('.'!A34) -> 0 | CH11: =('.'!K34) -> 0 | CI11: =('.'!K40) -> 0 | CP11: =('.'!A34) -> 0 | CQ11: =('.'!L34) -> 0 | CR11: =('.'!L40) -> 0 | CY11: =('.'!A34) -> 0 | CZ11: =('.'!M34) -> 0 | DA11: =('.'!M40) -> 0 | DH11: =('.'!A34) -> 0 | DI11: =('.'!N34) -> 0 | DJ11: =('.'!N40) -> 0 | DQ11: =('.'!A34) -> 0 | DR11: =('.'!O34) -> 0 | DS11: =('.'!O40) -> 0 | DZ11: =('.'!A34) -> 0 | EA11: =('.'!P34) -> 0 | EB11: =('.'!P40) -> 0 | EI11: =('.'!A34) -> 0 | EJ11: =('.'!Q34) -> 0 | EK11: =('.'!Q40) -> 0 | ER11: =('.'!A34) -> 0 | ES11: =('.'!R34) -> 0 | ET11: =('.'!R40) -> 0 | FA11: =('.'!A34) -> 0 | FB11: =('.'!S34) -> 0 | FC11: =('.'!S40) -> 0 | FJ11: =('.'!A34) -> 0 | FK11: =('.'!T34) -> 0 | FL11: =('.'!T40) -> 0 | FS11: =('.'!A34) -> 0 | FT11: =('.'!U34) -> 0 | FU11: =('.'!U40) -> 0 | GB11: =('.'!A34) -> 0 | GC11: =('.'!V34) -> 0 | GD11: =('.'!V40) -> 0 | GK11: =('.'!A34) -> 0 | GL11: =('.'!W34) -> 0 | GM11: =('.'!W40) -> 0
D12: =('.'!A35) -> 0 | E12: =('.'!B35) -> 0 | F12: =('.'!B41) -> 0 | M12: =('.'!A35) -> 0 | N12: =('.'!C35) -> 0 | O12: =('.'!C41) -> 0 | V12: =('.'!A35) -> 0 | W12: =('.'!D35) -> 0 | X12: =('.'!D41) -> 0 | AE12: =('.'!A35) -> 0 | AF12: =('.'!E35) -> 0 | AG12: =('.'!E41) -> 0 | AN12: =('.'!A35) -> 0 | AO12: =('.'!F35) -> 0 | AP12: =('.'!F41) -> 0 | AW12: =('.'!A35) -> 0 | AX12: =('.'!G35) -> 0 | AY12: =('.'!G41) -> 0 | BF12: =('.'!A35) -> 0 | BG12: =('.'!H35) -> 0 | BH12: =('.'!H41) -> 0 | BO12: =('.'!A35) -> 0 | BP12: =('.'!I35) -> 0 | BQ12: =('.'!I41) -> 0 | BX12: =('.'!A35) -> 0 | BY12: =('.'!J35) -> 0 | BZ12: =('.'!J41) -> 0 | CG12: =('.'!A35) -> 0 | CH12: =('.'!K35) -> 0 | CI12: =('.'!K41) -> 0 | CP12: =('.'!A35) -> 0 | CQ12: =('.'!L35) -> 0 | CR12: =('.'!L41) -> 0 | CY12: =('.'!A35) -> 0 | CZ12: =('.'!M35) -> 0 | DA12: =('.'!M41) -> 0 | DH12: =('.'!A35) -> 0 | DI12: =('.'!N35) -> 0 | DJ12: =('.'!N41) -> 0 | DQ12: =('.'!A35) -> 0 | DR12: =('.'!O35) -> 0 | DS12: =('.'!O41) -> 0 | DZ12: =('.'!A35) -> 0 | EA12: =('.'!P35) -> 0 | EB12: =('.'!P41) -> 0 | EI12: =('.'!A35) -> 0 | EJ12: =('.'!Q35) -> 0 | EK12: =('.'!Q41) -> 0 | ER12: =('.'!A35) -> 0 | ES12: =('.'!R35) -> 0 | ET12: =('.'!R41) -> 0 | FA12: =('.'!A35) -> 0 | FB12: =('.'!S35) -> 0 | FC12: =('.'!S41) -> 0 | FJ12: =('.'!A35) -> 0 | FK12: =('.'!T35) -> 0 | FL12: =('.'!T41) -> 0 | FS12: =('.'!A35) -> 0 | FT12: =('.'!U35) -> 0 | FU12: =('.'!U41) -> 0 | GB12: =('.'!A35) -> 0 | GC12: =('.'!V35) -> 0 | GD12: =('.'!V41) -> 0 | GK12: =('.'!A35) -> 0 | GL12: =('.'!W35) -> 0 | GM12: =('.'!W41) -> 0
D13: =('.'!A36) -> 0 | E13: =('.'!B36) -> 0 | F13: =('.'!B42) -> 0 | M13: =('.'!A36) -> 0 | N13: =('.'!C36) -> 0 | O13: =('.'!C42) -> 0 | V13: =('.'!A36) -> 0 | W13: =('.'!D36) -> 0 | X13: =('.'!D42) -> 0 | AE13: =('.'!A36) -> 0 | AF13: =('.'!E36) -> 0 | AG13: =('.'!E42) -> 0 | AN13: =('.'!A36) -> 0 | AO13: =('.'!F36) -> 0 | AP13: =('.'!F42) -> 0 | AW13: =('.'!A36) -> 0 | AX13: =('.'!G36) -> 0 | AY13: =('.'!G42) -> 0 | BF13: =('.'!A36) -> 0 | BG13: =('.'!H36) -> 0 | BH13: =('.'!H42) -> 0 | BO13: =('.'!A36) -> 0 | BP13: =('.'!I36) -> 0 | BQ13: =('.'!I42) -> 0 | BX13: =('.'!A36) -> 0 | BY13: =('.'!J36) -> 0 | BZ13: =('.'!J42) -> 0 | CG13: =('.'!A36) -> 0 | CH13: =('.'!K36) -> 0 | CI13: =('.'!K42) -> 0 | CP13: =('.'!A36) -> 0 | CQ13: =('.'!L36) -> 0 | CR13: =('.'!L42) -> 0 | CY13: =('.'!A36) -> 0 | CZ13: =('.'!M36) -> 0 | DA13: =('.'!M42) -> 0 | DH13: =('.'!A36) -> 0 | DI13: =('.'!N36) -> 0 | DJ13: =('.'!N42) -> 0 | DQ13: =('.'!A36) -> 0 | DR13: =('.'!O36) -> 0 | DS13: =('.'!O42) -> 0 | DZ13: =('.'!A36) -> 0 | EA13: =('.'!P36) -> 0 | EB13: =('.'!P42) -> 0 | EI13: =('.'!A36) -> 0 | EJ13: =('.'!Q36) -> 0 | EK13: =('.'!Q42) -> 0 | ER13: =('.'!A36) -> 0 | ES13: =('.'!R36) -> 0 | ET13: =('.'!R42) -> 0 | FA13: =('.'!A36) -> 0 | FB13: =('.'!S36) -> 0 | FC13: =('.'!S42) -> 0 | FJ13: =('.'!A36) -> 0 | FK13: =('.'!T36) -> 0 | FL13: =('.'!T42) -> 0 | FS13: =('.'!A36) -> 0 | FT13: =('.'!U36) -> 0 | FU13: =('.'!U42) -> 0 | GB13: =('.'!A36) -> 0 | GC13: =('.'!V36) -> 0 | GD13: =('.'!V42) -> 0 | GK13: =('.'!A36) -> 0 | GL13: =('.'!W36) -> 0 | GM13: =('.'!W42) -> 0
D14: Elaboración: Propia | M14: Elaboración: Propia | V14: Elaboración: Propia | AE14: Elaboración: Propia | AN14: Elaboración: Propia | AW14: Elaboración: Propia | BF14: Elaboración: Propia | BO14: Elaboración: Propia | BX14: Elaboración: Propia | CG14: Elaboración: Propia | CP14: Elaboración: Propia | CY14: Elaboración: Propia | DH14: Elaboración: Propia | DQ14: Elaboración: Propia | DZ14: Elaboración: Propia | EI14: Elaboración: Propia | ER14: Elaboración: Propia | FA14: Elaboración: Propia | FJ14: Elaboración: Propia | FS14: Elaboración: Propia | GB14: Elaboración: Propia | GK14: Elaboración: Propia
D15: Fuente: Encuesta aplicada | M15: Fuente: Encuesta aplicada | V15: Fuente: Encuesta aplicada | AE15: Fuente: Encuesta aplicada | AN15: Fuente: Encuesta aplicada | AW15: Fuente: Encuesta aplicada | BF15: Fuente: Encuesta aplicada | BO15: Fuente: Encuesta aplicada | BX15: Fuente: Encuesta aplicada | CG15: Fuente: Encuesta aplicada | CP15: Fuente: Encuesta aplicada | CY15: Fuente: Encuesta aplicada | DH15: Fuente: Encuesta aplicada | DQ15: Fuente: Encuesta aplicada | DZ15: Fuente: Encuesta aplicada | EI15: Fuente: Encuesta aplicada | ER15: Fuente: Encuesta aplicada | FA15: Fuente: Encuesta aplicada | FJ15: Fuente: Encuesta aplicada | FS15: Fuente: Encuesta aplicada | GB15: Fuente: Encuesta aplicada | GK15: Fuente: Encuesta aplicada
D33: Figura. 1 | M33: Figura. 2 | V33: Figura. 3 | AE33: Figura. 4 | AN33: Figura. 5 | AW33: Figura. 6 | BF33: Figura. 7 | BO33: Figura. 8 | BX33: Figura. 9 | CG33: Figura. 10 | CP33: Figura. 11 | CY33: Figura. 12 | DH33: Figura. 13 | DQ33: Figura. 14 | DZ33: Figura. 15 | EI33: Figura. 16 | ER33: Figura. 17 | FA33: Figura. 18 | FJ33: Figura. 19 | FS33: Figura. 20 | GB33: Figura. 21 | GK33: Figura. 22
D34: . | M34: .
D35: =CONCATENATE("En ","la ",D5," y ",D33," se observa los resultados del ",D4," el cual aborda ",E1062,",en donde se demuestra que el ",ROUND(F8*100,0),"%"," de los ",D1045," tienen una percepción de ",G1046,", el ",ROUND(F9*100,0),"%"," ",G1047,", un ",ROUND(F10*100,0),"%"," ",G1048,",",IF(E1049>0,CONCATENATE(" ademas el ",ROUND(F11*100,0),"%"," ",G1049,)," "),IF(E1049>0,CONCATENATE(" y ",ROUND(F12*100,0),"%",", ",G1050,)," "),"en tal sentido la mayoría de los ",D1045," es decir el ",ROUND(E1053*100,0),"%"," tienen una percepción con una inclinación a un valor ",D1056,","," para ",E1062,".") -> 0 | M35: =CONCATENATE("En ","la ",M5," y ",M33," se observa los resultados del ",M4," el cual aborda ",N1062,",en donde se demuestra que el ",ROUND(O8*100,0),"%"," de los ",M1045," tienen una percepción de ",P1046,", el ",ROUND(O9*100,0),"%"," ",P1047,", un ",ROUND(O10*100,0),"%"," ",P1048,",",IF(N1049>0,CONCATENATE(" ademas el ",ROUND(O11*100,0),"%"," ",P1049,)," "),IF(N1049>0,CONCATENATE(" y ",ROUND(O12*100,0),"%",", ",P1050,)," "),"en tal sentido la mayoría de los ",M1045," es decir el ",ROUND(N1053*100,0),"%"," tienen una percepción con una inclinación a un valor ",M1056,","," para ",N1062,".") -> 0 | V35: =CONCATENATE("En ","la ",V5," y ",V33," se observa los resultados del ",V4," el cual aborda ",W1062,",en donde se demuestra que el ",ROUND(X8*100,0),"%"," de los ",V1045," tienen una percepción de ",Y1046,", el ",ROUND(X9*100,0),"%"," ",Y1047,", un ",ROUND(X10*100,0),"%"," ",Y1048,",",IF(W1049>0,CONCATENATE(" ademas el ",ROUND(X11*100,0),"%"," ",Y1049,)," "),IF(W1049>0,CONCATENATE(" y ",ROUND(X12*100,0),"%",", ",Y1050,)," "),"en tal sentido la mayoría de los ",V1045," es decir el ",ROUND(W1053*100,0),"%"," tienen una percepción con una inclinación a un valor ",V1056,","," para ",W1062,".") -> 0 | AE35: =CONCATENATE("En ","la ",AE5," y ",AE33," se observa los resultados del ",AE4," el cual aborda ",AF1062,",en donde se demuestra que el ",ROUND(AG8*100,0),"%"," de los ",AE1045," tienen una percepción de ",AH1046,", el ",ROUND(AG9*100,0),"%"," ",AH1047,", un ",ROUND(AG10*100,0),"%"," ",AH1048,",",IF(AF1049>0,CONCATENATE(" ademas el ",ROUND(AG11*100,0),"%"," ",AH1049,)," "),IF(AF1049>0,CONCATENATE(" y ",ROUND(AG12*100,0),"%",", ",AH1050,)," "),"en tal sentido la mayoría de los ",AE1045," es decir el ",ROUND(AF1053*100,0),"%"," tienen una percepción con una inclinación a un valor ",AE1056,","," para ",AF1062,".") -> 0 | AN35: =CONCATENATE("En ","la ",AN5," y ",AN33," se observa los resultados del ",AN4," el cual aborda ",AO1062,",en donde se demuestra que el ",ROUND(AP8*100,0),"%"," de los ",AN1045," tienen una percepción de ",AQ1046,", el ",ROUND(AP9*100,0),"%"," ",AQ1047,", un ",ROUND(AP10*100,0),"%"," ",AQ1048,",",IF(AO1049>0,CONCATENATE(" ademas el ",ROUND(AP11*100,0),"%"," ",AQ1049,)," "),IF(AO1049>0,CONCATENATE(" y ",ROUND(AP12*100,0),"%",", ",AQ1050,)," "),"en tal sentido la mayoría de los ",AN1045," es decir el ",ROUND(AO1053*100,0),"%"," tienen una percepción con una inclinación a un valor ",AN1056,","," para ",AO1062,".") -> 0 | AW35: =CONCATENATE("En ","la ",AW5," y ",AW33," se observa los resultados del ",AW4," el cual aborda ",AX1062,",en donde se demuestra que el ",ROUND(AY8*100,0),"%"," de los ",AW1045," tienen una percepción de ",AZ1046,", el ",ROUND(AY9*100,0),"%"," ",AZ1047,", un ",ROUND(AY10*100,0),"%"," ",AZ1048,",",IF(AX1049>0,CONCATENATE(" ademas el ",ROUND(AY11*100,0),"%"," ",AZ1049,)," "),IF(AX1049>0,CONCATENATE(" y ",ROUND(AY12*100,0),"%",", ",AZ1050,)," "),"en tal sentido la mayoría de los ",AW1045," es decir el ",ROUND(AX1053*100,0),"%"," tienen una percepción con una inclinación a un valor ",AW1056,","," para ",AX1062,".") -> 0 | BF35: =CONCATENATE("En ","la ",BF5," y ",BF33," se observa los resultados del ",BF4," el cual aborda ",BG1062,",en donde se demuestra que el ",ROUND(BH8*100,0),"%"," de los ",BF1045," tienen una percepción de ",BI1046,", el ",ROUND(BH9*100,0),"%"," ",BI1047,", un ",ROUND(BH10*100,0),"%"," ",BI1048,",",IF(BG1049>0,CONCATENATE(" ademas el ",ROUND(BH11*100,0),"%"," ",BI1049,)," "),IF(BG1049>0,CONCATENATE(" y ",ROUND(BH12*100,0),"%",", ",BI1050,)," "),"en tal sentido la mayoría de los ",BF1045," es decir el ",ROUND(BG1053*100,0),"%"," tienen una percepción con una inclinación a un valor ",BF1056,","," para ",BG1062,".") -> 0 | BO35: =CONCATENATE("En ","la ",BO5," y ",BO33," se observa los resultados del ",BO4," el cual aborda ",BP1062,",en donde se demuestra que el ",ROUND(BQ8*100,0),"%"," de los ",BO1045," tienen una percepción de ",BR1046,", el ",ROUND(BQ9*100,0),"%"," ",BR1047,", un ",ROUND(BQ10*100,0),"%"," ",BR1048,",",IF(BP1049>0,CONCATENATE(" ademas el ",ROUND(BQ11*100,0),"%"," ",BR1049,)," "),IF(BP1049>0,CONCATENATE(" y ",ROUND(BQ12*100,0),"%",", ",BR1050,)," "),"en tal sentido la mayoría de los ",BO1045," es decir el ",ROUND(BP1053*100,0),"%"," tienen una percepción con una inclinación a un valor ",BO1056,","," para ",BP1062,".") -> 0 | BX35: =CONCATENATE("En ","la ",BX5," y ",BX33," se observa los resultados del ",BX4," el cual aborda ",BY1062,",en donde se demuestra que el ",ROUND(BZ8*100,0),"%"," de los ",BX1045," tienen una percepción de ",CA1046,", el ",ROUND(BZ9*100,0),"%"," ",CA1047,", un ",ROUND(BZ10*100,0),"%"," ",CA1048,",",IF(BY1049>0,CONCATENATE(" ademas el ",ROUND(BZ11*100,0),"%"," ",CA1049,)," "),IF(BY1049>0,CONCATENATE(" y ",ROUND(BZ12*100,0),"%",", ",CA1050,)," "),"en tal sentido la mayoría de los ",BX1045," es decir el ",ROUND(BY1053*100,0),"%"," tienen una percepción con una inclinación a un valor ",BX1056,","," para ",BY1062,".") -> 0 | CG35: =CONCATENATE("En ","la ",CG5," y ",CG33," se observa los resultados del ",CG4," el cual aborda ",CH1062,",en donde se demuestra que el ",ROUND(CI8*100,0),"%"," de los ",CG1045," tienen una percepción de ",CJ1046,", el ",ROUND(CI9*100,0),"%"," ",CJ1047,", un ",ROUND(CI10*100,0),"%"," ",CJ1048,",",IF(CH1049>0,CONCATENATE(" ademas el ",ROUND(CI11*100,0),"%"," ",CJ1049,)," "),IF(CH1049>0,CONCATENATE(" y ",ROUND(CI12*100,0),"%",", ",CJ1050,)," "),"en tal sentido la mayoría de los ",CG1045," es decir el ",ROUND(CH1053*100,0),"%"," tienen una percepción con una inclinación a un valor ",CG1056,","," para ",CH1062,".") -> 0 | CP35: =CONCATENATE("En ","la ",CP5," y ",CP33," se observa los resultados del ",CP4," el cual aborda ",CQ1062,",en donde se demuestra que el ",ROUND(CR8*100,0),"%"," de los ",CP1045," tienen una percepción de ",CS1046,", el ",ROUND(CR9*100,0),"%"," ",CS1047,", un ",ROUND(CR10*100,0),"%"," ",CS1048,",",IF(CQ1049>0,CONCATENATE(" ademas el ",ROUND(CR11*100,0),"%"," ",CS1049,)," "),IF(CQ1049>0,CONCATENATE(" y ",ROUND(CR12*100,0),"%",", ",CS1050,)," "),"en tal sentido la mayoría de los ",CP1045," es decir el ",ROUND(CQ1053*100,0),"%"," tienen una percepción con una inclinación a un valor ",CP1056,","," para ",CQ1062,".") -> 0 | CY35: =CONCATENATE("En ","la ",CY5," y ",CY33," se observa los resultados del ",CY4," el cual aborda ",CZ1062,",en donde se demuestra que el ",ROUND(DA8*100,0),"%"," de los ",CY1045," tienen una percepción de ",DB1046,", el ",ROUND(DA9*100,0),"%"," ",DB1047,", un ",ROUND(DA10*100,0),"%"," ",DB1048,",",IF(CZ1049>0,CONCATENATE(" ademas el ",ROUND(DA11*100,0),"%"," ",DB1049,)," "),IF(CZ1049>0,CONCATENATE(" y ",ROUND(DA12*100,0),"%",", ",DB1050,)," "),"en tal sentido la mayoría de los ",CY1045," es decir el ",ROUND(CZ1053*100,0),"%"," tienen una percepción con una inclinación a un valor ",CY1056,","," para ",CZ1062,".") -> 0 | DH35: =CONCATENATE("En ","la ",DH5," y ",DH33," se observa los resultados del ",DH4," el cual aborda ",DI1062,",en donde se demuestra que el ",ROUND(DJ8*100,0),"%"," de los ",DH1045," tienen una percepción de ",DK1046,", el ",ROUND(DJ9*100,0),"%"," ",DK1047,", un ",ROUND(DJ10*100,0),"%"," ",DK1048,",",IF(DI1049>0,CONCATENATE(" ademas el ",ROUND(DJ11*100,0),"%"," ",DK1049,)," "),IF(DI1049>0,CONCATENATE(" y ",ROUND(DJ12*100,0),"%",", ",DK1050,)," "),"en tal sentido la mayoría de los ",DH1045," es decir el ",ROUND(DI1053*100,0),"%"," tienen una percepción con una inclinación a un valor ",DH1056,","," para ",DI1062,".") -> 0 | DQ35: =CONCATENATE("En ","la ",DQ5," y ",DQ33," se observa los resultados del ",DQ4," el cual aborda ",DR1062,",en donde se demuestra que el ",ROUND(DS8*100,0),"%"," de los ",DQ1045," tienen una percepción de ",DT1046,", el ",ROUND(DS9*100,0),"%"," ",DT1047,", un ",ROUND(DS10*100,0),"%"," ",DT1048,",",IF(DR1049>0,CONCATENATE(" ademas el ",ROUND(DS11*100,0),"%"," ",DT1049,)," "),IF(DR1049>0,CONCATENATE(" y ",ROUND(DS12*100,0),"%",", ",DT1050,)," "),"en tal sentido la mayoría de los ",DQ1045," es decir el ",ROUND(DR1053*100,0),"%"," tienen una percepción con una inclinación a un valor ",DQ1056,","," para ",DR1062,".") -> 0 | DZ35: =CONCATENATE("En ","la ",DZ5," y ",DZ33," se observa los resultados del ",DZ4," el cual aborda ",EA1062,",en donde se demuestra que el ",ROUND(EB8*100,0),"%"," de los ",DZ1045," tienen una percepción de ",EC1046,", el ",ROUND(EB9*100,0),"%"," ",EC1047,", un ",ROUND(EB10*100,0),"%"," ",EC1048,",",IF(EA1049>0,CONCATENATE(" ademas el ",ROUND(EB11*100,0),"%"," ",EC1049,)," "),IF(EA1049>0,CONCATENATE(" y ",ROUND(EB12*100,0),"%",", ",EC1050,)," "),"en tal sentido la mayoría de los ",DZ1045," es decir el ",ROUND(EA1053*100,0),"%"," tienen una percepción con una inclinación a un valor ",DZ1056,","," para ",EA1062,".") -> 0 | EI35: =CONCATENATE("En ","la ",EI5," y ",EI33," se observa los resultados del ",EI4," el cual aborda ",EJ1062,",en donde se demuestra que el ",ROUND(EK8*100,0),"%"," de los ",EI1045," tienen una percepción de ",EL1046,", el ",ROUND(EK9*100,0),"%"," ",EL1047,", un ",ROUND(EK10*100,0),"%"," ",EL1048,",",IF(EJ1049>0,CONCATENATE(" ademas el ",ROUND(EK11*100,0),"%"," ",EL1049,)," "),IF(EJ1049>0,CONCATENATE(" y ",ROUND(EK12*100,0),"%",", ",EL1050,)," "),"en tal sentido la mayoría de los ",EI1045," es decir el ",ROUND(EJ1053*100,0),"%"," tienen una percepción con una inclinación a un valor ",EI1056,","," para ",EJ1062,".") -> 0 | ER35: =CONCATENATE("En ","la ",ER5," y ",ER33," se observa los resultados del ",ER4," el cual aborda ",ES1062,",en donde se demuestra que el ",ROUND(ET8*100,0),"%"," de los ",ER1045," tienen una percepción de ",EU1046,", el ",ROUND(ET9*100,0),"%"," ",EU1047,", un ",ROUND(ET10*100,0),"%"," ",EU1048,",",IF(ES1049>0,CONCATENATE(" ademas el ",ROUND(ET11*100,0),"%"," ",EU1049,)," "),IF(ES1049>0,CONCATENATE(" y ",ROUND(ET12*100,0),"%",", ",EU1050,)," "),"en tal sentido la mayoría de los ",ER1045," es decir el ",ROUND(ES1053*100,0),"%"," tienen una percepción con una inclinación a un valor ",ER1056,","," para ",ES1062,".") -> 0 | FA35: =CONCATENATE("En ","la ",FA5," y ",FA33," se observa los resultados del ",FA4," el cual aborda ",FB1062,",en donde se demuestra que el ",ROUND(FC8*100,0),"%"," de los ",FA1045," tienen una percepción de ",FD1046,", el ",ROUND(FC9*100,0),"%"," ",FD1047,", un ",ROUND(FC10*100,0),"%"," ",FD1048,",",IF(FB1049>0,CONCATENATE(" ademas el ",ROUND(FC11*100,0),"%"," ",FD1049,)," "),IF(FB1049>0,CONCATENATE(" y ",ROUND(FC12*100,0),"%",", ",FD1050,)," "),"en tal sentido la mayoría de los ",FA1045," es decir el ",ROUND(FB1053*100,0),"%"," tienen una percepción con una inclinación a un valor ",FA1056,","," para ",FB1062,".") -> 0 | FJ35: =CONCATENATE("En ","la ",FJ5," y ",FJ33," se observa los resultados del ",FJ4," el cual aborda ",FK1062,",en donde se demuestra que el ",ROUND(FL8*100,0),"%"," de los ",FJ1045," tienen una percepción de ",FM1046,", el ",ROUND(FL9*100,0),"%"," ",FM1047,", un ",ROUND(FL10*100,0),"%"," ",FM1048,",",IF(FK1049>0,CONCATENATE(" ademas el ",ROUND(FL11*100,0),"%"," ",FM1049,)," "),IF(FK1049>0,CONCATENATE(" y ",ROUND(FL12*100,0),"%",", ",FM1050,)," "),"en tal sentido la mayoría de los ",FJ1045," es decir el ",ROUND(FK1053*100,0),"%"," tienen una percepción con una inclinación a un valor ",FJ1056,","," para ",FK1062,".") -> 0 | FS35: =CONCATENATE("En ","la ",FS5," y ",FS33," se observa los resultados del ",FS4," el cual aborda ",FT1062,",en donde se demuestra que el ",ROUND(FU8*100,0),"%"," de los ",FS1045," tienen una percepción de ",FV1046,", el ",ROUND(FU9*100,0),"%"," ",FV1047,", un ",ROUND(FU10*100,0),"%"," ",FV1048,",",IF(FT1049>0,CONCATENATE(" ademas el ",ROUND(FU11*100,0),"%"," ",FV1049,)," "),IF(FT1049>0,CONCATENATE(" y ",ROUND(FU12*100,0),"%",", ",FV1050,)," "),"en tal sentido la mayoría de los ",FS1045," es decir el ",ROUND(FT1053*100,0),"%"," tienen una percepción con una inclinación a un valor ",FS1056,","," para ",FT1062,".") -> 0 | GB35: =CONCATENATE("En ","la ",GB5," y ",GB33," se observa los resultados del ",GB4," el cual aborda ",GC1062,",en donde se demuestra que el ",ROUND(GD8*100,0),"%"," de los ",GB1045," tienen una percepción de ",GE1046,", el ",ROUND(GD9*100,0),"%"," ",GE1047,", un ",ROUND(GD10*100,0),"%"," ",GE1048,",",IF(GC1049>0,CONCATENATE(" ademas el ",ROUND(GD11*100,0),"%"," ",GE1049,)," "),IF(GC1049>0,CONCATENATE(" y ",ROUND(GD12*100,0),"%",", ",GE1050,)," "),"en tal sentido la mayoría de los ",GB1045," es decir el ",ROUND(GC1053*100,0),"%"," tienen una percepción con una inclinación a un valor ",GB1056,","," para ",GC1062,".") -> 0 | GK35: =CONCATENATE("En ","la ",GK5," y ",GK33," se observa los resultados del ",GK4," el cual aborda ",GL1062,",en donde se demuestra que el ",ROUND(GM8*100,0),"%"," de los ",GK1045," tienen una percepción de ",GN1046,", el ",ROUND(GM9*100,0),"%"," ",GN1047,", un ",ROUND(GM10*100,0),"%"," ",GN1048,",",IF(GL1049>0,CONCATENATE(" ademas el ",ROUND(GM11*100,0),"%"," ",GN1049,)," "),IF(GL1049>0,CONCATENATE(" y ",ROUND(GM12*100,0),"%",", ",GN1050,)," "),"en tal sentido la mayoría de los ",GK1045," es decir el ",ROUND(GL1053*100,0),"%"," tienen una percepción con una inclinación a un valor ",GK1056,","," para ",GL1062,".") -> 0
D1045: Participantes | E1045: . | M1045: Participantes | N1045: . | V1045: Participantes | AE1045: Participantes | AN1045: Participantes | AW1045: Participantes | BF1045: Participantes | BO1045: Participantes | BX1045: Participantes | CG1045: Participantes | CP1045: Participantes | CY1045: Participantes | DH1045: Participantes | DQ1045: Participantes | DZ1045: Participantes | EI1045: Participantes | ER1045: Participantes | FA1045: Participantes | FJ1045: Participantes | FS1045: Participantes | GB1045: Participantes | GK1045: Participantes
C1046: 1 | D1046: =IF(E1046=F8,D8,IF(E1046=F9,D9,IF(E1046=F10,D10,IF(E1046=F11,D11,IF(E1046=F12,D12,"ALGO ESTA MAL"))))) -> 0 | E1046: =LARGE($F$8:$F$12,C1046) -> 0 | F1046: =IF(E1046>0.1%,E1046,"Algo Esta Mal") -> 0 | G1046: =IF(F1046=E1046,D1046," ") -> 0 | L1046: 1 | M1046: =IF(N1046=O8,M8,IF(N1046=O9,M9,IF(N1046=O10,M10,IF(N1046=O11,M11,IF(N1046=O12,M12,"ALGO ESTA MAL"))))) -> 0 | N1046: =LARGE($O$8:$O$12,L1046) -> 0 | O1046: =IF(N1046>0.1%,N1046,"Algo Esta Mal") -> 0 | P1046: =IF(O1046=N1046,M1046," ") -> 0 | U1046: 1 | V1046: =IF(W1046=X8,V8,IF(W1046=X9,V9,IF(W1046=X10,V10,IF(W1046=X11,V11,IF(W1046=X12,V12,"ALGO ESTA MAL"))))) -> 0 | W1046: =LARGE($X$8:$X$12,U1046) -> 0 | X1046: =IF(W1046>0.1%,W1046,"Algo Esta Mal") -> 0 | Y1046: =IF(X1046=W1046,V1046," ") -> 0 | AD1046: 1 | AE1046: =IF(AF1046=AG8,AE8,IF(AF1046=AG9,AE9,IF(AF1046=AG10,AE10,IF(AF1046=AG11,AE11,IF(AF1046=AG12,AE12,"ALGO ESTA MAL"))))) -> 0 | AF1046: =LARGE($AG$8:$AG$12,AD1046) -> 0 | AG1046: =IF(AF1046>0.1%,AF1046,"Algo Esta Mal") -> 0 | AH1046: =IF(AG1046=AF1046,AE1046," ") -> 0 | AM1046: 1 | AN1046: =IF(AO1046=AP8,AN8,IF(AO1046=AP9,AN9,IF(AO1046=AP10,AN10,IF(AO1046=AP11,AN11,IF(AO1046=AP12,AN12,"ALGO ESTA MAL"))))) -> 0 | AO1046: =LARGE($AP$8:$AP$12,AM1046) -> 0 | AP1046: =IF(AO1046>0.1%,AO1046,"Algo Esta Mal") -> 0 | AQ1046: =IF(AP1046=AO1046,AN1046," ") -> 0 | AV1046: 1 | AW1046: =IF(AX1046=AY8,AW8,IF(AX1046=AY9,AW9,IF(AX1046=AY10,AW10,IF(AX1046=AY11,AW11,IF(AX1046=AY12,AW12,"ALGO ESTA MAL"))))) -> 0 | AX1046: =LARGE($AY$8:$AY$12,AV1046) -> 0 | AY1046: =IF(AX1046>0.1%,AX1046,"Algo Esta Mal") -> 0 | AZ1046: =IF(AY1046=AX1046,AW1046," ") -> 0 | BE1046: 1 | BF1046: =IF(BG1046=BH8,BF8,IF(BG1046=BH9,BF9,IF(BG1046=BH10,BF10,IF(BG1046=BH11,BF11,IF(BG1046=BH12,BF12,"ALGO ESTA MAL"))))) -> 0 | BG1046: =LARGE($BH$8:$BH$12,BE1046) -> 0 | BH1046: =IF(BG1046>0.1%,BG1046,"Algo Esta Mal") -> 0 | BI1046: =IF(BH1046=BG1046,BF1046," ") -> 0 | BN1046: 1 | BO1046: =IF(BP1046=BQ8,BO8,IF(BP1046=BQ9,BO9,IF(BP1046=BQ10,BO10,IF(BP1046=BQ11,BO11,IF(BP1046=BQ12,BO12,"ALGO ESTA MAL"))))) -> 0 | BP1046: =LARGE($BQ$8:$BQ$12,BN1046) -> 0 | BQ1046: =IF(BP1046>0.1%,BP1046,"Algo Esta Mal") -> 0 | BR1046: =IF(BQ1046=BP1046,BO1046," ") -> 0 | BW1046: 1 | BX1046: =IF(BY1046=BZ8,BX8,IF(BY1046=BZ9,BX9,IF(BY1046=BZ10,BX10,IF(BY1046=BZ11,BX11,IF(BY1046=BZ12,BX12,"ALGO ESTA MAL"))))) -> 0 | BY1046: =LARGE($BZ$8:$BZ$12,BW1046) -> 0 | BZ1046: =IF(BY1046>0.1%,BY1046,"Algo Esta Mal") -> 0 | CA1046: =IF(BZ1046=BY1046,BX1046," ") -> 0 | CF1046: 1 | CG1046: =IF(CH1046=CI8,CG8,IF(CH1046=CI9,CG9,IF(CH1046=CI10,CG10,IF(CH1046=CI11,CG11,IF(CH1046=CI12,CG12,"ALGO ESTA MAL"))))) -> 0 | CH1046: =LARGE($CI$8:$CI$12,CF1046) -> 0 | CI1046: =IF(CH1046>0.1%,CH1046,"Algo Esta Mal") -> 0 | CJ1046: =IF(CI1046=CH1046,CG1046," ") -> 0 | CO1046: 1 | CP1046: =IF(CQ1046=CR8,CP8,IF(CQ1046=CR9,CP9,IF(CQ1046=CR10,CP10,IF(CQ1046=CR11,CP11,IF(CQ1046=CR12,CP12,"ALGO ESTA MAL"))))) -> 0 | CQ1046: =LARGE($CR$8:$CR$12,CO1046) -> 0 | CR1046: =IF(CQ1046>0.1%,CQ1046,"Algo Esta Mal") -> 0 | CS1046: =IF(CR1046=CQ1046,CP1046," ") -> 0 | CX1046: 1 | CY1046: =IF(CZ1046=DA8,CY8,IF(CZ1046=DA9,CY9,IF(CZ1046=DA10,CY10,IF(CZ1046=DA11,CY11,IF(CZ1046=DA12,CY12,"ALGO ESTA MAL"))))) -> 0 | CZ1046: =LARGE($DA$8:$DA$12,CX1046) -> 0 | DA1046: =IF(CZ1046>0.1%,CZ1046,"Algo Esta Mal") -> 0 | DB1046: =IF(DA1046=CZ1046,CY1046," ") -> 0 | DG1046: 1 | DH1046: =IF(DI1046=DJ8,DH8,IF(DI1046=DJ9,DH9,IF(DI1046=DJ10,DH10,IF(DI1046=DJ11,DH11,IF(DI1046=DJ12,DH12,"ALGO ESTA MAL"))))) -> 0 | DI1046: =LARGE($DJ$8:$DJ$12,DG1046) -> 0 | DJ1046: =IF(DI1046>0.1%,DI1046,"Algo Esta Mal") -> 0 | DK1046: =IF(DJ1046=DI1046,DH1046," ") -> 0 | DP1046: 1 | DQ1046: =IF(DR1046=DS8,DQ8,IF(DR1046=DS9,DQ9,IF(DR1046=DS10,DQ10,IF(DR1046=DS11,DQ11,IF(DR1046=DS12,DQ12,"ALGO ESTA MAL"))))) -> 0 | DR1046: =LARGE($DS$8:$DS$12,DP1046) -> 0 | DS1046: =IF(DR1046>0.1%,DR1046,"Algo Esta Mal") -> 0 | DT1046: =IF(DS1046=DR1046,DQ1046," ") -> 0 | DY1046: 1 | DZ1046: =IF(EA1046=EB8,DZ8,IF(EA1046=EB9,DZ9,IF(EA1046=EB10,DZ10,IF(EA1046=EB11,DZ11,IF(EA1046=EB12,DZ12,"ALGO ESTA MAL"))))) -> 0 | EA1046: =LARGE($EB$8:$EB$12,DY1046) -> 0 | EB1046: =IF(EA1046>0.1%,EA1046,"Algo Esta Mal") -> 0 | EC1046: =IF(EB1046=EA1046,DZ1046," ") -> 0 | EH1046: 1 | EI1046: =IF(EJ1046=EK8,EI8,IF(EJ1046=EK9,EI9,IF(EJ1046=EK10,EI10,IF(EJ1046=EK11,EI11,IF(EJ1046=EK12,EI12,"ALGO ESTA MAL"))))) -> 0 | EJ1046: =LARGE($EK$8:$EK$12,EH1046) -> 0 | EK1046: =IF(EJ1046>0.1%,EJ1046,"Algo Esta Mal") -> 0 | EL1046: =IF(EK1046=EJ1046,EI1046," ") -> 0 | EQ1046: 1 | ER1046: =IF(ES1046=ET8,ER8,IF(ES1046=ET9,ER9,IF(ES1046=ET10,ER10,IF(ES1046=ET11,ER11,IF(ES1046=ET12,ER12,"ALGO ESTA MAL"))))) -> 0 | ES1046: =LARGE($ET$8:$ET$12,EQ1046) -> 0 | ET1046: =IF(ES1046>0.1%,ES1046,"Algo Esta Mal") -> 0 | EU1046: =IF(ET1046=ES1046,ER1046," ") -> 0 | EZ1046: 1 | FA1046: =IF(FB1046=FC8,FA8,IF(FB1046=FC9,FA9,IF(FB1046=FC10,FA10,IF(FB1046=FC11,FA11,IF(FB1046=FC12,FA12,"ALGO ESTA MAL"))))) -> 0 | FB1046: =LARGE($FC$8:$FC$12,EZ1046) -> 0 | FC1046: =IF(FB1046>0.1%,FB1046,"Algo Esta Mal") -> 0 | FD1046: =IF(FC1046=FB1046,FA1046," ") -> 0 | FI1046: 1 | FJ1046: =IF(FK1046=FL8,FJ8,IF(FK1046=FL9,FJ9,IF(FK1046=FL10,FJ10,IF(FK1046=FL11,FJ11,IF(FK1046=FL12,FJ12,"ALGO ESTA MAL"))))) -> 0 | FK1046: =LARGE($FL$8:$FL$12,FI1046) -> 0 | FL1046: =IF(FK1046>0.1%,FK1046,"Algo Esta Mal") -> 0 | FM1046: =IF(FL1046=FK1046,FJ1046," ") -> 0 | FR1046: 1 | FS1046: =IF(FT1046=FU8,FS8,IF(FT1046=FU9,FS9,IF(FT1046=FU10,FS10,IF(FT1046=FU11,FS11,IF(FT1046=FU12,FS12,"ALGO ESTA MAL"))))) -> 0 | FT1046: =LARGE($FU$8:$FU$12,FR1046) -> 0 | FU1046: =IF(FT1046>0.1%,FT1046,"Algo Esta Mal") -> 0 | FV1046: =IF(FU1046=FT1046,FS1046," ") -> 0 | GA1046: 1 | GB1046: =IF(GC1046=GD8,GB8,IF(GC1046=GD9,GB9,IF(GC1046=GD10,GB10,IF(GC1046=GD11,GB11,IF(GC1046=GD12,GB12,"ALGO ESTA MAL"))))) -> 0 | GC1046: =LARGE($GD$8:$GD$12,GA1046) -> 0 | GD1046: =IF(GC1046>0.1%,GC1046,"Algo Esta Mal") -> 0 | GE1046: =IF(GD1046=GC1046,GB1046," ") -> 0 | GJ1046: 1 | GK1046: =IF(GL1046=GM8,GK8,IF(GL1046=GM9,GK9,IF(GL1046=GM10,GK10,IF(GL1046=GM11,GK11,IF(GL1046=GM12,GK12,"ALGO ESTA MAL"))))) -> 0 | GL1046: =LARGE($GM$8:$GM$12,GJ1046) -> 0 | GM1046: =IF(GL1046>0.1%,GL1046,"Algo Esta Mal") -> 0 | GN1046: =IF(GM1046=GL1046,GK1046," ") -> 0
C1047: 2 | D1047: =IF(E1047=F8,D8,IF(E1047=F9,D9,IF(E1047=F10,D10,IF(E1047=F11,D11,IF(E1047=F12,D12,"ALGO ESTA MAL"))))) -> 0 | E1047: =LARGE($F$8:$F$12,C1047) -> 0 | F1047: =IF(E1047>0.1%,E1047,"Algo Esta Mal") -> 0 | G1047: =IF(F1047=E1047,D1047," ") -> 0 | L1047: 2 | M1047: =IF(N1047=O8,M8,IF(N1047=O9,M9,IF(N1047=O10,M10,IF(N1047=O11,M11,IF(N1047=O12,M12,"ALGO ESTA MAL"))))) -> 0 | N1047: =LARGE($O$8:$O$12,L1047) -> 0 | O1047: =IF(N1047>0.1%,N1047,"Algo Esta Mal") -> 0 | P1047: =IF(O1047=N1047,M1047," ") -> 0 | U1047: 2 | V1047: =IF(W1047=X8,V8,IF(W1047=X9,V9,IF(W1047=X10,V10,IF(W1047=X11,V11,IF(W1047=X12,V12,"ALGO ESTA MAL"))))) -> 0 | W1047: =LARGE($X$8:$X$12,U1047) -> 0 | X1047: =IF(W1047>0.1%,W1047,"Algo Esta Mal") -> 0 | Y1047: =IF(X1047=W1047,V1047," ") -> 0 | AD1047: 2 | AE1047: =IF(AF1047=AG8,AE8,IF(AF1047=AG9,AE9,IF(AF1047=AG10,AE10,IF(AF1047=AG11,AE11,IF(AF1047=AG12,AE12,"ALGO ESTA MAL"))))) -> 0 | AF1047: =LARGE($AG$8:$AG$12,AD1047) -> 0 | AG1047: =IF(AF1047>0.1%,AF1047,"Algo Esta Mal") -> 0 | AH1047: =IF(AG1047=AF1047,AE1047," ") -> 0 | AM1047: 2 | AN1047: =IF(AO1047=AP8,AN8,IF(AO1047=AP9,AN9,IF(AO1047=AP10,AN10,IF(AO1047=AP11,AN11,IF(AO1047=AP12,AN12,"ALGO ESTA MAL"))))) -> 0 | AO1047: =LARGE($AP$8:$AP$12,AM1047) -> 0 | AP1047: =IF(AO1047>0.1%,AO1047,"Algo Esta Mal") -> 0 | AQ1047: =IF(AP1047=AO1047,AN1047," ") -> 0 | AV1047: 2 | AW1047: =IF(AX1047=AY8,AW8,IF(AX1047=AY9,AW9,IF(AX1047=AY10,AW10,IF(AX1047=AY11,AW11,IF(AX1047=AY12,AW12,"ALGO ESTA MAL"))))) -> 0 | AX1047: =LARGE($AY$8:$AY$12,AV1047) -> 0 | AY1047: =IF(AX1047>0.1%,AX1047,"Algo Esta Mal") -> 0 | AZ1047: =IF(AY1047=AX1047,AW1047," ") -> 0 | BE1047: 2 | BF1047: =IF(BG1047=BH8,BF8,IF(BG1047=BH9,BF9,IF(BG1047=BH10,BF10,IF(BG1047=BH11,BF11,IF(BG1047=BH12,BF12,"ALGO ESTA MAL"))))) -> 0 | BG1047: =LARGE($BH$8:$BH$12,BE1047) -> 0 | BH1047: =IF(BG1047>0.1%,BG1047,"Algo Esta Mal") -> 0 | BI1047: =IF(BH1047=BG1047,BF1047," ") -> 0 | BN1047: 2 | BO1047: =IF(BP1047=BQ8,BO8,IF(BP1047=BQ9,BO9,IF(BP1047=BQ10,BO10,IF(BP1047=BQ11,BO11,IF(BP1047=BQ12,BO12,"ALGO ESTA MAL"))))) -> 0 | BP1047: =LARGE($BQ$8:$BQ$12,BN1047) -> 0 | BQ1047: =IF(BP1047>0.1%,BP1047,"Algo Esta Mal") -> 0 | BR1047: =IF(BQ1047=BP1047,BO1047," ") -> 0 | BW1047: 2 | BX1047: =IF(BY1047=BZ8,BX8,IF(BY1047=BZ9,BX9,IF(BY1047=BZ10,BX10,IF(BY1047=BZ11,BX11,IF(BY1047=BZ12,BX12,"ALGO ESTA MAL"))))) -> 0 | BY1047: =LARGE($BZ$8:$BZ$12,BW1047) -> 0 | BZ1047: =IF(BY1047>0.1%,BY1047,"Algo Esta Mal") -> 0 | CA1047: =IF(BZ1047=BY1047,BX1047," ") -> 0 | CF1047: 2 | CG1047: =IF(CH1047=CI8,CG8,IF(CH1047=CI9,CG9,IF(CH1047=CI10,CG10,IF(CH1047=CI11,CG11,IF(CH1047=CI12,CG12,"ALGO ESTA MAL"))))) -> 0 | CH1047: =LARGE($CI$8:$CI$12,CF1047) -> 0 | CI1047: =IF(CH1047>0.1%,CH1047,"Algo Esta Mal") -> 0 | CJ1047: =IF(CI1047=CH1047,CG1047," ") -> 0 | CO1047: 2 | CP1047: =IF(CQ1047=CR8,CP8,IF(CQ1047=CR9,CP9,IF(CQ1047=CR10,CP10,IF(CQ1047=CR11,CP11,IF(CQ1047=CR12,CP12,"ALGO ESTA MAL"))))) -> 0 | CQ1047: =LARGE($CR$8:$CR$12,CO1047) -> 0 | CR1047: =IF(CQ1047>0.1%,CQ1047,"Algo Esta Mal") -> 0 | CS1047: =IF(CR1047=CQ1047,CP1047," ") -> 0 | CX1047: 2 | CY1047: =IF(CZ1047=DA8,CY8,IF(CZ1047=DA9,CY9,IF(CZ1047=DA10,CY10,IF(CZ1047=DA11,CY11,IF(CZ1047=DA12,CY12,"ALGO ESTA MAL"))))) -> 0 | CZ1047: =LARGE($DA$8:$DA$12,CX1047) -> 0 | DA1047: =IF(CZ1047>0.1%,CZ1047,"Algo Esta Mal") -> 0 | DB1047: =IF(DA1047=CZ1047,CY1047," ") -> 0 | DG1047: 2 | DH1047: =IF(DI1047=DJ8,DH8,IF(DI1047=DJ9,DH9,IF(DI1047=DJ10,DH10,IF(DI1047=DJ11,DH11,IF(DI1047=DJ12,DH12,"ALGO ESTA MAL"))))) -> 0 | DI1047: =LARGE($DJ$8:$DJ$12,DG1047) -> 0 | DJ1047: =IF(DI1047>0.1%,DI1047,"Algo Esta Mal") -> 0 | DK1047: =IF(DJ1047=DI1047,DH1047," ") -> 0 | DP1047: 2 | DQ1047: =IF(DR1047=DS8,DQ8,IF(DR1047=DS9,DQ9,IF(DR1047=DS10,DQ10,IF(DR1047=DS11,DQ11,IF(DR1047=DS12,DQ12,"ALGO ESTA MAL"))))) -> 0 | DR1047: =LARGE($DS$8:$DS$12,DP1047) -> 0 | DS1047: =IF(DR1047>0.1%,DR1047,"Algo Esta Mal") -> 0 | DT1047: =IF(DS1047=DR1047,DQ1047," ") -> 0 | DY1047: 2 | DZ1047: =IF(EA1047=EB8,DZ8,IF(EA1047=EB9,DZ9,IF(EA1047=EB10,DZ10,IF(EA1047=EB11,DZ11,IF(EA1047=EB12,DZ12,"ALGO ESTA MAL"))))) -> 0 | EA1047: =LARGE($EB$8:$EB$12,DY1047) -> 0 | EB1047: =IF(EA1047>0.1%,EA1047,"Algo Esta Mal") -> 0 | EC1047: =IF(EB1047=EA1047,DZ1047," ") -> 0 | EH1047: 2 | EI1047: =IF(EJ1047=EK8,EI8,IF(EJ1047=EK9,EI9,IF(EJ1047=EK10,EI10,IF(EJ1047=EK11,EI11,IF(EJ1047=EK12,EI12,"ALGO ESTA MAL"))))) -> 0 | EJ1047: =LARGE($EK$8:$EK$12,EH1047) -> 0 | EK1047: =IF(EJ1047>0.1%,EJ1047,"Algo Esta Mal") -> 0 | EL1047: =IF(EK1047=EJ1047,EI1047," ") -> 0 | EQ1047: 2 | ER1047: =IF(ES1047=ET8,ER8,IF(ES1047=ET9,ER9,IF(ES1047=ET10,ER10,IF(ES1047=ET11,ER11,IF(ES1047=ET12,ER12,"ALGO ESTA MAL"))))) -> 0 | ES1047: =LARGE($ET$8:$ET$12,EQ1047) -> 0 | ET1047: =IF(ES1047>0.1%,ES1047,"Algo Esta Mal") -> 0 | EU1047: =IF(ET1047=ES1047,ER1047," ") -> 0 | EZ1047: 2 | FA1047: =IF(FB1047=FC8,FA8,IF(FB1047=FC9,FA9,IF(FB1047=FC10,FA10,IF(FB1047=FC11,FA11,IF(FB1047=FC12,FA12,"ALGO ESTA MAL"))))) -> 0 | FB1047: =LARGE($FC$8:$FC$12,EZ1047) -> 0 | FC1047: =IF(FB1047>0.1%,FB1047,"Algo Esta Mal") -> 0 | FD1047: =IF(FC1047=FB1047,FA1047," ") -> 0 | FI1047: 2 | FJ1047: =IF(FK1047=FL8,FJ8,IF(FK1047=FL9,FJ9,IF(FK1047=FL10,FJ10,IF(FK1047=FL11,FJ11,IF(FK1047=FL12,FJ12,"ALGO ESTA MAL"))))) -> 0 | FK1047: =LARGE($FL$8:$FL$12,FI1047) -> 0 | FL1047: =IF(FK1047>0.1%,FK1047,"Algo Esta Mal") -> 0 | FM1047: =IF(FL1047=FK1047,FJ1047," ") -> 0 | FR1047: 2 | FS1047: =IF(FT1047=FU8,FS8,IF(FT1047=FU9,FS9,IF(FT1047=FU10,FS10,IF(FT1047=FU11,FS11,IF(FT1047=FU12,FS12,"ALGO ESTA MAL"))))) -> 0 | FT1047: =LARGE($FU$8:$FU$12,FR1047) -> 0 | FU1047: =IF(FT1047>0.1%,FT1047,"Algo Esta Mal") -> 0 | FV1047: =IF(FU1047=FT1047,FS1047," ") -> 0 | GA1047: 2 | GB1047: =IF(GC1047=GD8,GB8,IF(GC1047=GD9,GB9,IF(GC1047=GD10,GB10,IF(GC1047=GD11,GB11,IF(GC1047=GD12,GB12,"ALGO ESTA MAL"))))) -> 0 | GC1047: =LARGE($GD$8:$GD$12,GA1047) -> 0 | GD1047: =IF(GC1047>0.1%,GC1047,"Algo Esta Mal") -> 0 | GE1047: =IF(GD1047=GC1047,GB1047," ") -> 0 | GJ1047: 2 | GK1047: =IF(GL1047=GM8,GK8,IF(GL1047=GM9,GK9,IF(GL1047=GM10,GK10,IF(GL1047=GM11,GK11,IF(GL1047=GM12,GK12,"ALGO ESTA MAL"))))) -> 0 | GL1047: =LARGE($GM$8:$GM$12,GJ1047) -> 0 | GM1047: =IF(GL1047>0.1%,GL1047,"Algo Esta Mal") -> 0 | GN1047: =IF(GM1047=GL1047,GK1047," ") -> 0
C1048: 3 | D1048: =IF(E1048=F8,D8,IF(E1048=F9,D9,IF(E1048=F10,D10,IF(E1048=F11,D11,IF(E1048=F12,D12,"ALGO ESTA MAL"))))) -> 0 | E1048: =LARGE($F$8:$F$12,C1048) -> 0 | F1048: =IF(E1048>0.1%,E1048,"Algo Esta Mal") -> 0 | G1048: =IF(F1048=E1048,D1048," ") -> 0 | L1048: 3 | M1048: =IF(N1048=O8,M8,IF(N1048=O9,M9,IF(N1048=O10,M10,IF(N1048=O11,M11,IF(N1048=O12,M12,"ALGO ESTA MAL"))))) -> 0 | N1048: =LARGE($O$8:$O$12,L1048) -> 0 | O1048: =IF(N1048>0.1%,N1048,"Algo Esta Mal") -> 0 | P1048: =IF(O1048=N1048,M1048," ") -> 0 | U1048: 3 | V1048: =IF(W1048=X8,V8,IF(W1048=X9,V9,IF(W1048=X10,V10,IF(W1048=X11,V11,IF(W1048=X12,V12,"ALGO ESTA MAL"))))) -> 0 | W1048: =LARGE($X$8:$X$12,U1048) -> 0 | X1048: =IF(W1048>0.1%,W1048,"Algo Esta Mal") -> 0 | Y1048: =IF(X1048=W1048,V1048," ") -> 0 | AD1048: 3 | AE1048: =IF(AF1048=AG8,AE8,IF(AF1048=AG9,AE9,IF(AF1048=AG10,AE10,IF(AF1048=AG11,AE11,IF(AF1048=AG12,AE12,"ALGO ESTA MAL"))))) -> 0 | AF1048: =LARGE($AG$8:$AG$12,AD1048) -> 0 | AG1048: =IF(AF1048>0.1%,AF1048,"Algo Esta Mal") -> 0 | AH1048: =IF(AG1048=AF1048,AE1048," ") -> 0 | AM1048: 3 | AN1048: =IF(AO1048=AP8,AN8,IF(AO1048=AP9,AN9,IF(AO1048=AP10,AN10,IF(AO1048=AP11,AN11,IF(AO1048=AP12,AN12,"ALGO ESTA MAL"))))) -> 0 | AO1048: =LARGE($AP$8:$AP$12,AM1048) -> 0 | AP1048: =IF(AO1048>0.1%,AO1048,"Algo Esta Mal") -> 0 | AQ1048: =IF(AP1048=AO1048,AN1048," ") -> 0 | AV1048: 3 | AW1048: =IF(AX1048=AY8,AW8,IF(AX1048=AY9,AW9,IF(AX1048=AY10,AW10,IF(AX1048=AY11,AW11,IF(AX1048=AY12,AW12,"ALGO ESTA MAL"))))) -> 0 | AX1048: =LARGE($AY$8:$AY$12,AV1048) -> 0 | AY1048: =IF(AX1048>0.1%,AX1048,"Algo Esta Mal") -> 0 | AZ1048: =IF(AY1048=AX1048,AW1048," ") -> 0 | BE1048: 3 | BF1048: =IF(BG1048=BH8,BF8,IF(BG1048=BH9,BF9,IF(BG1048=BH10,BF10,IF(BG1048=BH11,BF11,IF(BG1048=BH12,BF12,"ALGO ESTA MAL"))))) -> 0 | BG1048: =LARGE($BH$8:$BH$12,BE1048) -> 0 | BH1048: =IF(BG1048>0.1%,BG1048,"Algo Esta Mal") -> 0 | BI1048: =IF(BH1048=BG1048,BF1048," ") -> 0 | BN1048: 3 | BO1048: =IF(BP1048=BQ8,BO8,IF(BP1048=BQ9,BO9,IF(BP1048=BQ10,BO10,IF(BP1048=BQ11,BO11,IF(BP1048=BQ12,BO12,"ALGO ESTA MAL"))))) -> 0 | BP1048: =LARGE($BQ$8:$BQ$12,BN1048) -> 0 | BQ1048: =IF(BP1048>0.1%,BP1048,"Algo Esta Mal") -> 0 | BR1048: =IF(BQ1048=BP1048,BO1048," ") -> 0 | BW1048: 3 | BX1048: =IF(BY1048=BZ8,BX8,IF(BY1048=BZ9,BX9,IF(BY1048=BZ10,BX10,IF(BY1048=BZ11,BX11,IF(BY1048=BZ12,BX12,"ALGO ESTA MAL"))))) -> 0 | BY1048: =LARGE($BZ$8:$BZ$12,BW1048) -> 0 | BZ1048: =IF(BY1048>0.1%,BY1048,"Algo Esta Mal") -> 0 | CA1048: =IF(BZ1048=BY1048,BX1048," ") -> 0 | CF1048: 3 | CG1048: =IF(CH1048=CI8,CG8,IF(CH1048=CI9,CG9,IF(CH1048=CI10,CG10,IF(CH1048=CI11,CG11,IF(CH1048=CI12,CG12,"ALGO ESTA MAL"))))) -> 0 | CH1048: =LARGE($CI$8:$CI$12,CF1048) -> 0 | CI1048: =IF(CH1048>0.1%,CH1048,"Algo Esta Mal") -> 0 | CJ1048: =IF(CI1048=CH1048,CG1048," ") -> 0 | CO1048: 3 | CP1048: =IF(CQ1048=CR8,CP8,IF(CQ1048=CR9,CP9,IF(CQ1048=CR10,CP10,IF(CQ1048=CR11,CP11,IF(CQ1048=CR12,CP12,"ALGO ESTA MAL"))))) -> 0 | CQ1048: =LARGE($CR$8:$CR$12,CO1048) -> 0 | CR1048: =IF(CQ1048>0.1%,CQ1048,"Algo Esta Mal") -> 0 | CS1048: =IF(CR1048=CQ1048,CP1048," ") -> 0 | CX1048: 3 | CY1048: =IF(CZ1048=DA8,CY8,IF(CZ1048=DA9,CY9,IF(CZ1048=DA10,CY10,IF(CZ1048=DA11,CY11,IF(CZ1048=DA12,CY12,"ALGO ESTA MAL"))))) -> 0 | CZ1048: =LARGE($DA$8:$DA$12,CX1048) -> 0 | DA1048: =IF(CZ1048>0.1%,CZ1048,"Algo Esta Mal") -> 0 | DB1048: =IF(DA1048=CZ1048,CY1048," ") -> 0 | DG1048: 3 | DH1048: =IF(DI1048=DJ8,DH8,IF(DI1048=DJ9,DH9,IF(DI1048=DJ10,DH10,IF(DI1048=DJ11,DH11,IF(DI1048=DJ12,DH12,"ALGO ESTA MAL"))))) -> 0 | DI1048: =LARGE($DJ$8:$DJ$12,DG1048) -> 0 | DJ1048: =IF(DI1048>0.1%,DI1048,"Algo Esta Mal") -> 0 | DK1048: =IF(DJ1048=DI1048,DH1048," ") -> 0 | DP1048: 3 | DQ1048: =IF(DR1048=DS8,DQ8,IF(DR1048=DS9,DQ9,IF(DR1048=DS10,DQ10,IF(DR1048=DS11,DQ11,IF(DR1048=DS12,DQ12,"ALGO ESTA MAL"))))) -> 0 | DR1048: =LARGE($DS$8:$DS$12,DP1048) -> 0 | DS1048: =IF(DR1048>0.1%,DR1048,"Algo Esta Mal") -> 0 | DT1048: =IF(DS1048=DR1048,DQ1048," ") -> 0 | DY1048: 3 | DZ1048: =IF(EA1048=EB8,DZ8,IF(EA1048=EB9,DZ9,IF(EA1048=EB10,DZ10,IF(EA1048=EB11,DZ11,IF(EA1048=EB12,DZ12,"ALGO ESTA MAL"))))) -> 0 | EA1048: =LARGE($EB$8:$EB$12,DY1048) -> 0 | EB1048: =IF(EA1048>0.1%,EA1048,"Algo Esta Mal") -> 0 | EC1048: =IF(EB1048=EA1048,DZ1048," ") -> 0 | EH1048: 3 | EI1048: =IF(EJ1048=EK8,EI8,IF(EJ1048=EK9,EI9,IF(EJ1048=EK10,EI10,IF(EJ1048=EK11,EI11,IF(EJ1048=EK12,EI12,"ALGO ESTA MAL"))))) -> 0 | EJ1048: =LARGE($EK$8:$EK$12,EH1048) -> 0 | EK1048: =IF(EJ1048>0.1%,EJ1048,"Algo Esta Mal") -> 0 | EL1048: =IF(EK1048=EJ1048,EI1048," ") -> 0 | EQ1048: 3 | ER1048: =IF(ES1048=ET8,ER8,IF(ES1048=ET9,ER9,IF(ES1048=ET10,ER10,IF(ES1048=ET11,ER11,IF(ES1048=ET12,ER12,"ALGO ESTA MAL"))))) -> 0 | ES1048: =LARGE($ET$8:$ET$12,EQ1048) -> 0 | ET1048: =IF(ES1048>0.1%,ES1048,"Algo Esta Mal") -> 0 | EU1048: =IF(ET1048=ES1048,ER1048," ") -> 0 | EZ1048: 3 | FA1048: =IF(FB1048=FC8,FA8,IF(FB1048=FC9,FA9,IF(FB1048=FC10,FA10,IF(FB1048=FC11,FA11,IF(FB1048=FC12,FA12,"ALGO ESTA MAL"))))) -> 0 | FB1048: =LARGE($FC$8:$FC$12,EZ1048) -> 0 | FC1048: =IF(FB1048>0.1%,FB1048,"Algo Esta Mal") -> 0 | FD1048: =IF(FC1048=FB1048,FA1048," ") -> 0 | FI1048: 3 | FJ1048: =IF(FK1048=FL8,FJ8,IF(FK1048=FL9,FJ9,IF(FK1048=FL10,FJ10,IF(FK1048=FL11,FJ11,IF(FK1048=FL12,FJ12,"ALGO ESTA MAL"))))) -> 0 | FK1048: =LARGE($FL$8:$FL$12,FI1048) -> 0 | FL1048: =IF(FK1048>0.1%,FK1048,"Algo Esta Mal") -> 0 | FM1048: =IF(FL1048=FK1048,FJ1048," ") -> 0 | FR1048: 3 | FS1048: =IF(FT1048=FU8,FS8,IF(FT1048=FU9,FS9,IF(FT1048=FU10,FS10,IF(FT1048=FU11,FS11,IF(FT1048=FU12,FS12,"ALGO ESTA MAL"))))) -> 0 | FT1048: =LARGE($FU$8:$FU$12,FR1048) -> 0 | FU1048: =IF(FT1048>0.1%,FT1048,"Algo Esta Mal") -> 0 | FV1048: =IF(FU1048=FT1048,FS1048," ") -> 0 | GA1048: 3 | GB1048: =IF(GC1048=GD8,GB8,IF(GC1048=GD9,GB9,IF(GC1048=GD10,GB10,IF(GC1048=GD11,GB11,IF(GC1048=GD12,GB12,"ALGO ESTA MAL"))))) -> 0 | GC1048: =LARGE($GD$8:$GD$12,GA1048) -> 0 | GD1048: =IF(GC1048>0.1%,GC1048,"Algo Esta Mal") -> 0 | GE1048: =IF(GD1048=GC1048,GB1048," ") -> 0 | GJ1048: 3 | GK1048: =IF(GL1048=GM8,GK8,IF(GL1048=GM9,GK9,IF(GL1048=GM10,GK10,IF(GL1048=GM11,GK11,IF(GL1048=GM12,GK12,"ALGO ESTA MAL"))))) -> 0 | GL1048: =LARGE($GM$8:$GM$12,GJ1048) -> 0 | GM1048: =IF(GL1048>0.1%,GL1048,"Algo Esta Mal") -> 0 | GN1048: =IF(GM1048=GL1048,GK1048," ") -> 0
C1049: 4 | D1049: =IF(E1049=F8,D8,IF(E1049=F9,D9,IF(E1049=F10,D10,IF(E1049=F11,D11,IF(E1049=F12,D12,"ALGO ESTA MAL"))))) -> 0 | E1049: =LARGE($F$8:$F$12,C1049) -> 0 | F1049: =IF(E1049>0.1%,E1049,"Algo Esta Mal") -> 0 | G1049: =IF(F1049=E1049,D1049," ") -> 0 | L1049: 4 | M1049: =IF(N1049=O8,M8,IF(N1049=O9,M9,IF(N1049=O10,M10,IF(N1049=O11,M11,IF(N1049=O12,M12,"ALGO ESTA MAL"))))) -> 0 | N1049: =LARGE($O$8:$O$12,L1049) -> 0 | O1049: =IF(N1049>0.1%,N1049,"Algo Esta Mal") -> 0 | P1049: =IF(O1049=N1049,M1049," ") -> 0 | U1049: 4 | V1049: =IF(W1049=X8,V8,IF(W1049=X9,V9,IF(W1049=X10,V10,IF(W1049=X11,V11,IF(W1049=X12,V12,"ALGO ESTA MAL"))))) -> 0 | W1049: =LARGE($X$8:$X$12,U1049) -> 0 | X1049: =IF(W1049>0.1%,W1049,"Algo Esta Mal") -> 0 | Y1049: =IF(X1049=W1049,V1049," ") -> 0 | AD1049: 4 | AE1049: =IF(AF1049=AG8,AE8,IF(AF1049=AG9,AE9,IF(AF1049=AG10,AE10,IF(AF1049=AG11,AE11,IF(AF1049=AG12,AE12,"ALGO ESTA MAL"))))) -> 0 | AF1049: =LARGE($AG$8:$AG$12,AD1049) -> 0 | AG1049: =IF(AF1049>0.1%,AF1049,"Algo Esta Mal") -> 0 | AH1049: =IF(AG1049=AF1049,AE1049," ") -> 0 | AM1049: 4 | AN1049: =IF(AO1049=AP8,AN8,IF(AO1049=AP9,AN9,IF(AO1049=AP10,AN10,IF(AO1049=AP11,AN11,IF(AO1049=AP12,AN12,"ALGO ESTA MAL"))))) -> 0 | AO1049: =LARGE($AP$8:$AP$12,AM1049) -> 0 | AP1049: =IF(AO1049>0.1%,AO1049,"Algo Esta Mal") -> 0 | AQ1049: =IF(AP1049=AO1049,AN1049," ") -> 0 | AV1049: 4 | AW1049: =IF(AX1049=AY8,AW8,IF(AX1049=AY9,AW9,IF(AX1049=AY10,AW10,IF(AX1049=AY11,AW11,IF(AX1049=AY12,AW12,"ALGO ESTA MAL"))))) -> 0 | AX1049: =LARGE($AY$8:$AY$12,AV1049) -> 0 | AY1049: =IF(AX1049>0.1%,AX1049,"Algo Esta Mal") -> 0 | AZ1049: =IF(AY1049=AX1049,AW1049," ") -> 0 | BE1049: 4 | BF1049: =IF(BG1049=BH8,BF8,IF(BG1049=BH9,BF9,IF(BG1049=BH10,BF10,IF(BG1049=BH11,BF11,IF(BG1049=BH12,BF12,"ALGO ESTA MAL"))))) -> 0 | BG1049: =LARGE($BH$8:$BH$12,BE1049) -> 0 | BH1049: =IF(BG1049>0.1%,BG1049,"Algo Esta Mal") -> 0 | BI1049: =IF(BH1049=BG1049,BF1049," ") -> 0 | BN1049: 4 | BO1049: =IF(BP1049=BQ8,BO8,IF(BP1049=BQ9,BO9,IF(BP1049=BQ10,BO10,IF(BP1049=BQ11,BO11,IF(BP1049=BQ12,BO12,"ALGO ESTA MAL"))))) -> 0 | BP1049: =LARGE($BQ$8:$BQ$12,BN1049) -> 0 | BQ1049: =IF(BP1049>0.1%,BP1049,"Algo Esta Mal") -> 0 | BR1049: =IF(BQ1049=BP1049,BO1049," ") -> 0 | BW1049: 4 | BX1049: =IF(BY1049=BZ8,BX8,IF(BY1049=BZ9,BX9,IF(BY1049=BZ10,BX10,IF(BY1049=BZ11,BX11,IF(BY1049=BZ12,BX12,"ALGO ESTA MAL"))))) -> 0 | BY1049: =LARGE($BZ$8:$BZ$12,BW1049) -> 0 | BZ1049: =IF(BY1049>0.1%,BY1049,"Algo Esta Mal") -> 0 | CA1049: =IF(BZ1049=BY1049,BX1049," ") -> 0 | CF1049: 4 | CG1049: =IF(CH1049=CI8,CG8,IF(CH1049=CI9,CG9,IF(CH1049=CI10,CG10,IF(CH1049=CI11,CG11,IF(CH1049=CI12,CG12,"ALGO ESTA MAL"))))) -> 0 | CH1049: =LARGE($CI$8:$CI$12,CF1049) -> 0 | CI1049: =IF(CH1049>0.1%,CH1049,"Algo Esta Mal") -> 0 | CJ1049: =IF(CI1049=CH1049,CG1049," ") -> 0 | CO1049: 4 | CP1049: =IF(CQ1049=CR8,CP8,IF(CQ1049=CR9,CP9,IF(CQ1049=CR10,CP10,IF(CQ1049=CR11,CP11,IF(CQ1049=CR12,CP12,"ALGO ESTA MAL"))))) -> 0 | CQ1049: =LARGE($CR$8:$CR$12,CO1049) -> 0 | CR1049: =IF(CQ1049>0.1%,CQ1049,"Algo Esta Mal") -> 0 | CS1049: =IF(CR1049=CQ1049,CP1049," ") -> 0 | CX1049: 4 | CY1049: =IF(CZ1049=DA8,CY8,IF(CZ1049=DA9,CY9,IF(CZ1049=DA10,CY10,IF(CZ1049=DA11,CY11,IF(CZ1049=DA12,CY12,"ALGO ESTA MAL"))))) -> 0 | CZ1049: =LARGE($DA$8:$DA$12,CX1049) -> 0 | DA1049: =IF(CZ1049>0.1%,CZ1049,"Algo Esta Mal") -> 0 | DB1049: =IF(DA1049=CZ1049,CY1049," ") -> 0 | DG1049: 4 | DH1049: =IF(DI1049=DJ8,DH8,IF(DI1049=DJ9,DH9,IF(DI1049=DJ10,DH10,IF(DI1049=DJ11,DH11,IF(DI1049=DJ12,DH12,"ALGO ESTA MAL"))))) -> 0 | DI1049: =LARGE($DJ$8:$DJ$12,DG1049) -> 0 | DJ1049: =IF(DI1049>0.1%,DI1049,"Algo Esta Mal") -> 0 | DK1049: =IF(DJ1049=DI1049,DH1049," ") -> 0 | DP1049: 4 | DQ1049: =IF(DR1049=DS8,DQ8,IF(DR1049=DS9,DQ9,IF(DR1049=DS10,DQ10,IF(DR1049=DS11,DQ11,IF(DR1049=DS12,DQ12,"ALGO ESTA MAL"))))) -> 0 | DR1049: =LARGE($DS$8:$DS$12,DP1049) -> 0 | DS1049: =IF(DR1049>0.1%,DR1049,"Algo Esta Mal") -> 0 | DT1049: =IF(DS1049=DR1049,DQ1049," ") -> 0 | DY1049: 4 | DZ1049: =IF(EA1049=EB8,DZ8,IF(EA1049=EB9,DZ9,IF(EA1049=EB10,DZ10,IF(EA1049=EB11,DZ11,IF(EA1049=EB12,DZ12,"ALGO ESTA MAL"))))) -> 0 | EA1049: =LARGE($EB$8:$EB$12,DY1049) -> 0 | EB1049: =IF(EA1049>0.1%,EA1049,"Algo Esta Mal") -> 0 | EC1049: =IF(EB1049=EA1049,DZ1049," ") -> 0 | EH1049: 4 | EI1049: =IF(EJ1049=EK8,EI8,IF(EJ1049=EK9,EI9,IF(EJ1049=EK10,EI10,IF(EJ1049=EK11,EI11,IF(EJ1049=EK12,EI12,"ALGO ESTA MAL"))))) -> 0 | EJ1049: =LARGE($EK$8:$EK$12,EH1049) -> 0 | EK1049: =IF(EJ1049>0.1%,EJ1049,"Algo Esta Mal") -> 0 | EL1049: =IF(EK1049=EJ1049,EI1049," ") -> 0 | EQ1049: 4 | ER1049: =IF(ES1049=ET8,ER8,IF(ES1049=ET9,ER9,IF(ES1049=ET10,ER10,IF(ES1049=ET11,ER11,IF(ES1049=ET12,ER12,"ALGO ESTA MAL"))))) -> 0 | ES1049: =LARGE($ET$8:$ET$12,EQ1049) -> 0 | ET1049: =IF(ES1049>0.1%,ES1049,"Algo Esta Mal") -> 0 | EU1049: =IF(ET1049=ES1049,ER1049," ") -> 0 | EZ1049: 4 | FA1049: =IF(FB1049=FC8,FA8,IF(FB1049=FC9,FA9,IF(FB1049=FC10,FA10,IF(FB1049=FC11,FA11,IF(FB1049=FC12,FA12,"ALGO ESTA MAL"))))) -> 0 | FB1049: =LARGE($FC$8:$FC$12,EZ1049) -> 0 | FC1049: =IF(FB1049>0.1%,FB1049,"Algo Esta Mal") -> 0 | FD1049: =IF(FC1049=FB1049,FA1049," ") -> 0 | FI1049: 4 | FJ1049: =IF(FK1049=FL8,FJ8,IF(FK1049=FL9,FJ9,IF(FK1049=FL10,FJ10,IF(FK1049=FL11,FJ11,IF(FK1049=FL12,FJ12,"ALGO ESTA MAL"))))) -> 0 | FK1049: =LARGE($FL$8:$FL$12,FI1049) -> 0 | FL1049: =IF(FK1049>0.1%,FK1049,"Algo Esta Mal") -> 0 | FM1049: =IF(FL1049=FK1049,FJ1049," ") -> 0 | FR1049: 4 | FS1049: =IF(FT1049=FU8,FS8,IF(FT1049=FU9,FS9,IF(FT1049=FU10,FS10,IF(FT1049=FU11,FS11,IF(FT1049=FU12,FS12,"ALGO ESTA MAL"))))) -> 0 | FT1049: =LARGE($FU$8:$FU$12,FR1049) -> 0 | FU1049: =IF(FT1049>0.1%,FT1049,"Algo Esta Mal") -> 0 | FV1049: =IF(FU1049=FT1049,FS1049," ") -> 0 | GA1049: 4 | GB1049: =IF(GC1049=GD8,GB8,IF(GC1049=GD9,GB9,IF(GC1049=GD10,GB10,IF(GC1049=GD11,GB11,IF(GC1049=GD12,GB12,"ALGO ESTA MAL"))))) -> 0 | GC1049: =LARGE($GD$8:$GD$12,GA1049) -> 0 | GD1049: =IF(GC1049>0.1%,GC1049,"Algo Esta Mal") -> 0 | GE1049: =IF(GD1049=GC1049,GB1049," ") -> 0 | GJ1049: 4 | GK1049: =IF(GL1049=GM8,GK8,IF(GL1049=GM9,GK9,IF(GL1049=GM10,GK10,IF(GL1049=GM11,GK11,IF(GL1049=GM12,GK12,"ALGO ESTA MAL"))))) -> 0 | GL1049: =LARGE($GM$8:$GM$12,GJ1049) -> 0 | GM1049: =IF(GL1049>0.1%,GL1049,"Algo Esta Mal") -> 0 | GN1049: =IF(GM1049=GL1049,GK1049," ") -> 0
C1050: 5 | D1050: =IF(E1050=F8,D8,IF(E1050=F9,D9,IF(E1050=F10,D10,IF(E1050=F11,D11,IF(E1050=F12,D12,"ALGO ESTA MAL"))))) -> 0 | E1050: =LARGE($F$8:$F$12,C1050) -> 0 | F1050: =IF(E1050>0.1%,E1050,"Algo Esta Mal") -> 0 | G1050: =IF(F1050=E1050,D1050," ") -> 0 | L1050: 5 | M1050: =IF(N1050=O8,M8,IF(N1050=O9,M9,IF(N1050=O10,M10,IF(N1050=O11,M11,IF(N1050=O12,M12,"ALGO ESTA MAL"))))) -> 0 | N1050: =LARGE($O$8:$O$12,L1050) -> 0 | O1050: =IF(N1050>0.1%,N1050,"Algo Esta Mal") -> 0 | P1050: =IF(O1050=N1050,M1050," ") -> 0 | U1050: 5 | V1050: =IF(W1050=X8,V8,IF(W1050=X9,V9,IF(W1050=X10,V10,IF(W1050=X11,V11,IF(W1050=X12,V12,"ALGO ESTA MAL"))))) -> 0 | W1050: =LARGE($X$8:$X$12,U1050) -> 0 | X1050: =IF(W1050>0.1%,W1050,"Algo Esta Mal") -> 0 | Y1050: =IF(X1050=W1050,V1050," ") -> 0 | AD1050: 5 | AE1050: =IF(AF1050=AG8,AE8,IF(AF1050=AG9,AE9,IF(AF1050=AG10,AE10,IF(AF1050=AG11,AE11,IF(AF1050=AG12,AE12,"ALGO ESTA MAL"))))) -> 0 | AF1050: =LARGE($AG$8:$AG$12,AD1050) -> 0 | AG1050: =IF(AF1050>0.1%,AF1050,"Algo Esta Mal") -> 0 | AH1050: =IF(AG1050=AF1050,AE1050," ") -> 0 | AM1050: 5 | AN1050: =IF(AO1050=AP8,AN8,IF(AO1050=AP9,AN9,IF(AO1050=AP10,AN10,IF(AO1050=AP11,AN11,IF(AO1050=AP12,AN12,"ALGO ESTA MAL"))))) -> 0 | AO1050: =LARGE($AP$8:$AP$12,AM1050) -> 0 | AP1050: =IF(AO1050>0.1%,AO1050,"Algo Esta Mal") -> 0 | AQ1050: =IF(AP1050=AO1050,AN1050," ") -> 0 | AV1050: 5 | AW1050: =IF(AX1050=AY8,AW8,IF(AX1050=AY9,AW9,IF(AX1050=AY10,AW10,IF(AX1050=AY11,AW11,IF(AX1050=AY12,AW12,"ALGO ESTA MAL"))))) -> 0 | AX1050: =LARGE($AY$8:$AY$12,AV1050) -> 0 | AY1050: =IF(AX1050>0.1%,AX1050,"Algo Esta Mal") -> 0 | AZ1050: =IF(AY1050=AX1050,AW1050," ") -> 0 | BE1050: 5 | BF1050: =IF(BG1050=BH8,BF8,IF(BG1050=BH9,BF9,IF(BG1050=BH10,BF10,IF(BG1050=BH11,BF11,IF(BG1050=BH12,BF12,"ALGO ESTA MAL"))))) -> 0 | BG1050: =LARGE($BH$8:$BH$12,BE1050) -> 0 | BH1050: =IF(BG1050>0.1%,BG1050,"Algo Esta Mal") -> 0 | BI1050: =IF(BH1050=BG1050,BF1050," ") -> 0 | BN1050: 5 | BO1050: =IF(BP1050=BQ8,BO8,IF(BP1050=BQ9,BO9,IF(BP1050=BQ10,BO10,IF(BP1050=BQ11,BO11,IF(BP1050=BQ12,BO12,"ALGO ESTA MAL"))))) -> 0 | BP1050: =LARGE($BQ$8:$BQ$12,BN1050) -> 0 | BQ1050: =IF(BP1050>0.1%,BP1050,"Algo Esta Mal") -> 0 | BR1050: =IF(BQ1050=BP1050,BO1050," ") -> 0 | BW1050: 5 | BX1050: =IF(BY1050=BZ8,BX8,IF(BY1050=BZ9,BX9,IF(BY1050=BZ10,BX10,IF(BY1050=BZ11,BX11,IF(BY1050=BZ12,BX12,"ALGO ESTA MAL"))))) -> 0 | BY1050: =LARGE($BZ$8:$BZ$12,BW1050) -> 0 | BZ1050: =IF(BY1050>0.1%,BY1050,"Algo Esta Mal") -> 0 | CA1050: =IF(BZ1050=BY1050,BX1050," ") -> 0 | CF1050: 5 | CG1050: =IF(CH1050=CI8,CG8,IF(CH1050=CI9,CG9,IF(CH1050=CI10,CG10,IF(CH1050=CI11,CG11,IF(CH1050=CI12,CG12,"ALGO ESTA MAL"))))) -> 0 | CH1050: =LARGE($CI$8:$CI$12,CF1050) -> 0 | CI1050: =IF(CH1050>0.1%,CH1050,"Algo Esta Mal") -> 0 | CJ1050: =IF(CI1050=CH1050,CG1050," ") -> 0 | CO1050: 5 | CP1050: =IF(CQ1050=CR8,CP8,IF(CQ1050=CR9,CP9,IF(CQ1050=CR10,CP10,IF(CQ1050=CR11,CP11,IF(CQ1050=CR12,CP12,"ALGO ESTA MAL"))))) -> 0 | CQ1050: =LARGE($CR$8:$CR$12,CO1050) -> 0 | CR1050: =IF(CQ1050>0.1%,CQ1050,"Algo Esta Mal") -> 0 | CS1050: =IF(CR1050=CQ1050,CP1050," ") -> 0 | CX1050: 5 | CY1050: =IF(CZ1050=DA8,CY8,IF(CZ1050=DA9,CY9,IF(CZ1050=DA10,CY10,IF(CZ1050=DA11,CY11,IF(CZ1050=DA12,CY12,"ALGO ESTA MAL"))))) -> 0 | CZ1050: =LARGE($DA$8:$DA$12,CX1050) -> 0 | DA1050: =IF(CZ1050>0.1%,CZ1050,"Algo Esta Mal") -> 0 | DB1050: =IF(DA1050=CZ1050,CY1050," ") -> 0 | DG1050: 5 | DH1050: =IF(DI1050=DJ8,DH8,IF(DI1050=DJ9,DH9,IF(DI1050=DJ10,DH10,IF(DI1050=DJ11,DH11,IF(DI1050=DJ12,DH12,"ALGO ESTA MAL"))))) -> 0 | DI1050: =LARGE($DJ$8:$DJ$12,DG1050) -> 0 | DJ1050: =IF(DI1050>0.1%,DI1050,"Algo Esta Mal") -> 0 | DK1050: =IF(DJ1050=DI1050,DH1050," ") -> 0 | DP1050: 5 | DQ1050: =IF(DR1050=DS8,DQ8,IF(DR1050=DS9,DQ9,IF(DR1050=DS10,DQ10,IF(DR1050=DS11,DQ11,IF(DR1050=DS12,DQ12,"ALGO ESTA MAL"))))) -> 0 | DR1050: =LARGE($DS$8:$DS$12,DP1050) -> 0 | DS1050: =IF(DR1050>0.1%,DR1050,"Algo Esta Mal") -> 0 | DT1050: =IF(DS1050=DR1050,DQ1050," ") -> 0 | DY1050: 5 | DZ1050: =IF(EA1050=EB8,DZ8,IF(EA1050=EB9,DZ9,IF(EA1050=EB10,DZ10,IF(EA1050=EB11,DZ11,IF(EA1050=EB12,DZ12,"ALGO ESTA MAL"))))) -> 0 | EA1050: =LARGE($EB$8:$EB$12,DY1050) -> 0 | EB1050: =IF(EA1050>0.1%,EA1050,"Algo Esta Mal") -> 0 | EC1050: =IF(EB1050=EA1050,DZ1050," ") -> 0 | EH1050: 5 | EI1050: =IF(EJ1050=EK8,EI8,IF(EJ1050=EK9,EI9,IF(EJ1050=EK10,EI10,IF(EJ1050=EK11,EI11,IF(EJ1050=EK12,EI12,"ALGO ESTA MAL"))))) -> 0 | EJ1050: =LARGE($EK$8:$EK$12,EH1050) -> 0 | EK1050: =IF(EJ1050>0.1%,EJ1050,"Algo Esta Mal") -> 0 | EL1050: =IF(EK1050=EJ1050,EI1050," ") -> 0 | EQ1050: 5 | ER1050: =IF(ES1050=ET8,ER8,IF(ES1050=ET9,ER9,IF(ES1050=ET10,ER10,IF(ES1050=ET11,ER11,IF(ES1050=ET12,ER12,"ALGO ESTA MAL"))))) -> 0 | ES1050: =LARGE($ET$8:$ET$12,EQ1050) -> 0 | ET1050: =IF(ES1050>0.1%,ES1050,"Algo Esta Mal") -> 0 | EU1050: =IF(ET1050=ES1050,ER1050," ") -> 0 | EZ1050: 5 | FA1050: =IF(FB1050=FC8,FA8,IF(FB1050=FC9,FA9,IF(FB1050=FC10,FA10,IF(FB1050=FC11,FA11,IF(FB1050=FC12,FA12,"ALGO ESTA MAL"))))) -> 0 | FB1050: =LARGE($FC$8:$FC$12,EZ1050) -> 0 | FC1050: =IF(FB1050>0.1%,FB1050,"Algo Esta Mal") -> 0 | FD1050: =IF(FC1050=FB1050,FA1050," ") -> 0 | FI1050: 5 | FJ1050: =IF(FK1050=FL8,FJ8,IF(FK1050=FL9,FJ9,IF(FK1050=FL10,FJ10,IF(FK1050=FL11,FJ11,IF(FK1050=FL12,FJ12,"ALGO ESTA MAL"))))) -> 0 | FK1050: =LARGE($FL$8:$FL$12,FI1050) -> 0 | FL1050: =IF(FK1050>0.1%,FK1050,"Algo Esta Mal") -> 0 | FM1050: =IF(FL1050=FK1050,FJ1050," ") -> 0 | FR1050: 5 | FS1050: =IF(FT1050=FU8,FS8,IF(FT1050=FU9,FS9,IF(FT1050=FU10,FS10,IF(FT1050=FU11,FS11,IF(FT1050=FU12,FS12,"ALGO ESTA MAL"))))) -> 0 | FT1050: =LARGE($FU$8:$FU$12,FR1050) -> 0 | FU1050: =IF(FT1050>0.1%,FT1050,"Algo Esta Mal") -> 0 | FV1050: =IF(FU1050=FT1050,FS1050," ") -> 0 | GA1050: 5 | GB1050: =IF(GC1050=GD8,GB8,IF(GC1050=GD9,GB9,IF(GC1050=GD10,GB10,IF(GC1050=GD11,GB11,IF(GC1050=GD12,GB12,"ALGO ESTA MAL"))))) -> 0 | GC1050: =LARGE($GD$8:$GD$12,GA1050) -> 0 | GD1050: =IF(GC1050>0.1%,GC1050,"Algo Esta Mal") -> 0 | GE1050: =IF(GD1050=GC1050,GB1050," ") -> 0 | GJ1050: 5 | GK1050: =IF(GL1050=GM8,GK8,IF(GL1050=GM9,GK9,IF(GL1050=GM10,GK10,IF(GL1050=GM11,GK11,IF(GL1050=GM12,GK12,"ALGO ESTA MAL"))))) -> 0 | GL1050: =LARGE($GM$8:$GM$12,GJ1050) -> 0 | GM1050: =IF(GL1050>0.1%,GL1050,"Algo Esta Mal") -> 0 | GN1050: =IF(GM1050=GL1050,GK1050," ") -> 0
D1052: Mayoria | M1052: Mayoria | V1052: Mayoria | AE1052: Mayoria | AN1052: Mayoria | AW1052: Mayoria | BF1052: Mayoria | BO1052: Mayoria | BX1052: Mayoria | CG1052: Mayoria | CP1052: Mayoria | CY1052: Mayoria | DH1052: Mayoria | DQ1052: Mayoria | DZ1052: Mayoria | EI1052: Mayoria | ER1052: Mayoria | FA1052: Mayoria | FJ1052: Mayoria | FS1052: Mayoria | GB1052: Mayoria | GK1052: Mayoria
D1053: =SUM(F8:F10) -> 0 | E1053: =MAX(D1053:D1054) -> 0 | M1053: =SUM(O8:O10) -> 0 | N1053: =MAX(M1053:M1054) -> 0 | V1053: =SUM(X8:X10) -> 0 | W1053: =MAX(V1053:V1054) -> 0 | AE1053: =SUM(AG8:AG10) -> 0 | AF1053: =MAX(AE1053:AE1054) -> 0 | AN1053: =SUM(AP8:AP10) -> 0 | AO1053: =MAX(AN1053:AN1054) -> 0 | AW1053: =SUM(AY8:AY10) -> 0 | AX1053: =MAX(AW1053:AW1054) -> 0 | BF1053: =SUM(BH8:BH10) -> 0 | BG1053: =MAX(BF1053:BF1054) -> 0 | BO1053: =SUM(BQ8:BQ10) -> 0 | BP1053: =MAX(BO1053:BO1054) -> 0 | BX1053: =SUM(BZ8:BZ10) -> 0 | BY1053: =MAX(BX1053:BX1054) -> 0 | CG1053: =SUM(CI8:CI10) -> 0 | CH1053: =MAX(CG1053:CG1054) -> 0 | CP1053: =SUM(CR8:CR10) -> 0 | CQ1053: =MAX(CP1053:CP1054) -> 0 | CY1053: =SUM(DA8:DA10) -> 0 | CZ1053: =MAX(CY1053:CY1054) -> 0 | DH1053: =SUM(DJ8:DJ10) -> 0 | DI1053: =MAX(DH1053:DH1054) -> 0 | DQ1053: =SUM(DS8:DS10) -> 0 | DR1053: =MAX(DQ1053:DQ1054) -> 0 | DZ1053: =SUM(EB8:EB10) -> 0 | EA1053: =MAX(DZ1053:DZ1054) -> 0 | EI1053: =SUM(EK8:EK10) -> 0 | EJ1053: =MAX(EI1053:EI1054) -> 0 | ER1053: =SUM(ET8:ET10) -> 0 | ES1053: =MAX(ER1053:ER1054) -> 0 | FA1053: =SUM(FC8:FC10) -> 0 | FB1053: =MAX(FA1053:FA1054) -> 0 | FJ1053: =SUM(FL8:FL10) -> 0 | FK1053: =MAX(FJ1053:FJ1054) -> 0 | FS1053: =SUM(FU8:FU10) -> 0 | FT1053: =MAX(FS1053:FS1054) -> 0 | GB1053: =SUM(GD8:GD10) -> 0 | GC1053: =MAX(GB1053:GB1054) -> 0 | GK1053: =SUM(GM8:GM10) -> 0 | GL1053: =MAX(GK1053:GK1054) -> 0
D1054: =SUM(F10:F12) -> 0 | M1054: =SUM(O10:O12) -> 0 | V1054: =SUM(X10:X12) -> 0 | AE1054: =SUM(AG10:AG12) -> 0 | AN1054: =SUM(AP10:AP12) -> 0 | AW1054: =SUM(AY10:AY12) -> 0 | BF1054: =SUM(BH10:BH12) -> 0 | BO1054: =SUM(BQ10:BQ12) -> 0 | BX1054: =SUM(BZ10:BZ12) -> 0 | CG1054: =SUM(CI10:CI12) -> 0 | CP1054: =SUM(CR10:CR12) -> 0 | CY1054: =SUM(DA10:DA12) -> 0 | DH1054: =SUM(DJ10:DJ12) -> 0 | DQ1054: =SUM(DS10:DS12) -> 0 | DZ1054: =SUM(EB10:EB12) -> 0 | EI1054: =SUM(EK10:EK12) -> 0 | ER1054: =SUM(ET10:ET12) -> 0 | FA1054: =SUM(FC10:FC12) -> 0 | FJ1054: =SUM(FL10:FL12) -> 0 | FS1054: =SUM(FU10:FU12) -> 0 | GB1054: =SUM(GD10:GD12) -> 0 | GK1054: =SUM(GM10:GM12) -> 0
D1056: . | E1056: =SUM(F8:F9) -> 0 | M1056: . | N1056: =SUM(O8:O9) -> 0 | V1056: . | W1056: =SUM(X8:X9) -> 0 | AE1056: . | AF1056: =SUM(AG8:AG9) -> 0 | AN1056: . | AO1056: =SUM(AP8:AP9) -> 0 | AW1056: . | AX1056: =SUM(AY8:AY9) -> 0 | BF1056: . | BG1056: =SUM(BH8:BH9) -> 0 | BO1056: . | BP1056: =SUM(BQ8:BQ9) -> 0 | BX1056: . | BY1056: =SUM(BZ8:BZ9) -> 0 | CG1056: . | CH1056: =SUM(CI8:CI9) -> 0 | CP1056: . | CQ1056: =SUM(CR8:CR9) -> 0 | CY1056: . | CZ1056: =SUM(DA8:DA9) -> 0 | DH1056: . | DI1056: =SUM(DJ8:DJ9) -> 0 | DQ1056: . | DR1056: =SUM(DS8:DS9) -> 0 | DZ1056: . | EA1056: =SUM(EB8:EB9) -> 0 | EI1056: . | EJ1056: =SUM(EK8:EK9) -> 0 | ER1056: . | ES1056: =SUM(ET8:ET9) -> 0 | FA1056: . | FB1056: =SUM(FC8:FC9) -> 0 | FJ1056: . | FK1056: =SUM(FL8:FL9) -> 0 | FS1056: . | FT1056: =SUM(FU8:FU9) -> 0 | GB1056: . | GC1056: =SUM(GD8:GD9) -> 0 | GK1056: . | GL1056: =SUM(GM8:GM9) -> 0
D1057: . | E1057: =SUM(F10) -> 0 | M1057: . | N1057: =SUM(O10) -> 0 | V1057: . | W1057: =SUM(X10) -> 0 | AE1057: . | AF1057: =SUM(AG10) -> 0 | AN1057: . | AO1057: =SUM(AP10) -> 0 | AW1057: . | AX1057: =SUM(AY10) -> 0 | BF1057: . | BG1057: =SUM(BH10) -> 0 | BO1057: . | BP1057: =SUM(BQ10) -> 0 | BX1057: . | BY1057: =SUM(BZ10) -> 0 | CG1057: . | CH1057: =SUM(CI10) -> 0 | CP1057: . | CQ1057: =SUM(CR10) -> 0 | CY1057: . | CZ1057: =SUM(DA10) -> 0 | DH1057: . | DI1057: =SUM(DJ10) -> 0 | DQ1057: . | DR1057: =SUM(DS10) -> 0 | DZ1057: . | EA1057: =SUM(EB10) -> 0 | EI1057: . | EJ1057: =SUM(EK10) -> 0 | ER1057: . | ES1057: =SUM(ET10) -> 0 | FA1057: . | FB1057: =SUM(FC10) -> 0 | FJ1057: . | FK1057: =SUM(FL10) -> 0 | FS1057: . | FT1057: =SUM(FU10) -> 0 | GB1057: . | GC1057: =SUM(GD10) -> 0 | GK1057: . | GL1057: =SUM(GM10) -> 0
D1058: . | E1058: =SUM(F11:F12) -> 0 | M1058: . | N1058: =SUM(O11:O12) -> 0 | V1058: . | W1058: =SUM(X11:X12) -> 0 | AE1058: . | AF1058: =SUM(AG11:AG12) -> 0 | AN1058: . | AO1058: =SUM(AP11:AP12) -> 0 | AW1058: . | AX1058: =SUM(AY11:AY12) -> 0 | BF1058: . | BG1058: =SUM(BH11:BH12) -> 0 | BO1058: . | BP1058: =SUM(BQ11:BQ12) -> 0 | BX1058: . | BY1058: =SUM(BZ11:BZ12) -> 0 | CG1058: . | CH1058: =SUM(CI11:CI12) -> 0 | CP1058: . | CQ1058: =SUM(CR11:CR12) -> 0 | CY1058: . | CZ1058: =SUM(DA11:DA12) -> 0 | DH1058: . | DI1058: =SUM(DJ11:DJ12) -> 0 | DQ1058: . | DR1058: =SUM(DS11:DS12) -> 0 | DZ1058: . | EA1058: =SUM(EB11:EB12) -> 0 | EI1058: . | EJ1058: =SUM(EK11:EK12) -> 0 | ER1058: . | ES1058: =SUM(ET11:ET12) -> 0 | FA1058: . | FB1058: =SUM(FC11:FC12) -> 0 | FJ1058: . | FK1058: =SUM(FL11:FL12) -> 0 | FS1058: . | FT1058: =SUM(FU11:FU12) -> 0 | GB1058: . | GC1058: =SUM(GD11:GD12) -> 0 | GK1058: . | GL1058: =SUM(GM11:GM12) -> 0
E1060: =IF(E1056>=51%,D1056,IF(E1057>=51%,D1057,IF(E1058>=51%,D1058,IF(SUM(E1056:E1057)>SUM(E1057:E1058),D1056,IF(SUM(E1056:E1057)<SUM(E1057:E1058),D1058,"Algo esta Mal"))))) -> 0 | N1060: =IF(N1056>=51%,M1056,IF(N1057>=51%,M1057,IF(N1058>=51%,M1058,IF(SUM(N1056:N1057)>SUM(N1057:N1058),M1056,IF(SUM(N1056:N1057)<SUM(N1057:N1058),M1058,"Algo esta Mal"))))) -> 0 | W1060: =IF(W1056>=51%,V1056,IF(W1057>=51%,V1057,IF(W1058>=51%,V1058,IF(SUM(W1056:W1057)>SUM(W1057:W1058),V1056,IF(SUM(W1056:W1057)<SUM(W1057:W1058),V1058,"Algo esta Mal"))))) -> 0 | AF1060: =IF(AF1056>=51%,AE1056,IF(AF1057>=51%,AE1057,IF(AF1058>=51%,AE1058,IF(SUM(AF1056:AF1057)>SUM(AF1057:AF1058),AE1056,IF(SUM(AF1056:AF1057)<SUM(AF1057:AF1058),AE1058,"Algo esta Mal"))))) -> 0 | AO1060: =IF(AO1056>=51%,AN1056,IF(AO1057>=51%,AN1057,IF(AO1058>=51%,AN1058,IF(SUM(AO1056:AO1057)>SUM(AO1057:AO1058),AN1056,IF(SUM(AO1056:AO1057)<SUM(AO1057:AO1058),AN1058,"Algo esta Mal"))))) -> 0 | AX1060: =IF(AX1056>=51%,AW1056,IF(AX1057>=51%,AW1057,IF(AX1058>=51%,AW1058,IF(SUM(AX1056:AX1057)>SUM(AX1057:AX1058),AW1056,IF(SUM(AX1056:AX1057)<SUM(AX1057:AX1058),AW1058,"Algo esta Mal"))))) -> 0 | BG1060: =IF(BG1056>=51%,BF1056,IF(BG1057>=51%,BF1057,IF(BG1058>=51%,BF1058,IF(SUM(BG1056:BG1057)>SUM(BG1057:BG1058),BF1056,IF(SUM(BG1056:BG1057)<SUM(BG1057:BG1058),BF1058,"Algo esta Mal"))))) -> 0 | BP1060: =IF(BP1056>=51%,BO1056,IF(BP1057>=51%,BO1057,IF(BP1058>=51%,BO1058,IF(SUM(BP1056:BP1057)>SUM(BP1057:BP1058),BO1056,IF(SUM(BP1056:BP1057)<SUM(BP1057:BP1058),BO1058,"Algo esta Mal"))))) -> 0 | BY1060: =IF(BY1056>=51%,BX1056,IF(BY1057>=51%,BX1057,IF(BY1058>=51%,BX1058,IF(SUM(BY1056:BY1057)>SUM(BY1057:BY1058),BX1056,IF(SUM(BY1056:BY1057)<SUM(BY1057:BY1058),BX1058,"Algo esta Mal"))))) -> 0 | CH1060: =IF(CH1056>=51%,CG1056,IF(CH1057>=51%,CG1057,IF(CH1058>=51%,CG1058,IF(SUM(CH1056:CH1057)>SUM(CH1057:CH1058),CG1056,IF(SUM(CH1056:CH1057)<SUM(CH1057:CH1058),CG1058,"Algo esta Mal"))))) -> 0 | CQ1060: =IF(CQ1056>=51%,CP1056,IF(CQ1057>=51%,CP1057,IF(CQ1058>=51%,CP1058,IF(SUM(CQ1056:CQ1057)>SUM(CQ1057:CQ1058),CP1056,IF(SUM(CQ1056:CQ1057)<SUM(CQ1057:CQ1058),CP1058,"Algo esta Mal"))))) -> 0 | CZ1060: =IF(CZ1056>=51%,CY1056,IF(CZ1057>=51%,CY1057,IF(CZ1058>=51%,CY1058,IF(SUM(CZ1056:CZ1057)>SUM(CZ1057:CZ1058),CY1056,IF(SUM(CZ1056:CZ1057)<SUM(CZ1057:CZ1058),CY1058,"Algo esta Mal"))))) -> 0 | DI1060: =IF(DI1056>=51%,DH1056,IF(DI1057>=51%,DH1057,IF(DI1058>=51%,DH1058,IF(SUM(DI1056:DI1057)>SUM(DI1057:DI1058),DH1056,IF(SUM(DI1056:DI1057)<SUM(DI1057:DI1058),DH1058,"Algo esta Mal"))))) -> 0 | DR1060: =IF(DR1056>=51%,DQ1056,IF(DR1057>=51%,DQ1057,IF(DR1058>=51%,DQ1058,IF(SUM(DR1056:DR1057)>SUM(DR1057:DR1058),DQ1056,IF(SUM(DR1056:DR1057)<SUM(DR1057:DR1058),DQ1058,"Algo esta Mal"))))) -> 0 | EA1060: =IF(EA1056>=51%,DZ1056,IF(EA1057>=51%,DZ1057,IF(EA1058>=51%,DZ1058,IF(SUM(EA1056:EA1057)>SUM(EA1057:EA1058),DZ1056,IF(SUM(EA1056:EA1057)<SUM(EA1057:EA1058),DZ1058,"Algo esta Mal"))))) -> 0 | EJ1060: =IF(EJ1056>=51%,EI1056,IF(EJ1057>=51%,EI1057,IF(EJ1058>=51%,EI1058,IF(SUM(EJ1056:EJ1057)>SUM(EJ1057:EJ1058),EI1056,IF(SUM(EJ1056:EJ1057)<SUM(EJ1057:EJ1058),EI1058,"Algo esta Mal"))))) -> 0 | ES1060: =IF(ES1056>=51%,ER1056,IF(ES1057>=51%,ER1057,IF(ES1058>=51%,ER1058,IF(SUM(ES1056:ES1057)>SUM(ES1057:ES1058),ER1056,IF(SUM(ES1056:ES1057)<SUM(ES1057:ES1058),ER1058,"Algo esta Mal"))))) -> 0 | FB1060: =IF(FB1056>=51%,FA1056,IF(FB1057>=51%,FA1057,IF(FB1058>=51%,FA1058,IF(SUM(FB1056:FB1057)>SUM(FB1057:FB1058),FA1056,IF(SUM(FB1056:FB1057)<SUM(FB1057:FB1058),FA1058,"Algo esta Mal"))))) -> 0 | FK1060: =IF(FK1056>=51%,FJ1056,IF(FK1057>=51%,FJ1057,IF(FK1058>=51%,FJ1058,IF(SUM(FK1056:FK1057)>SUM(FK1057:FK1058),FJ1056,IF(SUM(FK1056:FK1057)<SUM(FK1057:FK1058),FJ1058,"Algo esta Mal"))))) -> 0 | FT1060: =IF(FT1056>=51%,FS1056,IF(FT1057>=51%,FS1057,IF(FT1058>=51%,FS1058,IF(SUM(FT1056:FT1057)>SUM(FT1057:FT1058),FS1056,IF(SUM(FT1056:FT1057)<SUM(FT1057:FT1058),FS1058,"Algo esta Mal"))))) -> 0 | GC1060: =IF(GC1056>=51%,GB1056,IF(GC1057>=51%,GB1057,IF(GC1058>=51%,GB1058,IF(SUM(GC1056:GC1057)>SUM(GC1057:GC1058),GB1056,IF(SUM(GC1056:GC1057)<SUM(GC1057:GC1058),GB1058,"Algo esta Mal"))))) -> 0 | GL1060: =IF(GL1056>=51%,GK1056,IF(GL1057>=51%,GK1057,IF(GL1058>=51%,GK1058,IF(SUM(GL1056:GL1057)>SUM(GL1057:GL1058),GK1056,IF(SUM(GL1056:GL1057)<SUM(GL1057:GL1058),GK1058,"Algo esta Mal"))))) -> 0
E1062: . | N1062: .
D2008: =('.'!A1020) -> 0 | E2008: =('.'!B1020) -> 0 | F2008: =('.'!B1026) -> 0 | M2008: =('.'!A1020) -> 0 | N2008: =('.'!C1020) -> 0 | O2008: =('.'!C1026) -> 0 | V2008: =('.'!A1020) -> 0 | W2008: =('.'!D1020) -> 0 | X2008: =('.'!D1026) -> 0 | AE2008: =('.'!A1020) -> 0 | AF2008: =('.'!E1020) -> 0 | AG2008: =('.'!E1026) -> 0 | AN2008: =('.'!A1020) -> 0 | AO2008: =('.'!F1020) -> 0 | AP2008: =('.'!F1026) -> 0 | AW2008: =('.'!A1020) -> 0 | AX2008: =('.'!G1020) -> 0 | AY2008: =('.'!G1026) -> 0 | BF2008: =('.'!A1020) -> 0 | BG2008: =('.'!H1020) -> 0 | BH2008: =('.'!H1026) -> 0 | BO2008: =('.'!A1020) -> 0 | BP2008: =('.'!I1020) -> 0 | BQ2008: =('.'!I1026) -> 0 | BX2008: =('.'!A1020) -> 0 | BY2008: =('.'!J1020) -> 0 | BZ2008: =('.'!J1026) -> 0 | CG2008: =('.'!A1020) -> 0 | CH2008: =('.'!K1020) -> 0 | CI2008: =('.'!K1026) -> 0 | CP2008: =('.'!A1020) -> 0 | CQ2008: =('.'!L1020) -> 0 | CR2008: =('.'!L1026) -> 0 | CY2008: =('.'!A1020) -> 0 | CZ2008: =('.'!M1020) -> 0 | DA2008: =('.'!M1026) -> 0 | DH2008: =('.'!A1020) -> 0 | DI2008: =('.'!N1020) -> 0 | DJ2008: =('.'!N1026) -> 0 | DQ2008: =('.'!A1020) -> 0 | DR2008: =('.'!O1020) -> 0 | DS2008: =('.'!O1026) -> 0 | DZ2008: =('.'!A1020) -> 0 | EA2008: =('.'!P1020) -> 0 | EB2008: =('.'!P1026) -> 0 | EI2008: =('.'!A1020) -> 0 | EJ2008: =('.'!Q1020) -> 0 | EK2008: =('.'!Q1026) -> 0 | ER2008: =('.'!A1020) -> 0 | ES2008: =('.'!R1020) -> 0 | ET2008: =('.'!R1026) -> 0 | FA2008: =('.'!A1020) -> 0 | FB2008: =('.'!S1020) -> 0 | FC2008: =('.'!S1026) -> 0 | FJ2008: =('.'!A1020) -> 0 | FK2008: =('.'!T1020) -> 0 | FL2008: =('.'!T1026) -> 0 | FS2008: =('.'!A1020) -> 0 | FT2008: =('.'!U1020) -> 0 | FU2008: =('.'!U1026) -> 0 | GB2008: =('.'!A1020) -> 0 | GC2008: =('.'!V1020) -> 0 | GD2008: =('.'!V1026) -> 0 | GK2008: =('.'!A1020) -> 0 | GL2008: =('.'!W1020) -> 0 | GM2008: =('.'!W1026) -> 0
D2009: =('.'!A1021) -> 0 | E2009: =('.'!B1021) -> 0 | F2009: =('.'!B1027) -> 0 | M2009: =('.'!A1021) -> 0 | N2009: =('.'!C1021) -> 0 | O2009: =('.'!C1027) -> 0 | V2009: =('.'!A1021) -> 0 | W2009: =('.'!D1021) -> 0 | X2009: =('.'!D1027) -> 0 | AE2009: =('.'!A1021) -> 0 | AF2009: =('.'!E1021) -> 0 | AG2009: =('.'!E1027) -> 0 | AN2009: =('.'!A1021) -> 0 | AO2009: =('.'!F1021) -> 0 | AP2009: =('.'!F1027) -> 0 | AW2009: =('.'!A1021) -> 0 | AX2009: =('.'!G1021) -> 0 | AY2009: =('.'!G1027) -> 0 | BF2009: =('.'!A1021) -> 0 | BG2009: =('.'!H1021) -> 0 | BH2009: =('.'!H1027) -> 0 | BO2009: =('.'!A1021) -> 0 | BP2009: =('.'!I1021) -> 0 | BQ2009: =('.'!I1027) -> 0 | BX2009: =('.'!A1021) -> 0 | BY2009: =('.'!J1021) -> 0 | BZ2009: =('.'!J1027) -> 0 | CG2009: =('.'!A1021) -> 0 | CH2009: =('.'!K1021) -> 0 | CI2009: =('.'!K1027) -> 0 | CP2009: =('.'!A1021) -> 0 | CQ2009: =('.'!L1021) -> 0 | CR2009: =('.'!L1027) -> 0 | CY2009: =('.'!A1021) -> 0 | CZ2009: =('.'!M1021) -> 0 | DA2009: =('.'!M1027) -> 0 | DH2009: =('.'!A1021) -> 0 | DI2009: =('.'!N1021) -> 0 | DJ2009: =('.'!N1027) -> 0 | DQ2009: =('.'!A1021) -> 0 | DR2009: =('.'!O1021) -> 0 | DS2009: =('.'!O1027) -> 0 | DZ2009: =('.'!A1021) -> 0 | EA2009: =('.'!P1021) -> 0 | EB2009: =('.'!P1027) -> 0 | EI2009: =('.'!A1021) -> 0 | EJ2009: =('.'!Q1021) -> 0 | EK2009: =('.'!Q1027) -> 0 | ER2009: =('.'!A1021) -> 0 | ES2009: =('.'!R1021) -> 0 | ET2009: =('.'!R1027) -> 0 | FA2009: =('.'!A1021) -> 0 | FB2009: =('.'!S1021) -> 0 | FC2009: =('.'!S1027) -> 0 | FJ2009: =('.'!A1021) -> 0 | FK2009: =('.'!T1021) -> 0 | FL2009: =('.'!T1027) -> 0 | FS2009: =('.'!A1021) -> 0 | FT2009: =('.'!U1021) -> 0 | FU2009: =('.'!U1027) -> 0 | GB2009: =('.'!A1021) -> 0 | GC2009: =('.'!V1021) -> 0 | GD2009: =('.'!V1027) -> 0 | GK2009: =('.'!A1021) -> 0 | GL2009: =('.'!W1021) -> 0 | GM2009: =('.'!W1027) -> 0
D2010: =('.'!A1022) -> 0 | E2010: =('.'!B1022) -> 0 | F2010: =('.'!B1028) -> 0 | M2010: =('.'!A1022) -> 0 | N2010: =('.'!C1022) -> 0 | O2010: =('.'!C1028) -> 0 | V2010: =('.'!A1022) -> 0 | W2010: =('.'!D1022) -> 0 | X2010: =('.'!D1028) -> 0 | AE2010: =('.'!A1022) -> 0 | AF2010: =('.'!E1022) -> 0 | AG2010: =('.'!E1028) -> 0 | AN2010: =('.'!A1022) -> 0 | AO2010: =('.'!F1022) -> 0 | AP2010: =('.'!F1028) -> 0 | AW2010: =('.'!A1022) -> 0 | AX2010: =('.'!G1022) -> 0 | AY2010: =('.'!G1028) -> 0 | BF2010: =('.'!A1022) -> 0 | BG2010: =('.'!H1022) -> 0 | BH2010: =('.'!H1028) -> 0 | BO2010: =('.'!A1022) -> 0 | BP2010: =('.'!I1022) -> 0 | BQ2010: =('.'!I1028) -> 0 | BX2010: =('.'!A1022) -> 0 | BY2010: =('.'!J1022) -> 0 | BZ2010: =('.'!J1028) -> 0 | CG2010: =('.'!A1022) -> 0 | CH2010: =('.'!K1022) -> 0 | CI2010: =('.'!K1028) -> 0 | CP2010: =('.'!A1022) -> 0 | CQ2010: =('.'!L1022) -> 0 | CR2010: =('.'!L1028) -> 0 | CY2010: =('.'!A1022) -> 0 | CZ2010: =('.'!M1022) -> 0 | DA2010: =('.'!M1028) -> 0 | DH2010: =('.'!A1022) -> 0 | DI2010: =('.'!N1022) -> 0 | DJ2010: =('.'!N1028) -> 0 | DQ2010: =('.'!A1022) -> 0 | DR2010: =('.'!O1022) -> 0 | DS2010: =('.'!O1028) -> 0 | DZ2010: =('.'!A1022) -> 0 | EA2010: =('.'!P1022) -> 0 | EB2010: =('.'!P1028) -> 0 | EI2010: =('.'!A1022) -> 0 | EJ2010: =('.'!Q1022) -> 0 | EK2010: =('.'!Q1028) -> 0 | ER2010: =('.'!A1022) -> 0 | ES2010: =('.'!R1022) -> 0 | ET2010: =('.'!R1028) -> 0 | FA2010: =('.'!A1022) -> 0 | FB2010: =('.'!S1022) -> 0 | FC2010: =('.'!S1028) -> 0 | FJ2010: =('.'!A1022) -> 0 | FK2010: =('.'!T1022) -> 0 | FL2010: =('.'!T1028) -> 0 | FS2010: =('.'!A1022) -> 0 | FT2010: =('.'!U1022) -> 0 | FU2010: =('.'!U1028) -> 0 | GB2010: =('.'!A1022) -> 0 | GC2010: =('.'!V1022) -> 0 | GD2010: =('.'!V1028) -> 0 | GK2010: =('.'!A1022) -> 0 | GL2010: =('.'!W1022) -> 0 | GM2010: =('.'!W1028) -> 0
D2011: =('.'!A1023) -> 0 | E2011: =('.'!B1023) -> 0 | F2011: =('.'!B1029) -> 0 | M2011: =('.'!A1023) -> 0 | N2011: =('.'!C1023) -> 0 | O2011: =('.'!C1029) -> 0 | V2011: =('.'!A1023) -> 0 | W2011: =('.'!D1023) -> 0 | X2011: =('.'!D1029) -> 0 | AE2011: =('.'!A1023) -> 0 | AF2011: =('.'!E1023) -> 0 | AG2011: =('.'!E1029) -> 0 | AN2011: =('.'!A1023) -> 0 | AO2011: =('.'!F1023) -> 0 | AP2011: =('.'!F1029) -> 0 | AW2011: =('.'!A1023) -> 0 | AX2011: =('.'!G1023) -> 0 | AY2011: =('.'!G1029) -> 0 | BF2011: =('.'!A1023) -> 0 | BG2011: =('.'!H1023) -> 0 | BH2011: =('.'!H1029) -> 0 | BO2011: =('.'!A1023) -> 0 | BP2011: =('.'!I1023) -> 0 | BQ2011: =('.'!I1029) -> 0 | BX2011: =('.'!A1023) -> 0 | BY2011: =('.'!J1023) -> 0 | BZ2011: =('.'!J1029) -> 0 | CG2011: =('.'!A1023) -> 0 | CH2011: =('.'!K1023) -> 0 | CI2011: =('.'!K1029) -> 0 | CP2011: =('.'!A1023) -> 0 | CQ2011: =('.'!L1023) -> 0 | CR2011: =('.'!L1029) -> 0 | CY2011: =('.'!A1023) -> 0 | CZ2011: =('.'!M1023) -> 0 | DA2011: =('.'!M1029) -> 0 | DH2011: =('.'!A1023) -> 0 | DI2011: =('.'!N1023) -> 0 | DJ2011: =('.'!N1029) -> 0 | DQ2011: =('.'!A1023) -> 0 | DR2011: =('.'!O1023) -> 0 | DS2011: =('.'!O1029) -> 0 | DZ2011: =('.'!A1023) -> 0 | EA2011: =('.'!P1023) -> 0 | EB2011: =('.'!P1029) -> 0 | EI2011: =('.'!A1023) -> 0 | EJ2011: =('.'!Q1023) -> 0 | EK2011: =('.'!Q1029) -> 0 | ER2011: =('.'!A1023) -> 0 | ES2011: =('.'!R1023) -> 0 | ET2011: =('.'!R1029) -> 0 | FA2011: =('.'!A1023) -> 0 | FB2011: =('.'!S1023) -> 0 | FC2011: =('.'!S1029) -> 0 | FJ2011: =('.'!A1023) -> 0 | FK2011: =('.'!T1023) -> 0 | FL2011: =('.'!T1029) -> 0 | FS2011: =('.'!A1023) -> 0 | FT2011: =('.'!U1023) -> 0 | FU2011: =('.'!U1029) -> 0 | GB2011: =('.'!A1023) -> 0 | GC2011: =('.'!V1023) -> 0 | GD2011: =('.'!V1029) -> 0 | GK2011: =('.'!A1023) -> 0 | GL2011: =('.'!W1023) -> 0 | GM2011: =('.'!W1029) -> 0
D2012: =('.'!A1024) -> 0 | E2012: =('.'!B1024) -> 0 | F2012: =('.'!B1030) -> 0 | M2012: =('.'!A1024) -> 0 | N2012: =('.'!C1024) -> 0 | O2012: =('.'!C1030) -> 0 | V2012: =('.'!A1024) -> 0 | W2012: =('.'!D1024) -> 0 | X2012: =('.'!D1030) -> 0 | AE2012: =('.'!A1024) -> 0 | AF2012: =('.'!E1024) -> 0 | AG2012: =('.'!E1030) -> 0 | AN2012: =('.'!A1024) -> 0 | AO2012: =('.'!F1024) -> 0 | AP2012: =('.'!F1030) -> 0 | AW2012: =('.'!A1024) -> 0 | AX2012: =('.'!G1024) -> 0 | AY2012: =('.'!G1030) -> 0 | BF2012: =('.'!A1024) -> 0 | BG2012: =('.'!H1024) -> 0 | BH2012: =('.'!H1030) -> 0 | BO2012: =('.'!A1024) -> 0 | BP2012: =('.'!I1024) -> 0 | BQ2012: =('.'!I1030) -> 0 | BX2012: =('.'!A1024) -> 0 | BY2012: =('.'!J1024) -> 0 | BZ2012: =('.'!J1030) -> 0 | CG2012: =('.'!A1024) -> 0 | CH2012: =('.'!K1024) -> 0 | CI2012: =('.'!K1030) -> 0 | CP2012: =('.'!A1024) -> 0 | CQ2012: =('.'!L1024) -> 0 | CR2012: =('.'!L1030) -> 0 | CY2012: =('.'!A1024) -> 0 | CZ2012: =('.'!M1024) -> 0 | DA2012: =('.'!M1030) -> 0 | DH2012: =('.'!A1024) -> 0 | DI2012: =('.'!N1024) -> 0 | DJ2012: =('.'!N1030) -> 0 | DQ2012: =('.'!A1024) -> 0 | DR2012: =('.'!O1024) -> 0 | DS2012: =('.'!O1030) -> 0 | DZ2012: =('.'!A1024) -> 0 | EA2012: =('.'!P1024) -> 0 | EB2012: =('.'!P1030) -> 0 | EI2012: =('.'!A1024) -> 0 | EJ2012: =('.'!Q1024) -> 0 | EK2012: =('.'!Q1030) -> 0 | ER2012: =('.'!A1024) -> 0 | ES2012: =('.'!R1024) -> 0 | ET2012: =('.'!R1030) -> 0 | FA2012: =('.'!A1024) -> 0 | FB2012: =('.'!S1024) -> 0 | FC2012: =('.'!S1030) -> 0 | FJ2012: =('.'!A1024) -> 0 | FK2012: =('.'!T1024) -> 0 | FL2012: =('.'!T1030) -> 0 | FS2012: =('.'!A1024) -> 0 | FT2012: =('.'!U1024) -> 0 | FU2012: =('.'!U1030) -> 0 | GB2012: =('.'!A1024) -> 0 | GC2012: =('.'!V1024) -> 0 | GD2012: =('.'!V1030) -> 0 | GK2012: =('.'!A1024) -> 0 | GL2012: =('.'!W1024) -> 0 | GM2012: =('.'!W1030) -> 0
D2013: =('.'!A1025) -> 0 | E2013: =('.'!B1025) -> 0 | F2013: =('.'!B1031) -> 0 | M2013: =('.'!A1025) -> 0 | N2013: =('.'!C1025) -> 0 | O2013: =('.'!C1031) -> 0 | V2013: =('.'!A1025) -> 0 | W2013: =('.'!D1025) -> 0 | X2013: =('.'!D1031) -> 0 | AE2013: =('.'!A1025) -> 0 | AF2013: =('.'!E1025) -> 0 | AG2013: =('.'!E1031) -> 0 | AN2013: =('.'!A1025) -> 0 | AO2013: =('.'!F1025) -> 0 | AP2013: =('.'!F1031) -> 0 | AW2013: =('.'!A1025) -> 0 | AX2013: =('.'!G1025) -> 0 | AY2013: =('.'!G1031) -> 0 | BF2013: =('.'!A1025) -> 0 | BG2013: =('.'!H1025) -> 0 | BH2013: =('.'!H1031) -> 0 | BO2013: =('.'!A1025) -> 0 | BP2013: =('.'!I1025) -> 0 | BQ2013: =('.'!I1031) -> 0 | BX2013: =('.'!A1025) -> 0 | BY2013: =('.'!J1025) -> 0 | BZ2013: =('.'!J1031) -> 0 | CG2013: =('.'!A1025) -> 0 | CH2013: =('.'!K1025) -> 0 | CI2013: =('.'!K1031) -> 0 | CP2013: =('.'!A1025) -> 0 | CQ2013: =('.'!L1025) -> 0 | CR2013: =('.'!L1031) -> 0 | CY2013: =('.'!A1025) -> 0 | CZ2013: =('.'!M1025) -> 0 | DA2013: =('.'!M1031) -> 0 | DH2013: =('.'!A1025) -> 0 | DI2013: =('.'!N1025) -> 0 | DJ2013: =('.'!N1031) -> 0 | DQ2013: =('.'!A1025) -> 0 | DR2013: =('.'!O1025) -> 0 | DS2013: =('.'!O1031) -> 0 | DZ2013: =('.'!A1025) -> 0 | EA2013: =('.'!P1025) -> 0 | EB2013: =('.'!P1031) -> 0 | EI2013: =('.'!A1025) -> 0 | EJ2013: =('.'!Q1025) -> 0 | EK2013: =('.'!Q1031) -> 0 | ER2013: =('.'!A1025) -> 0 | ES2013: =('.'!R1025) -> 0 | ET2013: =('.'!R1031) -> 0 | FA2013: =('.'!A1025) -> 0 | FB2013: =('.'!S1025) -> 0 | FC2013: =('.'!S1031) -> 0 | FJ2013: =('.'!A1025) -> 0 | FK2013: =('.'!T1025) -> 0 | FL2013: =('.'!T1031) -> 0 | FS2013: =('.'!A1025) -> 0 | FT2013: =('.'!U1025) -> 0 | FU2013: =('.'!U1031) -> 0 | GB2013: =('.'!A1025) -> 0 | GC2013: =('.'!V1025) -> 0 | GD2013: =('.'!V1031) -> 0 | GK2013: =('.'!A1025) -> 0 | GL2013: =('.'!W1025) -> 0 | GM2013: =('.'!W1031) -> 0
D2046: =IF(E2046=F2008,D2008,IF(E2046=F2009,D2009,IF(E2046=F2010,D2010,IF(E2046=F2011,D2011,IF(E2046=F2012,D2012,"ALGO ESTA MAL"))))) -> 0 | E2046: =LARGE($F$2008:$F$2012,C1046) -> 0 | F2046: =IF(E2046>0.1%,E2046,"Algo Esta Mal") -> 0 | G2046: =IF(F2046=E2046,D2046," ") -> 0 | M2046: =IF(N2046=O2008,M2008,IF(N2046=O2009,M2009,IF(N2046=O2010,M2010,IF(N2046=O2011,M2011,IF(N2046=O2012,M2012,"ALGO ESTA MAL"))))) -> 0 | N2046: =LARGE($O$2008:$O$2012,L1046) -> 0 | O2046: =IF(N2046>0.1%,N2046,"Algo Esta Mal") -> 0 | P2046: =IF(O2046=N2046,M2046," ") -> 0 | V2046: =IF(W2046=X2008,V2008,IF(W2046=X2009,V2009,IF(W2046=X2010,V2010,IF(W2046=X2011,V2011,IF(W2046=X2012,V2012,"ALGO ESTA MAL"))))) -> 0 | W2046: =LARGE($X$2008:$X$2012,U1046) -> 0 | X2046: =IF(W2046>0.1%,W2046,"Algo Esta Mal") -> 0 | Y2046: =IF(X2046=W2046,V2046," ") -> 0 | AE2046: =IF(AF2046=AG2008,AE2008,IF(AF2046=AG2009,AE2009,IF(AF2046=AG2010,AE2010,IF(AF2046=AG2011,AE2011,IF(AF2046=AG2012,AE2012,"ALGO ESTA MAL"))))) -> 0 | AF2046: =LARGE($AG$2008:$AG$2012,AD1046) -> 0 | AG2046: =IF(AF2046>0.1%,AF2046,"Algo Esta Mal") -> 0 | AH2046: =IF(AG2046=AF2046,AE2046," ") -> 0 | AN2046: =IF(AO2046=AP2008,AN2008,IF(AO2046=AP2009,AN2009,IF(AO2046=AP2010,AN2010,IF(AO2046=AP2011,AN2011,IF(AO2046=AP2012,AN2012,"ALGO ESTA MAL"))))) -> 0 | AO2046: =LARGE($AP$2008:$AP$2012,AM1046) -> 0 | AP2046: =IF(AO2046>0.1%,AO2046,"Algo Esta Mal") -> 0 | AQ2046: =IF(AP2046=AO2046,AN2046," ") -> 0 | AW2046: =IF(AX2046=AY2008,AW2008,IF(AX2046=AY2009,AW2009,IF(AX2046=AY2010,AW2010,IF(AX2046=AY2011,AW2011,IF(AX2046=AY2012,AW2012,"ALGO ESTA MAL"))))) -> 0 | AX2046: =LARGE($AY$2008:$AY$2012,AV1046) -> 0 | AY2046: =IF(AX2046>0.1%,AX2046,"Algo Esta Mal") -> 0 | AZ2046: =IF(AY2046=AX2046,AW2046," ") -> 0 | BF2046: =IF(BG2046=BH2008,BF2008,IF(BG2046=BH2009,BF2009,IF(BG2046=BH2010,BF2010,IF(BG2046=BH2011,BF2011,IF(BG2046=BH2012,BF2012,"ALGO ESTA MAL"))))) -> 0 | BG2046: =LARGE($BH$2008:$BH$2012,BE1046) -> 0 | BH2046: =IF(BG2046>0.1%,BG2046,"Algo Esta Mal") -> 0 | BI2046: =IF(BH2046=BG2046,BF2046," ") -> 0 | BO2046: =IF(BP2046=BQ2008,BO2008,IF(BP2046=BQ2009,BO2009,IF(BP2046=BQ2010,BO2010,IF(BP2046=BQ2011,BO2011,IF(BP2046=BQ2012,BO2012,"ALGO ESTA MAL"))))) -> 0 | BP2046: =LARGE($BQ$2008:$BQ$2012,BN1046) -> 0 | BQ2046: =IF(BP2046>0.1%,BP2046,"Algo Esta Mal") -> 0 | BR2046: =IF(BQ2046=BP2046,BO2046," ") -> 0 | BX2046: =IF(BY2046=BZ2008,BX2008,IF(BY2046=BZ2009,BX2009,IF(BY2046=BZ2010,BX2010,IF(BY2046=BZ2011,BX2011,IF(BY2046=BZ2012,BX2012,"ALGO ESTA MAL"))))) -> 0 | BY2046: =LARGE($BZ$2008:$BZ$2012,BW1046) -> 0 | BZ2046: =IF(BY2046>0.1%,BY2046,"Algo Esta Mal") -> 0 | CA2046: =IF(BZ2046=BY2046,BX2046," ") -> 0 | CG2046: =IF(CH2046=CI2008,CG2008,IF(CH2046=CI2009,CG2009,IF(CH2046=CI2010,CG2010,IF(CH2046=CI2011,CG2011,IF(CH2046=CI2012,CG2012,"ALGO ESTA MAL"))))) -> 0 | CH2046: =LARGE($CI$2008:$CI$2012,CF1046) -> 0 | CI2046: =IF(CH2046>0.1%,CH2046,"Algo Esta Mal") -> 0 | CJ2046: =IF(CI2046=CH2046,CG2046," ") -> 0 | CP2046: =IF(CQ2046=CR2008,CP2008,IF(CQ2046=CR2009,CP2009,IF(CQ2046=CR2010,CP2010,IF(CQ2046=CR2011,CP2011,IF(CQ2046=CR2012,CP2012,"ALGO ESTA MAL"))))) -> 0 | CQ2046: =LARGE($CR$2008:$CR$2012,CO1046) -> 0 | CR2046: =IF(CQ2046>0.1%,CQ2046,"Algo Esta Mal") -> 0 | CS2046: =IF(CR2046=CQ2046,CP2046," ") -> 0 | CY2046: =IF(CZ2046=DA2008,CY2008,IF(CZ2046=DA2009,CY2009,IF(CZ2046=DA2010,CY2010,IF(CZ2046=DA2011,CY2011,IF(CZ2046=DA2012,CY2012,"ALGO ESTA MAL"))))) -> 0 | CZ2046: =LARGE($DA$2008:$DA$2012,CX1046) -> 0 | DA2046: =IF(CZ2046>0.1%,CZ2046,"Algo Esta Mal") -> 0 | DB2046: =IF(DA2046=CZ2046,CY2046," ") -> 0 | DH2046: =IF(DI2046=DJ2008,DH2008,IF(DI2046=DJ2009,DH2009,IF(DI2046=DJ2010,DH2010,IF(DI2046=DJ2011,DH2011,IF(DI2046=DJ2012,DH2012,"ALGO ESTA MAL"))))) -> 0 | DI2046: =LARGE($DJ$2008:$DJ$2012,DG1046) -> 0 | DJ2046: =IF(DI2046>0.1%,DI2046,"Algo Esta Mal") -> 0 | DK2046: =IF(DJ2046=DI2046,DH2046," ") -> 0 | DQ2046: =IF(DR2046=DS2008,DQ2008,IF(DR2046=DS2009,DQ2009,IF(DR2046=DS2010,DQ2010,IF(DR2046=DS2011,DQ2011,IF(DR2046=DS2012,DQ2012,"ALGO ESTA MAL"))))) -> 0 | DR2046: =LARGE($DS$2008:$DS$2012,DP1046) -> 0 | DS2046: =IF(DR2046>0.1%,DR2046,"Algo Esta Mal") -> 0 | DT2046: =IF(DS2046=DR2046,DQ2046," ") -> 0 | DZ2046: =IF(EA2046=EB2008,DZ2008,IF(EA2046=EB2009,DZ2009,IF(EA2046=EB2010,DZ2010,IF(EA2046=EB2011,DZ2011,IF(EA2046=EB2012,DZ2012,"ALGO ESTA MAL"))))) -> 0 | EA2046: =LARGE($EB$2008:$EB$2012,DY1046) -> 0 | EB2046: =IF(EA2046>0.1%,EA2046,"Algo Esta Mal") -> 0 | EC2046: =IF(EB2046=EA2046,DZ2046," ") -> 0 | EI2046: =IF(EJ2046=EK2008,EI2008,IF(EJ2046=EK2009,EI2009,IF(EJ2046=EK2010,EI2010,IF(EJ2046=EK2011,EI2011,IF(EJ2046=EK2012,EI2012,"ALGO ESTA MAL"))))) -> 0 | EJ2046: =LARGE($EK$2008:$EK$2012,EH1046) -> 0 | EK2046: =IF(EJ2046>0.1%,EJ2046,"Algo Esta Mal") -> 0 | EL2046: =IF(EK2046=EJ2046,EI2046," ") -> 0 | ER2046: =IF(ES2046=ET2008,ER2008,IF(ES2046=ET2009,ER2009,IF(ES2046=ET2010,ER2010,IF(ES2046=ET2011,ER2011,IF(ES2046=ET2012,ER2012,"ALGO ESTA MAL"))))) -> 0 | ES2046: =LARGE($ET$2008:$ET$2012,EQ1046) -> 0 | ET2046: =IF(ES2046>0.1%,ES2046,"Algo Esta Mal") -> 0 | EU2046: =IF(ET2046=ES2046,ER2046," ") -> 0 | FA2046: =IF(FB2046=FC2008,FA2008,IF(FB2046=FC2009,FA2009,IF(FB2046=FC2010,FA2010,IF(FB2046=FC2011,FA2011,IF(FB2046=FC2012,FA2012,"ALGO ESTA MAL"))))) -> 0 | FB2046: =LARGE($FC$2008:$FC$2012,EZ1046) -> 0 | FC2046: =IF(FB2046>0.1%,FB2046,"Algo Esta Mal") -> 0 | FD2046: =IF(FC2046=FB2046,FA2046," ") -> 0 | FJ2046: =IF(FK2046=FL2008,FJ2008,IF(FK2046=FL2009,FJ2009,IF(FK2046=FL2010,FJ2010,IF(FK2046=FL2011,FJ2011,IF(FK2046=FL2012,FJ2012,"ALGO ESTA MAL"))))) -> 0 | FK2046: =LARGE($FL$2008:$FL$2012,FI1046) -> 0 | FL2046: =IF(FK2046>0.1%,FK2046,"Algo Esta Mal") -> 0 | FM2046: =IF(FL2046=FK2046,FJ2046," ") -> 0 | FS2046: =IF(FT2046=FU2008,FS2008,IF(FT2046=FU2009,FS2009,IF(FT2046=FU2010,FS2010,IF(FT2046=FU2011,FS2011,IF(FT2046=FU2012,FS2012,"ALGO ESTA MAL"))))) -> 0 | FT2046: =LARGE($FU$2008:$FU$2012,FR1046) -> 0 | FU2046: =IF(FT2046>0.1%,FT2046,"Algo Esta Mal") -> 0 | FV2046: =IF(FU2046=FT2046,FS2046," ") -> 0 | GB2046: =IF(GC2046=GD2008,GB2008,IF(GC2046=GD2009,GB2009,IF(GC2046=GD2010,GB2010,IF(GC2046=GD2011,GB2011,IF(GC2046=GD2012,GB2012,"ALGO ESTA MAL"))))) -> 0 | GC2046: =LARGE($GD$2008:$GD$2012,GA1046) -> 0 | GD2046: =IF(GC2046>0.1%,GC2046,"Algo Esta Mal") -> 0 | GE2046: =IF(GD2046=GC2046,GB2046," ") -> 0 | GK2046: =IF(GL2046=GM2008,GK2008,IF(GL2046=GM2009,GK2009,IF(GL2046=GM2010,GK2010,IF(GL2046=GM2011,GK2011,IF(GL2046=GM2012,GK2012,"ALGO ESTA MAL"))))) -> 0 | GL2046: =LARGE($GM$2008:$GM$2012,GJ1046) -> 0 | GM2046: =IF(GL2046>0.1%,GL2046,"Algo Esta Mal") -> 0 | GN2046: =IF(GM2046=GL2046,GK2046," ") -> 0
D2047: =IF(E2047=F2008,D2008,IF(E2047=F2009,D2009,IF(E2047=F2010,D2010,IF(E2047=F2011,D2011,IF(E2047=F2012,D2012,"ALGO ESTA MAL"))))) -> 0 | E2047: =LARGE($F$2008:$F$2012,C1047) -> 0 | F2047: =IF(E2047>0.1%,E2047,"Algo Esta Mal") -> 0 | G2047: =IF(F2047=E2047,D2047," ") -> 0 | M2047: =IF(N2047=O2008,M2008,IF(N2047=O2009,M2009,IF(N2047=O2010,M2010,IF(N2047=O2011,M2011,IF(N2047=O2012,M2012,"ALGO ESTA MAL"))))) -> 0 | N2047: =LARGE($O$2008:$O$2012,L1047) -> 0 | O2047: =IF(N2047>0.1%,N2047,"Algo Esta Mal") -> 0 | P2047: =IF(O2047=N2047,M2047," ") -> 0 | V2047: =IF(W2047=X2008,V2008,IF(W2047=X2009,V2009,IF(W2047=X2010,V2010,IF(W2047=X2011,V2011,IF(W2047=X2012,V2012,"ALGO ESTA MAL"))))) -> 0 | W2047: =LARGE($X$2008:$X$2012,U1047) -> 0 | X2047: =IF(W2047>0.1%,W2047,"Algo Esta Mal") -> 0 | Y2047: =IF(X2047=W2047,V2047," ") -> 0 | AE2047: =IF(AF2047=AG2008,AE2008,IF(AF2047=AG2009,AE2009,IF(AF2047=AG2010,AE2010,IF(AF2047=AG2011,AE2011,IF(AF2047=AG2012,AE2012,"ALGO ESTA MAL"))))) -> 0 | AF2047: =LARGE($AG$2008:$AG$2012,AD1047) -> 0 | AG2047: =IF(AF2047>0.1%,AF2047,"Algo Esta Mal") -> 0 | AH2047: =IF(AG2047=AF2047,AE2047," ") -> 0 | AN2047: =IF(AO2047=AP2008,AN2008,IF(AO2047=AP2009,AN2009,IF(AO2047=AP2010,AN2010,IF(AO2047=AP2011,AN2011,IF(AO2047=AP2012,AN2012,"ALGO ESTA MAL"))))) -> 0 | AO2047: =LARGE($AP$2008:$AP$2012,AM1047) -> 0 | AP2047: =IF(AO2047>0.1%,AO2047,"Algo Esta Mal") -> 0 | AQ2047: =IF(AP2047=AO2047,AN2047," ") -> 0 | AW2047: =IF(AX2047=AY2008,AW2008,IF(AX2047=AY2009,AW2009,IF(AX2047=AY2010,AW2010,IF(AX2047=AY2011,AW2011,IF(AX2047=AY2012,AW2012,"ALGO ESTA MAL"))))) -> 0 | AX2047: =LARGE($AY$2008:$AY$2012,AV1047) -> 0 | AY2047: =IF(AX2047>0.1%,AX2047,"Algo Esta Mal") -> 0 | AZ2047: =IF(AY2047=AX2047,AW2047," ") -> 0 | BF2047: =IF(BG2047=BH2008,BF2008,IF(BG2047=BH2009,BF2009,IF(BG2047=BH2010,BF2010,IF(BG2047=BH2011,BF2011,IF(BG2047=BH2012,BF2012,"ALGO ESTA MAL"))))) -> 0 | BG2047: =LARGE($BH$2008:$BH$2012,BE1047) -> 0 | BH2047: =IF(BG2047>0.1%,BG2047,"Algo Esta Mal") -> 0 | BI2047: =IF(BH2047=BG2047,BF2047," ") -> 0 | BO2047: =IF(BP2047=BQ2008,BO2008,IF(BP2047=BQ2009,BO2009,IF(BP2047=BQ2010,BO2010,IF(BP2047=BQ2011,BO2011,IF(BP2047=BQ2012,BO2012,"ALGO ESTA MAL"))))) -> 0 | BP2047: =LARGE($BQ$2008:$BQ$2012,BN1047) -> 0 | BQ2047: =IF(BP2047>0.1%,BP2047,"Algo Esta Mal") -> 0 | BR2047: =IF(BQ2047=BP2047,BO2047," ") -> 0 | BX2047: =IF(BY2047=BZ2008,BX2008,IF(BY2047=BZ2009,BX2009,IF(BY2047=BZ2010,BX2010,IF(BY2047=BZ2011,BX2011,IF(BY2047=BZ2012,BX2012,"ALGO ESTA MAL"))))) -> 0 | BY2047: =LARGE($BZ$2008:$BZ$2012,BW1047) -> 0 | BZ2047: =IF(BY2047>0.1%,BY2047,"Algo Esta Mal") -> 0 | CA2047: =IF(BZ2047=BY2047,BX2047," ") -> 0 | CG2047: =IF(CH2047=CI2008,CG2008,IF(CH2047=CI2009,CG2009,IF(CH2047=CI2010,CG2010,IF(CH2047=CI2011,CG2011,IF(CH2047=CI2012,CG2012,"ALGO ESTA MAL"))))) -> 0 | CH2047: =LARGE($CI$2008:$CI$2012,CF1047) -> 0 | CI2047: =IF(CH2047>0.1%,CH2047,"Algo Esta Mal") -> 0 | CJ2047: =IF(CI2047=CH2047,CG2047," ") -> 0 | CP2047: =IF(CQ2047=CR2008,CP2008,IF(CQ2047=CR2009,CP2009,IF(CQ2047=CR2010,CP2010,IF(CQ2047=CR2011,CP2011,IF(CQ2047=CR2012,CP2012,"ALGO ESTA MAL"))))) -> 0 | CQ2047: =LARGE($CR$2008:$CR$2012,CO1047) -> 0 | CR2047: =IF(CQ2047>0.1%,CQ2047,"Algo Esta Mal") -> 0 | CS2047: =IF(CR2047=CQ2047,CP2047," ") -> 0 | CY2047: =IF(CZ2047=DA2008,CY2008,IF(CZ2047=DA2009,CY2009,IF(CZ2047=DA2010,CY2010,IF(CZ2047=DA2011,CY2011,IF(CZ2047=DA2012,CY2012,"ALGO ESTA MAL"))))) -> 0 | CZ2047: =LARGE($DA$2008:$DA$2012,CX1047) -> 0 | DA2047: =IF(CZ2047>0.1%,CZ2047,"Algo Esta Mal") -> 0 | DB2047: =IF(DA2047=CZ2047,CY2047," ") -> 0 | DH2047: =IF(DI2047=DJ2008,DH2008,IF(DI2047=DJ2009,DH2009,IF(DI2047=DJ2010,DH2010,IF(DI2047=DJ2011,DH2011,IF(DI2047=DJ2012,DH2012,"ALGO ESTA MAL"))))) -> 0 | DI2047: =LARGE($DJ$2008:$DJ$2012,DG1047) -> 0 | DJ2047: =IF(DI2047>0.1%,DI2047,"Algo Esta Mal") -> 0 | DK2047: =IF(DJ2047=DI2047,DH2047," ") -> 0 | DQ2047: =IF(DR2047=DS2008,DQ2008,IF(DR2047=DS2009,DQ2009,IF(DR2047=DS2010,DQ2010,IF(DR2047=DS2011,DQ2011,IF(DR2047=DS2012,DQ2012,"ALGO ESTA MAL"))))) -> 0 | DR2047: =LARGE($DS$2008:$DS$2012,DP1047) -> 0 | DS2047: =IF(DR2047>0.1%,DR2047,"Algo Esta Mal") -> 0 | DT2047: =IF(DS2047=DR2047,DQ2047," ") -> 0 | DZ2047: =IF(EA2047=EB2008,DZ2008,IF(EA2047=EB2009,DZ2009,IF(EA2047=EB2010,DZ2010,IF(EA2047=EB2011,DZ2011,IF(EA2047=EB2012,DZ2012,"ALGO ESTA MAL"))))) -> 0 | EA2047: =LARGE($EB$2008:$EB$2012,DY1047) -> 0 | EB2047: =IF(EA2047>0.1%,EA2047,"Algo Esta Mal") -> 0 | EC2047: =IF(EB2047=EA2047,DZ2047," ") -> 0 | EI2047: =IF(EJ2047=EK2008,EI2008,IF(EJ2047=EK2009,EI2009,IF(EJ2047=EK2010,EI2010,IF(EJ2047=EK2011,EI2011,IF(EJ2047=EK2012,EI2012,"ALGO ESTA MAL"))))) -> 0 | EJ2047: =LARGE($EK$2008:$EK$2012,EH1047) -> 0 | EK2047: =IF(EJ2047>0.1%,EJ2047,"Algo Esta Mal") -> 0 | EL2047: =IF(EK2047=EJ2047,EI2047," ") -> 0 | ER2047: =IF(ES2047=ET2008,ER2008,IF(ES2047=ET2009,ER2009,IF(ES2047=ET2010,ER2010,IF(ES2047=ET2011,ER2011,IF(ES2047=ET2012,ER2012,"ALGO ESTA MAL"))))) -> 0 | ES2047: =LARGE($ET$2008:$ET$2012,EQ1047) -> 0 | ET2047: =IF(ES2047>0.1%,ES2047,"Algo Esta Mal") -> 0 | EU2047: =IF(ET2047=ES2047,ER2047," ") -> 0 | FA2047: =IF(FB2047=FC2008,FA2008,IF(FB2047=FC2009,FA2009,IF(FB2047=FC2010,FA2010,IF(FB2047=FC2011,FA2011,IF(FB2047=FC2012,FA2012,"ALGO ESTA MAL"))))) -> 0 | FB2047: =LARGE($FC$2008:$FC$2012,EZ1047) -> 0 | FC2047: =IF(FB2047>0.1%,FB2047,"Algo Esta Mal") -> 0 | FD2047: =IF(FC2047=FB2047,FA2047," ") -> 0 | FJ2047: =IF(FK2047=FL2008,FJ2008,IF(FK2047=FL2009,FJ2009,IF(FK2047=FL2010,FJ2010,IF(FK2047=FL2011,FJ2011,IF(FK2047=FL2012,FJ2012,"ALGO ESTA MAL"))))) -> 0 | FK2047: =LARGE($FL$2008:$FL$2012,FI1047) -> 0 | FL2047: =IF(FK2047>0.1%,FK2047,"Algo Esta Mal") -> 0 | FM2047: =IF(FL2047=FK2047,FJ2047," ") -> 0 | FS2047: =IF(FT2047=FU2008,FS2008,IF(FT2047=FU2009,FS2009,IF(FT2047=FU2010,FS2010,IF(FT2047=FU2011,FS2011,IF(FT2047=FU2012,FS2012,"ALGO ESTA MAL"))))) -> 0 | FT2047: =LARGE($FU$2008:$FU$2012,FR1047) -> 0 | FU2047: =IF(FT2047>0.1%,FT2047,"Algo Esta Mal") -> 0 | FV2047: =IF(FU2047=FT2047,FS2047," ") -> 0 | GB2047: =IF(GC2047=GD2008,GB2008,IF(GC2047=GD2009,GB2009,IF(GC2047=GD2010,GB2010,IF(GC2047=GD2011,GB2011,IF(GC2047=GD2012,GB2012,"ALGO ESTA MAL"))))) -> 0 | GC2047: =LARGE($GD$2008:$GD$2012,GA1047) -> 0 | GD2047: =IF(GC2047>0.1%,GC2047,"Algo Esta Mal") -> 0 | GE2047: =IF(GD2047=GC2047,GB2047," ") -> 0 | GK2047: =IF(GL2047=GM2008,GK2008,IF(GL2047=GM2009,GK2009,IF(GL2047=GM2010,GK2010,IF(GL2047=GM2011,GK2011,IF(GL2047=GM2012,GK2012,"ALGO ESTA MAL"))))) -> 0 | GL2047: =LARGE($GM$2008:$GM$2012,GJ1047) -> 0 | GM2047: =IF(GL2047>0.1%,GL2047,"Algo Esta Mal") -> 0 | GN2047: =IF(GM2047=GL2047,GK2047," ") -> 0
D2048: =IF(E2048=F2008,D2008,IF(E2048=F2009,D2009,IF(E2048=F2010,D2010,IF(E2048=F2011,D2011,IF(E2048=F2012,D2012,"ALGO ESTA MAL"))))) -> 0 | E2048: =LARGE($F$2008:$F$2012,C1048) -> 0 | F2048: =IF(E2048>0.1%,E2048,"Algo Esta Mal") -> 0 | G2048: =IF(F2048=E2048,D2048," ") -> 0 | M2048: =IF(N2048=O2008,M2008,IF(N2048=O2009,M2009,IF(N2048=O2010,M2010,IF(N2048=O2011,M2011,IF(N2048=O2012,M2012,"ALGO ESTA MAL"))))) -> 0 | N2048: =LARGE($O$2008:$O$2012,L1048) -> 0 | O2048: =IF(N2048>0.1%,N2048,"Algo Esta Mal") -> 0 | P2048: =IF(O2048=N2048,M2048," ") -> 0 | V2048: =IF(W2048=X2008,V2008,IF(W2048=X2009,V2009,IF(W2048=X2010,V2010,IF(W2048=X2011,V2011,IF(W2048=X2012,V2012,"ALGO ESTA MAL"))))) -> 0 | W2048: =LARGE($X$2008:$X$2012,U1048) -> 0 | X2048: =IF(W2048>0.1%,W2048,"Algo Esta Mal") -> 0 | Y2048: =IF(X2048=W2048,V2048," ") -> 0 | AE2048: =IF(AF2048=AG2008,AE2008,IF(AF2048=AG2009,AE2009,IF(AF2048=AG2010,AE2010,IF(AF2048=AG2011,AE2011,IF(AF2048=AG2012,AE2012,"ALGO ESTA MAL"))))) -> 0 | AF2048: =LARGE($AG$2008:$AG$2012,AD1048) -> 0 | AG2048: =IF(AF2048>0.1%,AF2048,"Algo Esta Mal") -> 0 | AH2048: =IF(AG2048=AF2048,AE2048," ") -> 0 | AN2048: =IF(AO2048=AP2008,AN2008,IF(AO2048=AP2009,AN2009,IF(AO2048=AP2010,AN2010,IF(AO2048=AP2011,AN2011,IF(AO2048=AP2012,AN2012,"ALGO ESTA MAL"))))) -> 0 | AO2048: =LARGE($AP$2008:$AP$2012,AM1048) -> 0 | AP2048: =IF(AO2048>0.1%,AO2048,"Algo Esta Mal") -> 0 | AQ2048: =IF(AP2048=AO2048,AN2048," ") -> 0 | AW2048: =IF(AX2048=AY2008,AW2008,IF(AX2048=AY2009,AW2009,IF(AX2048=AY2010,AW2010,IF(AX2048=AY2011,AW2011,IF(AX2048=AY2012,AW2012,"ALGO ESTA MAL"))))) -> 0 | AX2048: =LARGE($AY$2008:$AY$2012,AV1048) -> 0 | AY2048: =IF(AX2048>0.1%,AX2048,"Algo Esta Mal") -> 0 | AZ2048: =IF(AY2048=AX2048,AW2048," ") -> 0 | BF2048: =IF(BG2048=BH2008,BF2008,IF(BG2048=BH2009,BF2009,IF(BG2048=BH2010,BF2010,IF(BG2048=BH2011,BF2011,IF(BG2048=BH2012,BF2012,"ALGO ESTA MAL"))))) -> 0 | BG2048: =LARGE($BH$2008:$BH$2012,BE1048) -> 0 | BH2048: =IF(BG2048>0.1%,BG2048,"Algo Esta Mal") -> 0 | BI2048: =IF(BH2048=BG2048,BF2048," ") -> 0 | BO2048: =IF(BP2048=BQ2008,BO2008,IF(BP2048=BQ2009,BO2009,IF(BP2048=BQ2010,BO2010,IF(BP2048=BQ2011,BO2011,IF(BP2048=BQ2012,BO2012,"ALGO ESTA MAL"))))) -> 0 | BP2048: =LARGE($BQ$2008:$BQ$2012,BN1048) -> 0 | BQ2048: =IF(BP2048>0.1%,BP2048,"Algo Esta Mal") -> 0 | BR2048: =IF(BQ2048=BP2048,BO2048," ") -> 0 | BX2048: =IF(BY2048=BZ2008,BX2008,IF(BY2048=BZ2009,BX2009,IF(BY2048=BZ2010,BX2010,IF(BY2048=BZ2011,BX2011,IF(BY2048=BZ2012,BX2012,"ALGO ESTA MAL"))))) -> 0 | BY2048: =LARGE($BZ$2008:$BZ$2012,BW1048) -> 0 | BZ2048: =IF(BY2048>0.1%,BY2048,"Algo Esta Mal") -> 0 | CA2048: =IF(BZ2048=BY2048,BX2048," ") -> 0 | CG2048: =IF(CH2048=CI2008,CG2008,IF(CH2048=CI2009,CG2009,IF(CH2048=CI2010,CG2010,IF(CH2048=CI2011,CG2011,IF(CH2048=CI2012,CG2012,"ALGO ESTA MAL"))))) -> 0 | CH2048: =LARGE($CI$2008:$CI$2012,CF1048) -> 0 | CI2048: =IF(CH2048>0.1%,CH2048,"Algo Esta Mal") -> 0 | CJ2048: =IF(CI2048=CH2048,CG2048," ") -> 0 | CP2048: =IF(CQ2048=CR2008,CP2008,IF(CQ2048=CR2009,CP2009,IF(CQ2048=CR2010,CP2010,IF(CQ2048=CR2011,CP2011,IF(CQ2048=CR2012,CP2012,"ALGO ESTA MAL"))))) -> 0 | CQ2048: =LARGE($CR$2008:$CR$2012,CO1048) -> 0 | CR2048: =IF(CQ2048>0.1%,CQ2048,"Algo Esta Mal") -> 0 | CS2048: =IF(CR2048=CQ2048,CP2048," ") -> 0 | CY2048: =IF(CZ2048=DA2008,CY2008,IF(CZ2048=DA2009,CY2009,IF(CZ2048=DA2010,CY2010,IF(CZ2048=DA2011,CY2011,IF(CZ2048=DA2012,CY2012,"ALGO ESTA MAL"))))) -> 0 | CZ2048: =LARGE($DA$2008:$DA$2012,CX1048) -> 0 | DA2048: =IF(CZ2048>0.1%,CZ2048,"Algo Esta Mal") -> 0 | DB2048: =IF(DA2048=CZ2048,CY2048," ") -> 0 | DH2048: =IF(DI2048=DJ2008,DH2008,IF(DI2048=DJ2009,DH2009,IF(DI2048=DJ2010,DH2010,IF(DI2048=DJ2011,DH2011,IF(DI2048=DJ2012,DH2012,"ALGO ESTA MAL"))))) -> 0 | DI2048: =LARGE($DJ$2008:$DJ$2012,DG1048) -> 0 | DJ2048: =IF(DI2048>0.1%,DI2048,"Algo Esta Mal") -> 0 | DK2048: =IF(DJ2048=DI2048,DH2048," ") -> 0 | DQ2048: =IF(DR2048=DS2008,DQ2008,IF(DR2048=DS2009,DQ2009,IF(DR2048=DS2010,DQ2010,IF(DR2048=DS2011,DQ2011,IF(DR2048=DS2012,DQ2012,"ALGO ESTA MAL"))))) -> 0 | DR2048: =LARGE($DS$2008:$DS$2012,DP1048) -> 0 | DS2048: =IF(DR2048>0.1%,DR2048,"Algo Esta Mal") -> 0 | DT2048: =IF(DS2048=DR2048,DQ2048," ") -> 0 | DZ2048: =IF(EA2048=EB2008,DZ2008,IF(EA2048=EB2009,DZ2009,IF(EA2048=EB2010,DZ2010,IF(EA2048=EB2011,DZ2011,IF(EA2048=EB2012,DZ2012,"ALGO ESTA MAL"))))) -> 0 | EA2048: =LARGE($EB$2008:$EB$2012,DY1048) -> 0 | EB2048: =IF(EA2048>0.1%,EA2048,"Algo Esta Mal") -> 0 | EC2048: =IF(EB2048=EA2048,DZ2048," ") -> 0 | EI2048: =IF(EJ2048=EK2008,EI2008,IF(EJ2048=EK2009,EI2009,IF(EJ2048=EK2010,EI2010,IF(EJ2048=EK2011,EI2011,IF(EJ2048=EK2012,EI2012,"ALGO ESTA MAL"))))) -> 0 | EJ2048: =LARGE($EK$2008:$EK$2012,EH1048) -> 0 | EK2048: =IF(EJ2048>0.1%,EJ2048,"Algo Esta Mal") -> 0 | EL2048: =IF(EK2048=EJ2048,EI2048," ") -> 0 | ER2048: =IF(ES2048=ET2008,ER2008,IF(ES2048=ET2009,ER2009,IF(ES2048=ET2010,ER2010,IF(ES2048=ET2011,ER2011,IF(ES2048=ET2012,ER2012,"ALGO ESTA MAL"))))) -> 0 | ES2048: =LARGE($ET$2008:$ET$2012,EQ1048) -> 0 | ET2048: =IF(ES2048>0.1%,ES2048,"Algo Esta Mal") -> 0 | EU2048: =IF(ET2048=ES2048,ER2048," ") -> 0 | FA2048: =IF(FB2048=FC2008,FA2008,IF(FB2048=FC2009,FA2009,IF(FB2048=FC2010,FA2010,IF(FB2048=FC2011,FA2011,IF(FB2048=FC2012,FA2012,"ALGO ESTA MAL"))))) -> 0 | FB2048: =LARGE($FC$2008:$FC$2012,EZ1048) -> 0 | FC2048: =IF(FB2048>0.1%,FB2048,"Algo Esta Mal") -> 0 | FD2048: =IF(FC2048=FB2048,FA2048," ") -> 0 | FJ2048: =IF(FK2048=FL2008,FJ2008,IF(FK2048=FL2009,FJ2009,IF(FK2048=FL2010,FJ2010,IF(FK2048=FL2011,FJ2011,IF(FK2048=FL2012,FJ2012,"ALGO ESTA MAL"))))) -> 0 | FK2048: =LARGE($FL$2008:$FL$2012,FI1048) -> 0 | FL2048: =IF(FK2048>0.1%,FK2048,"Algo Esta Mal") -> 0 | FM2048: =IF(FL2048=FK2048,FJ2048," ") -> 0 | FS2048: =IF(FT2048=FU2008,FS2008,IF(FT2048=FU2009,FS2009,IF(FT2048=FU2010,FS2010,IF(FT2048=FU2011,FS2011,IF(FT2048=FU2012,FS2012,"ALGO ESTA MAL"))))) -> 0 | FT2048: =LARGE($FU$2008:$FU$2012,FR1048) -> 0 | FU2048: =IF(FT2048>0.1%,FT2048,"Algo Esta Mal") -> 0 | FV2048: =IF(FU2048=FT2048,FS2048," ") -> 0 | GB2048: =IF(GC2048=GD2008,GB2008,IF(GC2048=GD2009,GB2009,IF(GC2048=GD2010,GB2010,IF(GC2048=GD2011,GB2011,IF(GC2048=GD2012,GB2012,"ALGO ESTA MAL"))))) -> 0 | GC2048: =LARGE($GD$2008:$GD$2012,GA1048) -> 0 | GD2048: =IF(GC2048>0.1%,GC2048,"Algo Esta Mal") -> 0 | GE2048: =IF(GD2048=GC2048,GB2048," ") -> 0 | GK2048: =IF(GL2048=GM2008,GK2008,IF(GL2048=GM2009,GK2009,IF(GL2048=GM2010,GK2010,IF(GL2048=GM2011,GK2011,IF(GL2048=GM2012,GK2012,"ALGO ESTA MAL"))))) -> 0 | GL2048: =LARGE($GM$2008:$GM$2012,GJ1048) -> 0 | GM2048: =IF(GL2048>0.1%,GL2048,"Algo Esta Mal") -> 0 | GN2048: =IF(GM2048=GL2048,GK2048," ") -> 0
D2049: =IF(E2049=F2008,D2008,IF(E2049=F2009,D2009,IF(E2049=F2010,D2010,IF(E2049=F2011,D2011,IF(E2049=F2012,D2012,"ALGO ESTA MAL"))))) -> 0 | E2049: =LARGE($F$2008:$F$2012,C1049) -> 0 | F2049: =IF(E2049>0.1%,E2049,"Algo Esta Mal") -> 0 | G2049: =IF(F2049=E2049,D2049," ") -> 0 | M2049: =IF(N2049=O2008,M2008,IF(N2049=O2009,M2009,IF(N2049=O2010,M2010,IF(N2049=O2011,M2011,IF(N2049=O2012,M2012,"ALGO ESTA MAL"))))) -> 0 | N2049: =LARGE($O$2008:$O$2012,L1049) -> 0 | O2049: =IF(N2049>0.1%,N2049,"Algo Esta Mal") -> 0 | P2049: =IF(O2049=N2049,M2049," ") -> 0 | V2049: =IF(W2049=X2008,V2008,IF(W2049=X2009,V2009,IF(W2049=X2010,V2010,IF(W2049=X2011,V2011,IF(W2049=X2012,V2012,"ALGO ESTA MAL"))))) -> 0 | W2049: =LARGE($X$2008:$X$2012,U1049) -> 0 | X2049: =IF(W2049>0.1%,W2049,"Algo Esta Mal") -> 0 | Y2049: =IF(X2049=W2049,V2049," ") -> 0 | AE2049: =IF(AF2049=AG2008,AE2008,IF(AF2049=AG2009,AE2009,IF(AF2049=AG2010,AE2010,IF(AF2049=AG2011,AE2011,IF(AF2049=AG2012,AE2012,"ALGO ESTA MAL"))))) -> 0 | AF2049: =LARGE($AG$2008:$AG$2012,AD1049) -> 0 | AG2049: =IF(AF2049>0.1%,AF2049,"Algo Esta Mal") -> 0 | AH2049: =IF(AG2049=AF2049,AE2049," ") -> 0 | AN2049: =IF(AO2049=AP2008,AN2008,IF(AO2049=AP2009,AN2009,IF(AO2049=AP2010,AN2010,IF(AO2049=AP2011,AN2011,IF(AO2049=AP2012,AN2012,"ALGO ESTA MAL"))))) -> 0 | AO2049: =LARGE($AP$2008:$AP$2012,AM1049) -> 0 | AP2049: =IF(AO2049>0.1%,AO2049,"Algo Esta Mal") -> 0 | AQ2049: =IF(AP2049=AO2049,AN2049," ") -> 0 | AW2049: =IF(AX2049=AY2008,AW2008,IF(AX2049=AY2009,AW2009,IF(AX2049=AY2010,AW2010,IF(AX2049=AY2011,AW2011,IF(AX2049=AY2012,AW2012,"ALGO ESTA MAL"))))) -> 0 | AX2049: =LARGE($AY$2008:$AY$2012,AV1049) -> 0 | AY2049: =IF(AX2049>0.1%,AX2049,"Algo Esta Mal") -> 0 | AZ2049: =IF(AY2049=AX2049,AW2049," ") -> 0 | BF2049: =IF(BG2049=BH2008,BF2008,IF(BG2049=BH2009,BF2009,IF(BG2049=BH2010,BF2010,IF(BG2049=BH2011,BF2011,IF(BG2049=BH2012,BF2012,"ALGO ESTA MAL"))))) -> 0 | BG2049: =LARGE($BH$2008:$BH$2012,BE1049) -> 0 | BH2049: =IF(BG2049>0.1%,BG2049,"Algo Esta Mal") -> 0 | BI2049: =IF(BH2049=BG2049,BF2049," ") -> 0 | BO2049: =IF(BP2049=BQ2008,BO2008,IF(BP2049=BQ2009,BO2009,IF(BP2049=BQ2010,BO2010,IF(BP2049=BQ2011,BO2011,IF(BP2049=BQ2012,BO2012,"ALGO ESTA MAL"))))) -> 0 | BP2049: =LARGE($BQ$2008:$BQ$2012,BN1049) -> 0 | BQ2049: =IF(BP2049>0.1%,BP2049,"Algo Esta Mal") -> 0 | BR2049: =IF(BQ2049=BP2049,BO2049," ") -> 0 | BX2049: =IF(BY2049=BZ2008,BX2008,IF(BY2049=BZ2009,BX2009,IF(BY2049=BZ2010,BX2010,IF(BY2049=BZ2011,BX2011,IF(BY2049=BZ2012,BX2012,"ALGO ESTA MAL"))))) -> 0 | BY2049: =LARGE($BZ$2008:$BZ$2012,BW1049) -> 0 | BZ2049: =IF(BY2049>0.1%,BY2049,"Algo Esta Mal") -> 0 | CA2049: =IF(BZ2049=BY2049,BX2049," ") -> 0 | CG2049: =IF(CH2049=CI2008,CG2008,IF(CH2049=CI2009,CG2009,IF(CH2049=CI2010,CG2010,IF(CH2049=CI2011,CG2011,IF(CH2049=CI2012,CG2012,"ALGO ESTA MAL"))))) -> 0 | CH2049: =LARGE($CI$2008:$CI$2012,CF1049) -> 0 | CI2049: =IF(CH2049>0.1%,CH2049,"Algo Esta Mal") -> 0 | CJ2049: =IF(CI2049=CH2049,CG2049," ") -> 0 | CP2049: =IF(CQ2049=CR2008,CP2008,IF(CQ2049=CR2009,CP2009,IF(CQ2049=CR2010,CP2010,IF(CQ2049=CR2011,CP2011,IF(CQ2049=CR2012,CP2012,"ALGO ESTA MAL"))))) -> 0 | CQ2049: =LARGE($CR$2008:$CR$2012,CO1049) -> 0 | CR2049: =IF(CQ2049>0.1%,CQ2049,"Algo Esta Mal") -> 0 | CS2049: =IF(CR2049=CQ2049,CP2049," ") -> 0 | CY2049: =IF(CZ2049=DA2008,CY2008,IF(CZ2049=DA2009,CY2009,IF(CZ2049=DA2010,CY2010,IF(CZ2049=DA2011,CY2011,IF(CZ2049=DA2012,CY2012,"ALGO ESTA MAL"))))) -> 0 | CZ2049: =LARGE($DA$2008:$DA$2012,CX1049) -> 0 | DA2049: =IF(CZ2049>0.1%,CZ2049,"Algo Esta Mal") -> 0 | DB2049: =IF(DA2049=CZ2049,CY2049," ") -> 0 | DH2049: =IF(DI2049=DJ2008,DH2008,IF(DI2049=DJ2009,DH2009,IF(DI2049=DJ2010,DH2010,IF(DI2049=DJ2011,DH2011,IF(DI2049=DJ2012,DH2012,"ALGO ESTA MAL"))))) -> 0 | DI2049: =LARGE($DJ$2008:$DJ$2012,DG1049) -> 0 | DJ2049: =IF(DI2049>0.1%,DI2049,"Algo Esta Mal") -> 0 | DK2049: =IF(DJ2049=DI2049,DH2049," ") -> 0 | DQ2049: =IF(DR2049=DS2008,DQ2008,IF(DR2049=DS2009,DQ2009,IF(DR2049=DS2010,DQ2010,IF(DR2049=DS2011,DQ2011,IF(DR2049=DS2012,DQ2012,"ALGO ESTA MAL"))))) -> 0 | DR2049: =LARGE($DS$2008:$DS$2012,DP1049) -> 0 | DS2049: =IF(DR2049>0.1%,DR2049,"Algo Esta Mal") -> 0 | DT2049: =IF(DS2049=DR2049,DQ2049," ") -> 0 | DZ2049: =IF(EA2049=EB2008,DZ2008,IF(EA2049=EB2009,DZ2009,IF(EA2049=EB2010,DZ2010,IF(EA2049=EB2011,DZ2011,IF(EA2049=EB2012,DZ2012,"ALGO ESTA MAL"))))) -> 0 | EA2049: =LARGE($EB$2008:$EB$2012,DY1049) -> 0 | EB2049: =IF(EA2049>0.1%,EA2049,"Algo Esta Mal") -> 0 | EC2049: =IF(EB2049=EA2049,DZ2049," ") -> 0 | EI2049: =IF(EJ2049=EK2008,EI2008,IF(EJ2049=EK2009,EI2009,IF(EJ2049=EK2010,EI2010,IF(EJ2049=EK2011,EI2011,IF(EJ2049=EK2012,EI2012,"ALGO ESTA MAL"))))) -> 0 | EJ2049: =LARGE($EK$2008:$EK$2012,EH1049) -> 0 | EK2049: =IF(EJ2049>0.1%,EJ2049,"Algo Esta Mal") -> 0 | EL2049: =IF(EK2049=EJ2049,EI2049," ") -> 0 | ER2049: =IF(ES2049=ET2008,ER2008,IF(ES2049=ET2009,ER2009,IF(ES2049=ET2010,ER2010,IF(ES2049=ET2011,ER2011,IF(ES2049=ET2012,ER2012,"ALGO ESTA MAL"))))) -> 0 | ES2049: =LARGE($ET$2008:$ET$2012,EQ1049) -> 0 | ET2049: =IF(ES2049>0.1%,ES2049,"Algo Esta Mal") -> 0 | EU2049: =IF(ET2049=ES2049,ER2049," ") -> 0 | FA2049: =IF(FB2049=FC2008,FA2008,IF(FB2049=FC2009,FA2009,IF(FB2049=FC2010,FA2010,IF(FB2049=FC2011,FA2011,IF(FB2049=FC2012,FA2012,"ALGO ESTA MAL"))))) -> 0 | FB2049: =LARGE($FC$2008:$FC$2012,EZ1049) -> 0 | FC2049: =IF(FB2049>0.1%,FB2049,"Algo Esta Mal") -> 0 | FD2049: =IF(FC2049=FB2049,FA2049," ") -> 0 | FJ2049: =IF(FK2049=FL2008,FJ2008,IF(FK2049=FL2009,FJ2009,IF(FK2049=FL2010,FJ2010,IF(FK2049=FL2011,FJ2011,IF(FK2049=FL2012,FJ2012,"ALGO ESTA MAL"))))) -> 0 | FK2049: =LARGE($FL$2008:$FL$2012,FI1049) -> 0 | FL2049: =IF(FK2049>0.1%,FK2049,"Algo Esta Mal") -> 0 | FM2049: =IF(FL2049=FK2049,FJ2049," ") -> 0 | FS2049: =IF(FT2049=FU2008,FS2008,IF(FT2049=FU2009,FS2009,IF(FT2049=FU2010,FS2010,IF(FT2049=FU2011,FS2011,IF(FT2049=FU2012,FS2012,"ALGO ESTA MAL"))))) -> 0 | FT2049: =LARGE($FU$2008:$FU$2012,FR1049) -> 0 | FU2049: =IF(FT2049>0.1%,FT2049,"Algo Esta Mal") -> 0 | FV2049: =IF(FU2049=FT2049,FS2049," ") -> 0 | GB2049: =IF(GC2049=GD2008,GB2008,IF(GC2049=GD2009,GB2009,IF(GC2049=GD2010,GB2010,IF(GC2049=GD2011,GB2011,IF(GC2049=GD2012,GB2012,"ALGO ESTA MAL"))))) -> 0 | GC2049: =LARGE($GD$2008:$GD$2012,GA1049) -> 0 | GD2049: =IF(GC2049>0.1%,GC2049,"Algo Esta Mal") -> 0 | GE2049: =IF(GD2049=GC2049,GB2049," ") -> 0 | GK2049: =IF(GL2049=GM2008,GK2008,IF(GL2049=GM2009,GK2009,IF(GL2049=GM2010,GK2010,IF(GL2049=GM2011,GK2011,IF(GL2049=GM2012,GK2012,"ALGO ESTA MAL"))))) -> 0 | GL2049: =LARGE($GM$2008:$GM$2012,GJ1049) -> 0 | GM2049: =IF(GL2049>0.1%,GL2049,"Algo Esta Mal") -> 0 | GN2049: =IF(GM2049=GL2049,GK2049," ") -> 0
D2050: =IF(E2050=F2008,D2008,IF(E2050=F2009,D2009,IF(E2050=F2010,D2010,IF(E2050=F2011,D2011,IF(E2050=F2012,D2012,"ALGO ESTA MAL"))))) -> 0 | E2050: =LARGE($F$2008:$F$2012,C1050) -> 0 | F2050: =IF(E2050>0.1%,E2050,"Algo Esta Mal") -> 0 | G2050: =IF(F2050=E2050,D2050," ") -> 0 | M2050: =IF(N2050=O2008,M2008,IF(N2050=O2009,M2009,IF(N2050=O2010,M2010,IF(N2050=O2011,M2011,IF(N2050=O2012,M2012,"ALGO ESTA MAL"))))) -> 0 | N2050: =LARGE($O$2008:$O$2012,L1050) -> 0 | O2050: =IF(N2050>0.1%,N2050,"Algo Esta Mal") -> 0 | P2050: =IF(O2050=N2050,M2050," ") -> 0 | V2050: =IF(W2050=X2008,V2008,IF(W2050=X2009,V2009,IF(W2050=X2010,V2010,IF(W2050=X2011,V2011,IF(W2050=X2012,V2012,"ALGO ESTA MAL"))))) -> 0 | W2050: =LARGE($X$2008:$X$2012,U1050) -> 0 | X2050: =IF(W2050>0.1%,W2050,"Algo Esta Mal") -> 0 | Y2050: =IF(X2050=W2050,V2050," ") -> 0 | AE2050: =IF(AF2050=AG2008,AE2008,IF(AF2050=AG2009,AE2009,IF(AF2050=AG2010,AE2010,IF(AF2050=AG2011,AE2011,IF(AF2050=AG2012,AE2012,"ALGO ESTA MAL"))))) -> 0 | AF2050: =LARGE($AG$2008:$AG$2012,AD1050) -> 0 | AG2050: =IF(AF2050>0.1%,AF2050,"Algo Esta Mal") -> 0 | AH2050: =IF(AG2050=AF2050,AE2050," ") -> 0 | AN2050: =IF(AO2050=AP2008,AN2008,IF(AO2050=AP2009,AN2009,IF(AO2050=AP2010,AN2010,IF(AO2050=AP2011,AN2011,IF(AO2050=AP2012,AN2012,"ALGO ESTA MAL"))))) -> 0 | AO2050: =LARGE($AP$2008:$AP$2012,AM1050) -> 0 | AP2050: =IF(AO2050>0.1%,AO2050,"Algo Esta Mal") -> 0 | AQ2050: =IF(AP2050=AO2050,AN2050," ") -> 0 | AW2050: =IF(AX2050=AY2008,AW2008,IF(AX2050=AY2009,AW2009,IF(AX2050=AY2010,AW2010,IF(AX2050=AY2011,AW2011,IF(AX2050=AY2012,AW2012,"ALGO ESTA MAL"))))) -> 0 | AX2050: =LARGE($AY$2008:$AY$2012,AV1050) -> 0 | AY2050: =IF(AX2050>0.1%,AX2050,"Algo Esta Mal") -> 0 | AZ2050: =IF(AY2050=AX2050,AW2050," ") -> 0 | BF2050: =IF(BG2050=BH2008,BF2008,IF(BG2050=BH2009,BF2009,IF(BG2050=BH2010,BF2010,IF(BG2050=BH2011,BF2011,IF(BG2050=BH2012,BF2012,"ALGO ESTA MAL"))))) -> 0 | BG2050: =LARGE($BH$2008:$BH$2012,BE1050) -> 0 | BH2050: =IF(BG2050>0.1%,BG2050,"Algo Esta Mal") -> 0 | BI2050: =IF(BH2050=BG2050,BF2050," ") -> 0 | BO2050: =IF(BP2050=BQ2008,BO2008,IF(BP2050=BQ2009,BO2009,IF(BP2050=BQ2010,BO2010,IF(BP2050=BQ2011,BO2011,IF(BP2050=BQ2012,BO2012,"ALGO ESTA MAL"))))) -> 0 | BP2050: =LARGE($BQ$2008:$BQ$2012,BN1050) -> 0 | BQ2050: =IF(BP2050>0.1%,BP2050,"Algo Esta Mal") -> 0 | BR2050: =IF(BQ2050=BP2050,BO2050," ") -> 0 | BX2050: =IF(BY2050=BZ2008,BX2008,IF(BY2050=BZ2009,BX2009,IF(BY2050=BZ2010,BX2010,IF(BY2050=BZ2011,BX2011,IF(BY2050=BZ2012,BX2012,"ALGO ESTA MAL"))))) -> 0 | BY2050: =LARGE($BZ$2008:$BZ$2012,BW1050) -> 0 | BZ2050: =IF(BY2050>0.1%,BY2050,"Algo Esta Mal") -> 0 | CA2050: =IF(BZ2050=BY2050,BX2050," ") -> 0 | CG2050: =IF(CH2050=CI2008,CG2008,IF(CH2050=CI2009,CG2009,IF(CH2050=CI2010,CG2010,IF(CH2050=CI2011,CG2011,IF(CH2050=CI2012,CG2012,"ALGO ESTA MAL"))))) -> 0 | CH2050: =LARGE($CI$2008:$CI$2012,CF1050) -> 0 | CI2050: =IF(CH2050>0.1%,CH2050,"Algo Esta Mal") -> 0 | CJ2050: =IF(CI2050=CH2050,CG2050," ") -> 0 | CP2050: =IF(CQ2050=CR2008,CP2008,IF(CQ2050=CR2009,CP2009,IF(CQ2050=CR2010,CP2010,IF(CQ2050=CR2011,CP2011,IF(CQ2050=CR2012,CP2012,"ALGO ESTA MAL"))))) -> 0 | CQ2050: =LARGE($CR$2008:$CR$2012,CO1050) -> 0 | CR2050: =IF(CQ2050>0.1%,CQ2050,"Algo Esta Mal") -> 0 | CS2050: =IF(CR2050=CQ2050,CP2050," ") -> 0 | CY2050: =IF(CZ2050=DA2008,CY2008,IF(CZ2050=DA2009,CY2009,IF(CZ2050=DA2010,CY2010,IF(CZ2050=DA2011,CY2011,IF(CZ2050=DA2012,CY2012,"ALGO ESTA MAL"))))) -> 0 | CZ2050: =LARGE($DA$2008:$DA$2012,CX1050) -> 0 | DA2050: =IF(CZ2050>0.1%,CZ2050,"Algo Esta Mal") -> 0 | DB2050: =IF(DA2050=CZ2050,CY2050," ") -> 0 | DH2050: =IF(DI2050=DJ2008,DH2008,IF(DI2050=DJ2009,DH2009,IF(DI2050=DJ2010,DH2010,IF(DI2050=DJ2011,DH2011,IF(DI2050=DJ2012,DH2012,"ALGO ESTA MAL"))))) -> 0 | DI2050: =LARGE($DJ$2008:$DJ$2012,DG1050) -> 0 | DJ2050: =IF(DI2050>0.1%,DI2050,"Algo Esta Mal") -> 0 | DK2050: =IF(DJ2050=DI2050,DH2050," ") -> 0 | DQ2050: =IF(DR2050=DS2008,DQ2008,IF(DR2050=DS2009,DQ2009,IF(DR2050=DS2010,DQ2010,IF(DR2050=DS2011,DQ2011,IF(DR2050=DS2012,DQ2012,"ALGO ESTA MAL"))))) -> 0 | DR2050: =LARGE($DS$2008:$DS$2012,DP1050) -> 0 | DS2050: =IF(DR2050>0.1%,DR2050,"Algo Esta Mal") -> 0 | DT2050: =IF(DS2050=DR2050,DQ2050," ") -> 0 | DZ2050: =IF(EA2050=EB2008,DZ2008,IF(EA2050=EB2009,DZ2009,IF(EA2050=EB2010,DZ2010,IF(EA2050=EB2011,DZ2011,IF(EA2050=EB2012,DZ2012,"ALGO ESTA MAL"))))) -> 0 | EA2050: =LARGE($EB$2008:$EB$2012,DY1050) -> 0 | EB2050: =IF(EA2050>0.1%,EA2050,"Algo Esta Mal") -> 0 | EC2050: =IF(EB2050=EA2050,DZ2050," ") -> 0 | EI2050: =IF(EJ2050=EK2008,EI2008,IF(EJ2050=EK2009,EI2009,IF(EJ2050=EK2010,EI2010,IF(EJ2050=EK2011,EI2011,IF(EJ2050=EK2012,EI2012,"ALGO ESTA MAL"))))) -> 0 | EJ2050: =LARGE($EK$2008:$EK$2012,EH1050) -> 0 | EK2050: =IF(EJ2050>0.1%,EJ2050,"Algo Esta Mal") -> 0 | EL2050: =IF(EK2050=EJ2050,EI2050," ") -> 0 | ER2050: =IF(ES2050=ET2008,ER2008,IF(ES2050=ET2009,ER2009,IF(ES2050=ET2010,ER2010,IF(ES2050=ET2011,ER2011,IF(ES2050=ET2012,ER2012,"ALGO ESTA MAL"))))) -> 0 | ES2050: =LARGE($ET$2008:$ET$2012,EQ1050) -> 0 | ET2050: =IF(ES2050>0.1%,ES2050,"Algo Esta Mal") -> 0 | EU2050: =IF(ET2050=ES2050,ER2050," ") -> 0 | FA2050: =IF(FB2050=FC2008,FA2008,IF(FB2050=FC2009,FA2009,IF(FB2050=FC2010,FA2010,IF(FB2050=FC2011,FA2011,IF(FB2050=FC2012,FA2012,"ALGO ESTA MAL"))))) -> 0 | FB2050: =LARGE($FC$2008:$FC$2012,EZ1050) -> 0 | FC2050: =IF(FB2050>0.1%,FB2050,"Algo Esta Mal") -> 0 | FD2050: =IF(FC2050=FB2050,FA2050," ") -> 0 | FJ2050: =IF(FK2050=FL2008,FJ2008,IF(FK2050=FL2009,FJ2009,IF(FK2050=FL2010,FJ2010,IF(FK2050=FL2011,FJ2011,IF(FK2050=FL2012,FJ2012,"ALGO ESTA MAL"))))) -> 0 | FK2050: =LARGE($FL$2008:$FL$2012,FI1050) -> 0 | FL2050: =IF(FK2050>0.1%,FK2050,"Algo Esta Mal") -> 0 | FM2050: =IF(FL2050=FK2050,FJ2050," ") -> 0 | FS2050: =IF(FT2050=FU2008,FS2008,IF(FT2050=FU2009,FS2009,IF(FT2050=FU2010,FS2010,IF(FT2050=FU2011,FS2011,IF(FT2050=FU2012,FS2012,"ALGO ESTA MAL"))))) -> 0 | FT2050: =LARGE($FU$2008:$FU$2012,FR1050) -> 0 | FU2050: =IF(FT2050>0.1%,FT2050,"Algo Esta Mal") -> 0 | FV2050: =IF(FU2050=FT2050,FS2050," ") -> 0 | GB2050: =IF(GC2050=GD2008,GB2008,IF(GC2050=GD2009,GB2009,IF(GC2050=GD2010,GB2010,IF(GC2050=GD2011,GB2011,IF(GC2050=GD2012,GB2012,"ALGO ESTA MAL"))))) -> 0 | GC2050: =LARGE($GD$2008:$GD$2012,GA1050) -> 0 | GD2050: =IF(GC2050>0.1%,GC2050,"Algo Esta Mal") -> 0 | GE2050: =IF(GD2050=GC2050,GB2050," ") -> 0 | GK2050: =IF(GL2050=GM2008,GK2008,IF(GL2050=GM2009,GK2009,IF(GL2050=GM2010,GK2010,IF(GL2050=GM2011,GK2011,IF(GL2050=GM2012,GK2012,"ALGO ESTA MAL"))))) -> 0 | GL2050: =LARGE($GM$2008:$GM$2012,GJ1050) -> 0 | GM2050: =IF(GL2050>0.1%,GL2050,"Algo Esta Mal") -> 0 | GN2050: =IF(GM2050=GL2050,GK2050," ") -> 0
D2052: Mayoria | M2052: Mayoria | V2052: Mayoria | AE2052: Mayoria | AN2052: Mayoria | AW2052: Mayoria | BF2052: Mayoria | BO2052: Mayoria | BX2052: Mayoria | CG2052: Mayoria | CP2052: Mayoria | CY2052: Mayoria | DH2052: Mayoria | DQ2052: Mayoria | DZ2052: Mayoria | EI2052: Mayoria | ER2052: Mayoria | FA2052: Mayoria | FJ2052: Mayoria | FS2052: Mayoria | GB2052: Mayoria | GK2052: Mayoria
D2053: =SUM(F2008:F2010) -> 0 | E2053: =MAX(D2053:D2054) -> 0 | M2053: =SUM(O2008:O2010) -> 0 | N2053: =MAX(M2053:M2054) -> 0 | V2053: =SUM(X2008:X2010) -> 0 | W2053: =MAX(V2053:V2054) -> 0 | AE2053: =SUM(AG2008:AG2010) -> 0 | AF2053: =MAX(AE2053:AE2054) -> 0 | AN2053: =SUM(AP2008:AP2010) -> 0 | AO2053: =MAX(AN2053:AN2054) -> 0 | AW2053: =SUM(AY2008:AY2010) -> 0 | AX2053: =MAX(AW2053:AW2054) -> 0 | BF2053: =SUM(BH2008:BH2010) -> 0 | BG2053: =MAX(BF2053:BF2054) -> 0 | BO2053: =SUM(BQ2008:BQ2010) -> 0 | BP2053: =MAX(BO2053:BO2054) -> 0 | BX2053: =SUM(BZ2008:BZ2010) -> 0 | BY2053: =MAX(BX2053:BX2054) -> 0 | CG2053: =SUM(CI2008:CI2010) -> 0 | CH2053: =MAX(CG2053:CG2054) -> 0 | CP2053: =SUM(CR2008:CR2010) -> 0 | CQ2053: =MAX(CP2053:CP2054) -> 0 | CY2053: =SUM(DA2008:DA2010) -> 0 | CZ2053: =MAX(CY2053:CY2054) -> 0 | DH2053: =SUM(DJ2008:DJ2010) -> 0 | DI2053: =MAX(DH2053:DH2054) -> 0 | DQ2053: =SUM(DS2008:DS2010) -> 0 | DR2053: =MAX(DQ2053:DQ2054) -> 0 | DZ2053: =SUM(EB2008:EB2010) -> 0 | EA2053: =MAX(DZ2053:DZ2054) -> 0 | EI2053: =SUM(EK2008:EK2010) -> 0 | EJ2053: =MAX(EI2053:EI2054) -> 0 | ER2053: =SUM(ET2008:ET2010) -> 0 | ES2053: =MAX(ER2053:ER2054) -> 0 | FA2053: =SUM(FC2008:FC2010) -> 0 | FB2053: =MAX(FA2053:FA2054) -> 0 | FJ2053: =SUM(FL2008:FL2010) -> 0 | FK2053: =MAX(FJ2053:FJ2054) -> 0 | FS2053: =SUM(FU2008:FU2010) -> 0 | FT2053: =MAX(FS2053:FS2054) -> 0 | GB2053: =SUM(GD2008:GD2010) -> 0 | GC2053: =MAX(GB2053:GB2054) -> 0 | GK2053: =SUM(GM2008:GM2010) -> 0 | GL2053: =MAX(GK2053:GK2054) -> 0
D2054: =SUM(F2010:F2012) -> 0 | M2054: =SUM(O2010:O2012) -> 0 | V2054: =SUM(X2010:X2012) -> 0 | AE2054: =SUM(AG2010:AG2012) -> 0 | AN2054: =SUM(AP2010:AP2012) -> 0 | AW2054: =SUM(AY2010:AY2012) -> 0 | BF2054: =SUM(BH2010:BH2012) -> 0 | BO2054: =SUM(BQ2010:BQ2012) -> 0 | BX2054: =SUM(BZ2010:BZ2012) -> 0 | CG2054: =SUM(CI2010:CI2012) -> 0 | CP2054: =SUM(CR2010:CR2012) -> 0 | CY2054: =SUM(DA2010:DA2012) -> 0 | DH2054: =SUM(DJ2010:DJ2012) -> 0 | DQ2054: =SUM(DS2010:DS2012) -> 0 | DZ2054: =SUM(EB2010:EB2012) -> 0 | EI2054: =SUM(EK2010:EK2012) -> 0 | ER2054: =SUM(ET2010:ET2012) -> 0 | FA2054: =SUM(FC2010:FC2012) -> 0 | FJ2054: =SUM(FL2010:FL2012) -> 0 | FS2054: =SUM(FU2010:FU2012) -> 0 | GB2054: =SUM(GD2010:GD2012) -> 0 | GK2054: =SUM(GM2010:GM2012) -> 0
E2056: =SUM(F2008:F2009) -> 0 | N2056: =SUM(O2008:O2009) -> 0 | W2056: =SUM(X2008:X2009) -> 0 | AF2056: =SUM(AG2008:AG2009) -> 0 | AO2056: =SUM(AP2008:AP2009) -> 0 | AX2056: =SUM(AY2008:AY2009) -> 0 | BG2056: =SUM(BH2008:BH2009) -> 0 | BP2056: =SUM(BQ2008:BQ2009) -> 0 | BY2056: =SUM(BZ2008:BZ2009) -> 0 | CH2056: =SUM(CI2008:CI2009) -> 0 | CQ2056: =SUM(CR2008:CR2009) -> 0 | CZ2056: =SUM(DA2008:DA2009) -> 0 | DI2056: =SUM(DJ2008:DJ2009) -> 0 | DR2056: =SUM(DS2008:DS2009) -> 0 | EA2056: =SUM(EB2008:EB2009) -> 0 | EJ2056: =SUM(EK2008:EK2009) -> 0 | ES2056: =SUM(ET2008:ET2009) -> 0 | FB2056: =SUM(FC2008:FC2009) -> 0 | FK2056: =SUM(FL2008:FL2009) -> 0 | FT2056: =SUM(FU2008:FU2009) -> 0 | GC2056: =SUM(GD2008:GD2009) -> 0 | GL2056: =SUM(GM2008:GM2009) -> 0
E2057: =SUM(F2010) -> 0 | N2057: =SUM(O2010) -> 0 | W2057: =SUM(X2010) -> 0 | AF2057: =SUM(AG2010) -> 0 | AO2057: =SUM(AP2010) -> 0 | AX2057: =SUM(AY2010) -> 0 | BG2057: =SUM(BH2010) -> 0 | BP2057: =SUM(BQ2010) -> 0 | BY2057: =SUM(BZ2010) -> 0 | CH2057: =SUM(CI2010) -> 0 | CQ2057: =SUM(CR2010) -> 0 | CZ2057: =SUM(DA2010) -> 0 | DI2057: =SUM(DJ2010) -> 0 | DR2057: =SUM(DS2010) -> 0 | EA2057: =SUM(EB2010) -> 0 | EJ2057: =SUM(EK2010) -> 0 | ES2057: =SUM(ET2010) -> 0 | FB2057: =SUM(FC2010) -> 0 | FK2057: =SUM(FL2010) -> 0 | FT2057: =SUM(FU2010) -> 0 | GC2057: =SUM(GD2010) -> 0 | GL2057: =SUM(GM2010) -> 0
E2058: =SUM(F2011:F2012) -> 0 | N2058: =SUM(O2011:O2012) -> 0 | W2058: =SUM(X2011:X2012) -> 0 | AF2058: =SUM(AG2011:AG2012) -> 0 | AO2058: =SUM(AP2011:AP2012) -> 0 | AX2058: =SUM(AY2011:AY2012) -> 0 | BG2058: =SUM(BH2011:BH2012) -> 0 | BP2058: =SUM(BQ2011:BQ2012) -> 0 | BY2058: =SUM(BZ2011:BZ2012) -> 0 | CH2058: =SUM(CI2011:CI2012) -> 0 | CQ2058: =SUM(CR2011:CR2012) -> 0 | CZ2058: =SUM(DA2011:DA2012) -> 0 | DI2058: =SUM(DJ2011:DJ2012) -> 0 | DR2058: =SUM(DS2011:DS2012) -> 0 | EA2058: =SUM(EB2011:EB2012) -> 0 | EJ2058: =SUM(EK2011:EK2012) -> 0 | ES2058: =SUM(ET2011:ET2012) -> 0 | FB2058: =SUM(FC2011:FC2012) -> 0 | FK2058: =SUM(FL2011:FL2012) -> 0 | FT2058: =SUM(FU2011:FU2012) -> 0 | GC2058: =SUM(GD2011:GD2012) -> 0 | GL2058: =SUM(GM2011:GM2012) -> 0
E2060: =IF(E2056>=51%,D2056,IF(E2057>=51%,D2057,IF(E2058>=51%,D2058,IF(SUM(E2056:E2057)>SUM(E2057:E2058),D2056,IF(SUM(E2056:E2057)<SUM(E2057:E2058),D2058,"Algo esta Mal"))))) -> 0 | N2060: =IF(N2056>=51%,M2056,IF(N2057>=51%,M2057,IF(N2058>=51%,M2058,IF(SUM(N2056:N2057)>SUM(N2057:N2058),M2056,IF(SUM(N2056:N2057)<SUM(N2057:N2058),M2058,"Algo esta Mal"))))) -> 0 | W2060: =IF(W2056>=51%,V2056,IF(W2057>=51%,V2057,IF(W2058>=51%,V2058,IF(SUM(W2056:W2057)>SUM(W2057:W2058),V2056,IF(SUM(W2056:W2057)<SUM(W2057:W2058),V2058,"Algo esta Mal"))))) -> 0 | AF2060: =IF(AF2056>=51%,AE2056,IF(AF2057>=51%,AE2057,IF(AF2058>=51%,AE2058,IF(SUM(AF2056:AF2057)>SUM(AF2057:AF2058),AE2056,IF(SUM(AF2056:AF2057)<SUM(AF2057:AF2058),AE2058,"Algo esta Mal"))))) -> 0 | AO2060: =IF(AO2056>=51%,AN2056,IF(AO2057>=51%,AN2057,IF(AO2058>=51%,AN2058,IF(SUM(AO2056:AO2057)>SUM(AO2057:AO2058),AN2056,IF(SUM(AO2056:AO2057)<SUM(AO2057:AO2058),AN2058,"Algo esta Mal"))))) -> 0 | AX2060: =IF(AX2056>=51%,AW2056,IF(AX2057>=51%,AW2057,IF(AX2058>=51%,AW2058,IF(SUM(AX2056:AX2057)>SUM(AX2057:AX2058),AW2056,IF(SUM(AX2056:AX2057)<SUM(AX2057:AX2058),AW2058,"Algo esta Mal"))))) -> 0 | BG2060: =IF(BG2056>=51%,BF2056,IF(BG2057>=51%,BF2057,IF(BG2058>=51%,BF2058,IF(SUM(BG2056:BG2057)>SUM(BG2057:BG2058),BF2056,IF(SUM(BG2056:BG2057)<SUM(BG2057:BG2058),BF2058,"Algo esta Mal"))))) -> 0 | BP2060: =IF(BP2056>=51%,BO2056,IF(BP2057>=51%,BO2057,IF(BP2058>=51%,BO2058,IF(SUM(BP2056:BP2057)>SUM(BP2057:BP2058),BO2056,IF(SUM(BP2056:BP2057)<SUM(BP2057:BP2058),BO2058,"Algo esta Mal"))))) -> 0 | BY2060: =IF(BY2056>=51%,BX2056,IF(BY2057>=51%,BX2057,IF(BY2058>=51%,BX2058,IF(SUM(BY2056:BY2057)>SUM(BY2057:BY2058),BX2056,IF(SUM(BY2056:BY2057)<SUM(BY2057:BY2058),BX2058,"Algo esta Mal"))))) -> 0 | CH2060: =IF(CH2056>=51%,CG2056,IF(CH2057>=51%,CG2057,IF(CH2058>=51%,CG2058,IF(SUM(CH2056:CH2057)>SUM(CH2057:CH2058),CG2056,IF(SUM(CH2056:CH2057)<SUM(CH2057:CH2058),CG2058,"Algo esta Mal"))))) -> 0 | CQ2060: =IF(CQ2056>=51%,CP2056,IF(CQ2057>=51%,CP2057,IF(CQ2058>=51%,CP2058,IF(SUM(CQ2056:CQ2057)>SUM(CQ2057:CQ2058),CP2056,IF(SUM(CQ2056:CQ2057)<SUM(CQ2057:CQ2058),CP2058,"Algo esta Mal"))))) -> 0 | CZ2060: =IF(CZ2056>=51%,CY2056,IF(CZ2057>=51%,CY2057,IF(CZ2058>=51%,CY2058,IF(SUM(CZ2056:CZ2057)>SUM(CZ2057:CZ2058),CY2056,IF(SUM(CZ2056:CZ2057)<SUM(CZ2057:CZ2058),CY2058,"Algo esta Mal"))))) -> 0 | DI2060: =IF(DI2056>=51%,DH2056,IF(DI2057>=51%,DH2057,IF(DI2058>=51%,DH2058,IF(SUM(DI2056:DI2057)>SUM(DI2057:DI2058),DH2056,IF(SUM(DI2056:DI2057)<SUM(DI2057:DI2058),DH2058,"Algo esta Mal"))))) -> 0 | DR2060: =IF(DR2056>=51%,DQ2056,IF(DR2057>=51%,DQ2057,IF(DR2058>=51%,DQ2058,IF(SUM(DR2056:DR2057)>SUM(DR2057:DR2058),DQ2056,IF(SUM(DR2056:DR2057)<SUM(DR2057:DR2058),DQ2058,"Algo esta Mal"))))) -> 0 | EA2060: =IF(EA2056>=51%,DZ2056,IF(EA2057>=51%,DZ2057,IF(EA2058>=51%,DZ2058,IF(SUM(EA2056:EA2057)>SUM(EA2057:EA2058),DZ2056,IF(SUM(EA2056:EA2057)<SUM(EA2057:EA2058),DZ2058,"Algo esta Mal"))))) -> 0 | EJ2060: =IF(EJ2056>=51%,EI2056,IF(EJ2057>=51%,EI2057,IF(EJ2058>=51%,EI2058,IF(SUM(EJ2056:EJ2057)>SUM(EJ2057:EJ2058),EI2056,IF(SUM(EJ2056:EJ2057)<SUM(EJ2057:EJ2058),EI2058,"Algo esta Mal"))))) -> 0 | ES2060: =IF(ES2056>=51%,ER2056,IF(ES2057>=51%,ER2057,IF(ES2058>=51%,ER2058,IF(SUM(ES2056:ES2057)>SUM(ES2057:ES2058),ER2056,IF(SUM(ES2056:ES2057)<SUM(ES2057:ES2058),ER2058,"Algo esta Mal"))))) -> 0 | FB2060: =IF(FB2056>=51%,FA2056,IF(FB2057>=51%,FA2057,IF(FB2058>=51%,FA2058,IF(SUM(FB2056:FB2057)>SUM(FB2057:FB2058),FA2056,IF(SUM(FB2056:FB2057)<SUM(FB2057:FB2058),FA2058,"Algo esta Mal"))))) -> 0 | FK2060: =IF(FK2056>=51%,FJ2056,IF(FK2057>=51%,FJ2057,IF(FK2058>=51%,FJ2058,IF(SUM(FK2056:FK2057)>SUM(FK2057:FK2058),FJ2056,IF(SUM(FK2056:FK2057)<SUM(FK2057:FK2058),FJ2058,"Algo esta Mal"))))) -> 0 | FT2060: =IF(FT2056>=51%,FS2056,IF(FT2057>=51%,FS2057,IF(FT2058>=51%,FS2058,IF(SUM(FT2056:FT2057)>SUM(FT2057:FT2058),FS2056,IF(SUM(FT2056:FT2057)<SUM(FT2057:FT2058),FS2058,"Algo esta Mal"))))) -> 0 | GC2060: =IF(GC2056>=51%,GB2056,IF(GC2057>=51%,GB2057,IF(GC2058>=51%,GB2058,IF(SUM(GC2056:GC2057)>SUM(GC2057:GC2058),GB2056,IF(SUM(GC2056:GC2057)<SUM(GC2057:GC2058),GB2058,"Algo esta Mal"))))) -> 0 | GL2060: =IF(GL2056>=51%,GK2056,IF(GL2057>=51%,GK2057,IF(GL2058>=51%,GK2058,IF(SUM(GL2056:GL2057)>SUM(GL2057:GL2058),GK2056,IF(SUM(GL2056:GL2057)<SUM(GL2057:GL2058),GK2058,"Algo esta Mal"))))) -> 0
E2062: . | N2062: .
D2135: =CONCATENATE("En ","la ",D5," y ",D33," se observa los resultados del ",D4," el cual aborda ",E2062,",en donde se demuestra que el ",ROUND(F2008*100,0),"%"," de los ",D1045," tienen una percepción de ",G2046,", el ",ROUND(F2009*100,0),"%"," ",G2047,", un ",ROUND(F2010*100,0),"%"," ",G2048,",",IF(E2049>0,CONCATENATE(" ademas el ",ROUND(F2011*100,0),"%"," ",G2049,)," "),IF(E2049>0,CONCATENATE(" y ",ROUND(F2012*100,0),"%",", ",G2050,)," "),"en tal sentido la mayoría de los ",D1045," es decir el ",ROUND(E2053*100,0),"%"," tienen una percepción con una inclinación a un valor ",D2056,","," para ",E2062,".") -> 0 | M2135: =CONCATENATE("En ","la ",M5," y ",M33," se observa los resultados del ",M4," el cual aborda ",N2062,",en donde se demuestra que el ",ROUND(O2008*100,0),"%"," de los ",M1045," tienen una percepción de ",P2046,", el ",ROUND(O2009*100,0),"%"," ",P2047,", un ",ROUND(O2010*100,0),"%"," ",P2048,",",IF(N2049>0,CONCATENATE(" ademas el ",ROUND(O2011*100,0),"%"," ",P2049,)," "),IF(N2049>0,CONCATENATE(" y ",ROUND(O2012*100,0),"%",", ",P2050,)," "),"en tal sentido la mayoría de los ",M1045," es decir el ",ROUND(N2053*100,0),"%"," tienen una percepción con una inclinación a un valor ",M2056,","," para ",N2062,".") -> 0 | V2135: =CONCATENATE("En ","la ",V5," y ",V33," se observa los resultados del ",V4," el cual aborda ",W2062,",en donde se demuestra que el ",ROUND(X2008*100,0),"%"," de los ",V1045," tienen una percepción de ",Y2046,", el ",ROUND(X2009*100,0),"%"," ",Y2047,", un ",ROUND(X2010*100,0),"%"," ",Y2048,",",IF(W2049>0,CONCATENATE(" ademas el ",ROUND(X2011*100,0),"%"," ",Y2049,)," "),IF(W2049>0,CONCATENATE(" y ",ROUND(X2012*100,0),"%",", ",Y2050,)," "),"en tal sentido la mayoría de los ",V1045," es decir el ",ROUND(W2053*100,0),"%"," tienen una percepción con una inclinación a un valor ",V2056,","," para ",W2062,".") -> 0 | AE2135: =CONCATENATE("En ","la ",AE5," y ",AE33," se observa los resultados del ",AE4," el cual aborda ",AF2062,",en donde se demuestra que el ",ROUND(AG2008*100,0),"%"," de los ",AE1045," tienen una percepción de ",AH2046,", el ",ROUND(AG2009*100,0),"%"," ",AH2047,", un ",ROUND(AG2010*100,0),"%"," ",AH2048,",",IF(AF2049>0,CONCATENATE(" ademas el ",ROUND(AG2011*100,0),"%"," ",AH2049,)," "),IF(AF2049>0,CONCATENATE(" y ",ROUND(AG2012*100,0),"%",", ",AH2050,)," "),"en tal sentido la mayoría de los ",AE1045," es decir el ",ROUND(AF2053*100,0),"%"," tienen una percepción con una inclinación a un valor ",AE2056,","," para ",AF2062,".") -> 0 | AN2135: =CONCATENATE("En ","la ",AN5," y ",AN33," se observa los resultados del ",AN4," el cual aborda ",AO2062,",en donde se demuestra que el ",ROUND(AP2008*100,0),"%"," de los ",AN1045," tienen una percepción de ",AQ2046,", el ",ROUND(AP2009*100,0),"%"," ",AQ2047,", un ",ROUND(AP2010*100,0),"%"," ",AQ2048,",",IF(AO2049>0,CONCATENATE(" ademas el ",ROUND(AP2011*100,0),"%"," ",AQ2049,)," "),IF(AO2049>0,CONCATENATE(" y ",ROUND(AP2012*100,0),"%",", ",AQ2050,)," "),"en tal sentido la mayoría de los ",AN1045," es decir el ",ROUND(AO2053*100,0),"%"," tienen una percepción con una inclinación a un valor ",AN2056,","," para ",AO2062,".") -> 0 | AW2135: =CONCATENATE("En ","la ",AW5," y ",AW33," se observa los resultados del ",AW4," el cual aborda ",AX2062,",en donde se demuestra que el ",ROUND(AY2008*100,0),"%"," de los ",AW1045," tienen una percepción de ",AZ2046,", el ",ROUND(AY2009*100,0),"%"," ",AZ2047,", un ",ROUND(AY2010*100,0),"%"," ",AZ2048,",",IF(AX2049>0,CONCATENATE(" ademas el ",ROUND(AY2011*100,0),"%"," ",AZ2049,)," "),IF(AX2049>0,CONCATENATE(" y ",ROUND(AY2012*100,0),"%",", ",AZ2050,)," "),"en tal sentido la mayoría de los ",AW1045," es decir el ",ROUND(AX2053*100,0),"%"," tienen una percepción con una inclinación a un valor ",AW2056,","," para ",AX2062,".") -> 0 | BF2135: =CONCATENATE("En ","la ",BF5," y ",BF33," se observa los resultados del ",BF4," el cual aborda ",BG2062,",en donde se demuestra que el ",ROUND(BH2008*100,0),"%"," de los ",BF1045," tienen una percepción de ",BI2046,", el ",ROUND(BH2009*100,0),"%"," ",BI2047,", un ",ROUND(BH2010*100,0),"%"," ",BI2048,",",IF(BG2049>0,CONCATENATE(" ademas el ",ROUND(BH2011*100,0),"%"," ",BI2049,)," "),IF(BG2049>0,CONCATENATE(" y ",ROUND(BH2012*100,0),"%",", ",BI2050,)," "),"en tal sentido la mayoría de los ",BF1045," es decir el ",ROUND(BG2053*100,0),"%"," tienen una percepción con una inclinación a un valor ",BF2056,","," para ",BG2062,".") -> 0 | BO2135: =CONCATENATE("En ","la ",BO5," y ",BO33," se observa los resultados del ",BO4," el cual aborda ",BP2062,",en donde se demuestra que el ",ROUND(BQ2008*100,0),"%"," de los ",BO1045," tienen una percepción de ",BR2046,", el ",ROUND(BQ2009*100,0),"%"," ",BR2047,", un ",ROUND(BQ2010*100,0),"%"," ",BR2048,",",IF(BP2049>0,CONCATENATE(" ademas el ",ROUND(BQ2011*100,0),"%"," ",BR2049,)," "),IF(BP2049>0,CONCATENATE(" y ",ROUND(BQ2012*100,0),"%",", ",BR2050,)," "),"en tal sentido la mayoría de los ",BO1045," es decir el ",ROUND(BP2053*100,0),"%"," tienen una percepción con una inclinación a un valor ",BO2056,","," para ",BP2062,".") -> 0 | BX2135: =CONCATENATE("En ","la ",BX5," y ",BX33," se observa los resultados del ",BX4," el cual aborda ",BY2062,",en donde se demuestra que el ",ROUND(BZ2008*100,0),"%"," de los ",BX1045," tienen una percepción de ",CA2046,", el ",ROUND(BZ2009*100,0),"%"," ",CA2047,", un ",ROUND(BZ2010*100,0),"%"," ",CA2048,",",IF(BY2049>0,CONCATENATE(" ademas el ",ROUND(BZ2011*100,0),"%"," ",CA2049,)," "),IF(BY2049>0,CONCATENATE(" y ",ROUND(BZ2012*100,0),"%",", ",CA2050,)," "),"en tal sentido la mayoría de los ",BX1045," es decir el ",ROUND(BY2053*100,0),"%"," tienen una percepción con una inclinación a un valor ",BX2056,","," para ",BY2062,".") -> 0 | CG2135: =CONCATENATE("En ","la ",CG5," y ",CG33," se observa los resultados del ",CG4," el cual aborda ",CH2062,",en donde se demuestra que el ",ROUND(CI2008*100,0),"%"," de los ",CG1045," tienen una percepción de ",CJ2046,", el ",ROUND(CI2009*100,0),"%"," ",CJ2047,", un ",ROUND(CI2010*100,0),"%"," ",CJ2048,",",IF(CH2049>0,CONCATENATE(" ademas el ",ROUND(CI2011*100,0),"%"," ",CJ2049,)," "),IF(CH2049>0,CONCATENATE(" y ",ROUND(CI2012*100,0),"%",", ",CJ2050,)," "),"en tal sentido la mayoría de los ",CG1045," es decir el ",ROUND(CH2053*100,0),"%"," tienen una percepción con una inclinación a un valor ",CG2056,","," para ",CH2062,".") -> 0 | CP2135: =CONCATENATE("En ","la ",CP5," y ",CP33," se observa los resultados del ",CP4," el cual aborda ",CQ2062,",en donde se demuestra que el ",ROUND(CR2008*100,0),"%"," de los ",CP1045," tienen una percepción de ",CS2046,", el ",ROUND(CR2009*100,0),"%"," ",CS2047,", un ",ROUND(CR2010*100,0),"%"," ",CS2048,",",IF(CQ2049>0,CONCATENATE(" ademas el ",ROUND(CR2011*100,0),"%"," ",CS2049,)," "),IF(CQ2049>0,CONCATENATE(" y ",ROUND(CR2012*100,0),"%",", ",CS2050,)," "),"en tal sentido la mayoría de los ",CP1045," es decir el ",ROUND(CQ2053*100,0),"%"," tienen una percepción con una inclinación a un valor ",CP2056,","," para ",CQ2062,".") -> 0 | CY2135: =CONCATENATE("En ","la ",CY5," y ",CY33," se observa los resultados del ",CY4," el cual aborda ",CZ2062,",en donde se demuestra que el ",ROUND(DA2008*100,0),"%"," de los ",CY1045," tienen una percepción de ",DB2046,", el ",ROUND(DA2009*100,0),"%"," ",DB2047,", un ",ROUND(DA2010*100,0),"%"," ",DB2048,",",IF(CZ2049>0,CONCATENATE(" ademas el ",ROUND(DA2011*100,0),"%"," ",DB2049,)," "),IF(CZ2049>0,CONCATENATE(" y ",ROUND(DA2012*100,0),"%",", ",DB2050,)," "),"en tal sentido la mayoría de los ",CY1045," es decir el ",ROUND(CZ2053*100,0),"%"," tienen una percepción con una inclinación a un valor ",CY2056,","," para ",CZ2062,".") -> 0 | DH2135: =CONCATENATE("En ","la ",DH5," y ",DH33," se observa los resultados del ",DH4," el cual aborda ",DI2062,",en donde se demuestra que el ",ROUND(DJ2008*100,0),"%"," de los ",DH1045," tienen una percepción de ",DK2046,", el ",ROUND(DJ2009*100,0),"%"," ",DK2047,", un ",ROUND(DJ2010*100,0),"%"," ",DK2048,",",IF(DI2049>0,CONCATENATE(" ademas el ",ROUND(DJ2011*100,0),"%"," ",DK2049,)," "),IF(DI2049>0,CONCATENATE(" y ",ROUND(DJ2012*100,0),"%",", ",DK2050,)," "),"en tal sentido la mayoría de los ",DH1045," es decir el ",ROUND(DI2053*100,0),"%"," tienen una percepción con una inclinación a un valor ",DH2056,","," para ",DI2062,".") -> 0 | DQ2135: =CONCATENATE("En ","la ",DQ5," y ",DQ33," se observa los resultados del ",DQ4," el cual aborda ",DR2062,",en donde se demuestra que el ",ROUND(DS2008*100,0),"%"," de los ",DQ1045," tienen una percepción de ",DT2046,", el ",ROUND(DS2009*100,0),"%"," ",DT2047,", un ",ROUND(DS2010*100,0),"%"," ",DT2048,",",IF(DR2049>0,CONCATENATE(" ademas el ",ROUND(DS2011*100,0),"%"," ",DT2049,)," "),IF(DR2049>0,CONCATENATE(" y ",ROUND(DS2012*100,0),"%",", ",DT2050,)," "),"en tal sentido la mayoría de los ",DQ1045," es decir el ",ROUND(DR2053*100,0),"%"," tienen una percepción con una inclinación a un valor ",DQ2056,","," para ",DR2062,".") -> 0 | DZ2135: =CONCATENATE("En ","la ",DZ5," y ",DZ33," se observa los resultados del ",DZ4," el cual aborda ",EA2062,",en donde se demuestra que el ",ROUND(EB2008*100,0),"%"," de los ",DZ1045," tienen una percepción de ",EC2046,", el ",ROUND(EB2009*100,0),"%"," ",EC2047,", un ",ROUND(EB2010*100,0),"%"," ",EC2048,",",IF(EA2049>0,CONCATENATE(" ademas el ",ROUND(EB2011*100,0),"%"," ",EC2049,)," "),IF(EA2049>0,CONCATENATE(" y ",ROUND(EB2012*100,0),"%",", ",EC2050,)," "),"en tal sentido la mayoría de los ",DZ1045," es decir el ",ROUND(EA2053*100,0),"%"," tienen una percepción con una inclinación a un valor ",DZ2056,","," para ",EA2062,".") -> 0 | EI2135: =CONCATENATE("En ","la ",EI5," y ",EI33," se observa los resultados del ",EI4," el cual aborda ",EJ2062,",en donde se demuestra que el ",ROUND(EK2008*100,0),"%"," de los ",EI1045," tienen una percepción de ",EL2046,", el ",ROUND(EK2009*100,0),"%"," ",EL2047,", un ",ROUND(EK2010*100,0),"%"," ",EL2048,",",IF(EJ2049>0,CONCATENATE(" ademas el ",ROUND(EK2011*100,0),"%"," ",EL2049,)," "),IF(EJ2049>0,CONCATENATE(" y ",ROUND(EK2012*100,0),"%",", ",EL2050,)," "),"en tal sentido la mayoría de los ",EI1045," es decir el ",ROUND(EJ2053*100,0),"%"," tienen una percepción con una inclinación a un valor ",EI2056,","," para ",EJ2062,".") -> 0 | ER2135: =CONCATENATE("En ","la ",ER5," y ",ER33," se observa los resultados del ",ER4," el cual aborda ",ES2062,",en donde se demuestra que el ",ROUND(ET2008*100,0),"%"," de los ",ER1045," tienen una percepción de ",EU2046,", el ",ROUND(ET2009*100,0),"%"," ",EU2047,", un ",ROUND(ET2010*100,0),"%"," ",EU2048,",",IF(ES2049>0,CONCATENATE(" ademas el ",ROUND(ET2011*100,0),"%"," ",EU2049,)," "),IF(ES2049>0,CONCATENATE(" y ",ROUND(ET2012*100,0),"%",", ",EU2050,)," "),"en tal sentido la mayoría de los ",ER1045," es decir el ",ROUND(ES2053*100,0),"%"," tienen una percepción con una inclinación a un valor ",ER2056,","," para ",ES2062,".") -> 0 | FA2135: =CONCATENATE("En ","la ",FA5," y ",FA33," se observa los resultados del ",FA4," el cual aborda ",FB2062,",en donde se demuestra que el ",ROUND(FC2008*100,0),"%"," de los ",FA1045," tienen una percepción de ",FD2046,", el ",ROUND(FC2009*100,0),"%"," ",FD2047,", un ",ROUND(FC2010*100,0),"%"," ",FD2048,",",IF(FB2049>0,CONCATENATE(" ademas el ",ROUND(FC2011*100,0),"%"," ",FD2049,)," "),IF(FB2049>0,CONCATENATE(" y ",ROUND(FC2012*100,0),"%",", ",FD2050,)," "),"en tal sentido la mayoría de los ",FA1045," es decir el ",ROUND(FB2053*100,0),"%"," tienen una percepción con una inclinación a un valor ",FA2056,","," para ",FB2062,".") -> 0 | FJ2135: =CONCATENATE("En ","la ",FJ5," y ",FJ33," se observa los resultados del ",FJ4," el cual aborda ",FK2062,",en donde se demuestra que el ",ROUND(FL2008*100,0),"%"," de los ",FJ1045," tienen una percepción de ",FM2046,", el ",ROUND(FL2009*100,0),"%"," ",FM2047,", un ",ROUND(FL2010*100,0),"%"," ",FM2048,",",IF(FK2049>0,CONCATENATE(" ademas el ",ROUND(FL2011*100,0),"%"," ",FM2049,)," "),IF(FK2049>0,CONCATENATE(" y ",ROUND(FL2012*100,0),"%",", ",FM2050,)," "),"en tal sentido la mayoría de los ",FJ1045," es decir el ",ROUND(FK2053*100,0),"%"," tienen una percepción con una inclinación a un valor ",FJ2056,","," para ",FK2062,".") -> 0 | FS2135: =CONCATENATE("En ","la ",FS5," y ",FS33," se observa los resultados del ",FS4," el cual aborda ",FT2062,",en donde se demuestra que el ",ROUND(FU2008*100,0),"%"," de los ",FS1045," tienen una percepción de ",FV2046,", el ",ROUND(FU2009*100,0),"%"," ",FV2047,", un ",ROUND(FU2010*100,0),"%"," ",FV2048,",",IF(FT2049>0,CONCATENATE(" ademas el ",ROUND(FU2011*100,0),"%"," ",FV2049,)," "),IF(FT2049>0,CONCATENATE(" y ",ROUND(FU2012*100,0),"%",", ",FV2050,)," "),"en tal sentido la mayoría de los ",FS1045," es decir el ",ROUND(FT2053*100,0),"%"," tienen una percepción con una inclinación a un valor ",FS2056,","," para ",FT2062,".") -> 0 | GB2135: =CONCATENATE("En ","la ",GB5," y ",GB33," se observa los resultados del ",GB4," el cual aborda ",GC2062,",en donde se demuestra que el ",ROUND(GD2008*100,0),"%"," de los ",GB1045," tienen una percepción de ",GE2046,", el ",ROUND(GD2009*100,0),"%"," ",GE2047,", un ",ROUND(GD2010*100,0),"%"," ",GE2048,",",IF(GC2049>0,CONCATENATE(" ademas el ",ROUND(GD2011*100,0),"%"," ",GE2049,)," "),IF(GC2049>0,CONCATENATE(" y ",ROUND(GD2012*100,0),"%",", ",GE2050,)," "),"en tal sentido la mayoría de los ",GB1045," es decir el ",ROUND(GC2053*100,0),"%"," tienen una percepción con una inclinación a un valor ",GB2056,","," para ",GC2062,".") -> 0 | GK2135: =CONCATENATE("En ","la ",GK5," y ",GK33," se observa los resultados del ",GK4," el cual aborda ",GL2062,",en donde se demuestra que el ",ROUND(GM2008*100,0),"%"," de los ",GK1045," tienen una percepción de ",GN2046,", el ",ROUND(GM2009*100,0),"%"," ",GN2047,", un ",ROUND(GM2010*100,0),"%"," ",GN2048,",",IF(GL2049>0,CONCATENATE(" ademas el ",ROUND(GM2011*100,0),"%"," ",GN2049,)," "),IF(GL2049>0,CONCATENATE(" y ",ROUND(GM2012*100,0),"%",", ",GN2050,)," "),"en tal sentido la mayoría de los ",GK1045," es decir el ",ROUND(GL2053*100,0),"%"," tienen una percepción con una inclinación a un valor ",GK2056,","," para ",GL2062,".") -> 0

Sheet Por conteo Dimension
D4: Dimensión 1 | M4: Variable 1
D5: Tabla 1 | M5: Tabla 2
D6: . | M6: .
E7: Frec. | F7: % | N7: Frec. | O7: %
D8: =('.'!A31) -> 0 | E8: =COUNTIF('.'!B5:W24,1) -> 0 | F8: =(E8/E13) -> 0 | M8: =('.'!A31) -> 0 | N8: =COUNTIF('.'!B5:W24,1) -> 0 | O8: =(N8/N13) -> 0
D9: =('.'!A32) -> 0 | E9: =COUNTIF('.'!B5:W24,2) -> 0 | F9: =(E9/E13) -> 0 | M9: =('.'!A32) -> 0 | N9: =COUNTIF('.'!B5:W24,2) -> 0 | O9: =(N9/N13) -> 0
D10: =('.'!A33) -> 0 | E10: =COUNTIF('.'!B5:W24,3) -> 0 | F10: =(E10/E13) -> 0 | M10: =('.'!A33) -> 0 | N10: =COUNTIF('.'!B5:W24,3) -> 0 | O10: =(N10/N13) -> 0
D11: =('.'!A34) -> 0 | E11: =COUNTIF('.'!B5:W24,4) -> 0 | F11: =(E11/E13) -> 0 | M11: =('.'!A34) -> 0 | N11: =COUNTIF('.'!B5:W24,4) -> 0 | O11: =(N11/N13) -> 0
D12: =('.'!A35) -> 0 | E12: =COUNTIF('.'!B5:W24,5) -> 0 | F12: =(E12/E13) -> 0 | M12: =('.'!A35) -> 0 | N12: =COUNTIF('.'!B5:W24,5) -> 0 | O12: =(N12/N13) -> 0
D13: =('.'!A36) -> 0 | E13: =SUM(E8:E12) -> 0 | F13: =SUM(F8:F12) -> 0 | M13: =('.'!A36) -> 0 | N13: =SUM(N8:N12) -> 0 | O13: =SUM(O8:O12) -> 0
D14: Elaboración: Propia | M14: Elaboración: Propia
D15: Fuente: Encuesta aplicada | M15: Fuente: Encuesta aplicada
D33: Figura.1 | M33: Figura.2
D34: . | M34: .
D36: =CONCATENATE("En la ",D5," y ",D33," se puede observar que la variable ",E1001," en base a su dimensión ",E1002," es calificado como ",E1008," ya que el ",ROUND(D1006*100,0),"% de los resultados lo califican como ",D1005,", el ",ROUND(E1006*100,0),"% ",E1005," y el ",ROUND(F1006*100,0),"% lo califico como ",F1005," estos resultados son originados debido a que, ",D1011," ",E1011,",","asi mismo ",D1012," ",E1012,", sin embargo ",D1013," ",E1013,", de nuevo ",D1014," ",E1014,", aunque ",D1015," ",E1015,", mismo ",D1016," ",E1016,", sin embargo ",D1017," ",E1017,", aunque ",D1018," ",E1018,", sin embargo ",D1019," ",E1019,", además ",D1020," ",E1020,", por su parte ",D1021," ",E1021,", sin embargo ",D1022," ",E1022,", también ",D1023," ",E1023,", de modo que ",D1024," ",E1024,", con motivo ",D1025," ",E1025,", de modo que ",D1026," ",E1026,", en cambio ",D1027," ",E1027,", además ",D1028," ",E1028,", en cambio ",D1029," ",E1029,", también ",D1030," ",E1030,", sin embargo ",D1031," ",E1031, ", ","asi mismo ",D1032," ",E1032,","," por todas estas razones, es que la variable ",E1001," basado en su dimensión ",E1002," y calificado por los ",E1003," es considerado como ",E1008,".") -> 0 | M36: =CONCATENATE("En la ",M5," y ",M33," se puede observar que la variable ",N1001," tiene una calificación de ",N1008,","," ello debido a que el ",ROUND(N1006*100,0),"% de los resultados estan en las categorias de ",M1005," mientras que el ",ROUND(N1006*100,0),"% ",N1005," y el ",ROUND(O1006*100,0),"% ",O1005," en tal sentido se puede observar que la mayoria de los resultados es decir el ",ROUND(P1007*100,0),"% tiene una calificación inclinada para un valor ",N1008," estos resultados se originaron debido a que ",X1016,", finalmente dentro de las dimensiones evaluadas la que cuenta con mayor deficiencia es la dimensión ",L1076,) -> 0
D1001: Variable | E1001: =(M6) -> 0 | M1001: Variable | N1001: =(M6) -> 0
D1002: Dimensión | E1002: =(D6) -> 0 | M1002: Dimensión | N1002: =(M6) -> 0
D1003: Unidad de Medida | E1003: Participantes | M1003: Unidad de Medida | N1003: Participantes
C1004: Valores | D1004: . | E1004: . | F1004: . | L1004: Valores | M1004: . | N1004: . | O1004: .
C1005: Calificación | D1005: =CONCATENATE(D8," y ",D9) -> 0 | E1005: =D10 -> 0 | F1005: =CONCATENATE(D11," y ",D12) -> 0 | L1005: Calificación | M1005: =CONCATENATE(M8," y ",M9) -> 0 | N1005: =M10 -> 0 | O1005: =CONCATENATE(M11," y ",M12) -> 0
D1006: =SUM(F8:F9) -> 0 | E1006: =F10 -> 0 | F1006: =SUM(F11:F12) -> 0 | M1006: =SUM(O8:O9) -> 0 | N1006: =O10 -> 0 | O1006: =SUM(O11:O12) -> 0
C1007: Calificación verdadera | D1007: =SUM(D1006:E1006) -> 0 | E1007: =SUM(E1006:F1006) -> 0 | F1007: =(D1007-E1007) -> 0 | L1007: Calificación verdadera | M1007: =SUM(M1006:N1006) -> 0 | N1007: =SUM(N1006:O1006) -> 0 | O1007: =(M1007-N1007) -> 0 | P1007: =MAX(M1007:N1007) -> 0
D1008: Valor Mayor | E1008: =IF(AND(F1007>=-5%,F1007<=5%),E1004,IF(F1007>=6%,D1004,IF(F1007<=-5%,F1004,E1004))) -> 0 | M1008: Valor Mayor | N1008: =IF(AND(O1007>=-5%,O1007<=5%),N1004,IF(O1007>=6%,M1004,IF(O1007<=-5%,O1004,N1004))) -> 0
D1011: ='Por Valoracion (3) Dimension'!Q1016 -> 0 | E1011: ='Por Valoracion (3) Dimension'!I1016 -> 0
D1012: ='Por Valoracion (3) Dimension'!Q1017 -> 0 | E1012: ='Por Valoracion (3) Dimension'!I1017 -> 0
D1013: ='Por Valoracion (3) Dimension'!Q1018 -> 0 | E1013: ='Por Valoracion (3) Dimension'!I1018 -> 0
D1014: ='Por Valoracion (3) Dimension'!Q1019 -> 0 | E1014: ='Por Valoracion (3) Dimension'!I1019 -> 0
D1015: ='Por Valoracion (3) Dimension'!Q1020 -> 0 | E1015: ='Por Valoracion (3) Dimension'!I1020 -> 0 | L1015: dimensión | M1015: =M1005 -> 0 | N1015: =N1005 -> 0 | O1015: =O1005 -> 0 | P1015: MAYOR | Q1015: Valor | R1015: codificación de verbos | S1015: Verbo | T1015: codificación de conectores | U1015: Conectores | V1015: codificación de unidades de medida | W1015: Unidades de medida | X1015: Concatenación
D1016: ='Por Valoracion (3) Dimension'!Q1021 -> 0 | E1016: ='Por Valoracion (3) Dimension'!I1021 -> 0 | L1016: =(D6) -> 0 | M1016: =(D1006) -> 0 | N1016: =(E1006) -> 0 | O1016: =(F1006) -> 0 | P1016: =MAX(M1016:O1016) -> 0 | Q1016: =IF(P1016=M1016,$M$1015,IF(P1016=N1016,$N$1015,IF(P1016=O1016,$O$1015,"algo esta mal"))) -> 0 | R1016: =RANDBETWEEN(1,10) -> 0 | S1016: =IF(R1016='Por Valoracion (3) Dimension'!$AB$1100,'Por Valoracion (3) Dimension'!$AC$1100,IF(R1016='Por Valoracion (3) Dimension'!$AB$1101,'Por Valoracion (3) Dimension'!$AC$1101,IF(R1016='Por Valoracion (3) Dimension'!$AB$1102,'Por Valoracion (3) Dimension'!$AC$1102,IF(R1016='Por Valoracion (3) Dimension'!$AB$1103,'Por Valoracion (3) Dimension'!$AC$1103,IF(R1016='Por Valoracion (3) Dimension'!$AB$1104,'Por Valoracion (3) Dimension'!$AC$1104,IF(R1016='Por Valoracion (3) Dimension'!$AB$1105,'Por Valoracion (3) Dimension'!$AC$1105,IF(R1016='Por Valoracion (3) Dimension'!$AB$1106,'Por Valoracion (3) Dimension'!$AC$1106,IF(R1016='Por Valoracion (3) Dimension'!$AB$1107,'Por Valoracion (3) Dimension'!$AC$1107,IF(R1016='Por Valoracion (3) Dimension'!$AB$1108,'Por Valoracion (3) Dimension'!$AC$1108,IF(R1016='Por Valoracion (3) Dimension'!$AB$1109,'Por Valoracion (3) Dimension'!$AC$1109, A4000)))))))))) -> 0 | T1016: =RANDBETWEEN(1,7) -> 0 | U1016: =IF(T1016='Por Valoracion (3) Dimension'!$AB$1110,'Por Valoracion (3) Dimension'!$AC$1110,IF(T1016='Por Valoracion (3) Dimension'!$AB$1111,'Por Valoracion (3) Dimension'!$AC$1111,IF(T1016='Por Valoracion (3) Dimension'!$AB$1112,'Por Valoracion (3) Dimension'!$AC$1112,IF(T1016='Por Valoracion (3) Dimension'!$AB$1113,'Por Valoracion (3) Dimension'!$AC$1113,IF(T1016='Por Valoracion (3) Dimension'!$AB$1114,'Por Valoracion (3) Dimension'!$AC$1114,IF(T1016='Por Valoracion (3) Dimension'!$AB$1115,'Por Valoracion (3) Dimension'!$AC$1115,IF(T1016='Por Valoracion (3) Dimension'!$AB$1116,'Por Valoracion (3) Dimension'!$AC$1116,IF(T1016='Por Valoracion (3) Dimension'!$AB$1117,'Por Valoracion (3) Dimension'!$AC$1117,IF(T1016='Por Valoracion (3) Dimension'!$AB$1118,'Por Valoracion (3) Dimension'!$AC$1118,IF(T1016='Por Valoracion (3) Dimension'!$AB$1119,'Por Valoracion (3) Dimension'!$AC$1119, A4000)))))))))) -> 0 | V1016: =RANDBETWEEN(1,2) -> 0 | W1016: =IF(V1016='Por Valoracion (3) Dimension'!$AB$1120,'Por Valoracion (3) Dimension'!$AC$1120,IF(V1016='Por Valoracion (3) Dimension'!$AB$1121,'Por Valoracion (3) Dimension'!$AC$1121,A4000)) -> 0 | X1016: =CONCATENATE("el ",ROUND(P1016*100,0),"% de los ",W1016," ",S1016," a la dimensión ",L1016," como ",Q1016) -> 0
D1017: ='Por Valoracion (3) Dimension'!Q1022 -> 0 | E1017: ='Por Valoracion (3) Dimension'!I1022 -> 0
D1018: ='Por Valoracion (3) Dimension'!Q1023 -> 0 | E1018: ='Por Valoracion (3) Dimension'!I1023 -> 0
D1019: ='Por Valoracion (3) Dimension'!Q1024 -> 0 | E1019: ='Por Valoracion (3) Dimension'!I1024 -> 0
D1020: ='Por Valoracion (3) Dimension'!Q1025 -> 0 | E1020: ='Por Valoracion (3) Dimension'!I1025 -> 0
D1021: ='Por Valoracion (3) Dimension'!Q1026 -> 0 | E1021: ='Por Valoracion (3) Dimension'!I1026 -> 0
D1022: ='Por Valoracion (3) Dimension'!Q1027 -> 0 | E1022: ='Por Valoracion (3) Dimension'!I1027 -> 0
D1023: ='Por Valoracion (3) Dimension'!Q1028 -> 0 | E1023: ='Por Valoracion (3) Dimension'!I1028 -> 0
D1024: ='Por Valoracion (3) Dimension'!Q1029 -> 0 | E1024: ='Por Valoracion (3) Dimension'!I1029 -> 0
D1025: ='Por Valoracion (3) Dimension'!Q1030 -> 0 | E1025: ='Por Valoracion (3) Dimension'!I1030 -> 0
D1026: ='Por Valoracion (3) Dimension'!Q1031 -> 0 | E1026: ='Por Valoracion (3) Dimension'!I1031 -> 0
D1027: ='Por Valoracion (3) Dimension'!Q1032 -> 0 | E1027: ='Por Valoracion (3) Dimension'!I1032 -> 0
D1028: ='Por Valoracion (3) Dimension'!Q1033 -> 0 | E1028: ='Por Valoracion (3) Dimension'!I1033 -> 0
... D1032: ='Por Valoracion (3) Dimension'!Q1037 -> 0 | E1032: ='Por Valoracion (3) Dimension'!I1037 -> 0
L1076: =IF(M1076=M1016,L1016) -> 0 | M1076: =MAX(M1016:M1016) -> 0
E2013: =SUM(E2008:E2012) -> 0 | F2013: =SUM(F2008:F2012) -> 0 | N2013: =SUM(N2008:N2012) -> 0 | O2013: =SUM(O2008:O2012) -> 0
D2101: Variable | E2101: =(M6) -> 0 | M2101: Variable | N2101: =(M6) -> 0
D2102: Dimensión | E2102: =(D6) -> 0 | M2102: Dimensión | N2102: =(M6) -> 0
D2103: Unidad de Medida | E2103: Participantes | M2103: Unidad de Medida | N2103: Participantes
C2104: Valores | D2104: . | E2104: . | F2104: . | L2104: Valores | M2104: . | N2104: . | O2104: .
C2105: Calificación | L2105: Calificación
C2107: Calificación verdadera | L2107: Calificación verdadera

Sheet . 1
A1: Dimension 1
B3: . | V3: Total | W3: Valoración
B4: PRG.1 | C4: PRG.2 | D4: PRG.3 | E4: PRG.4 | F4: PRG.5 | G4: PRG.6 | H4: PRG.7 | I4: PRG.8 | J4: PRG.9 | K4: PRG.10 | L4: PRG.11 | M4: PRG.12 | N4: PRG.13 | O4: PRG.14 | P4: PRG.15 | Q4: PRG.16 | R4: PRG.17 | S4: PRG.18 | T4: PRG.19 | U4: PRG.20
A5: Participante 1 | B5: 4 | C5: 5 | D5: 5 | E5: 4 | F5: 4 | G5: 5 | H5: 4 | I5: 4 | J5: 5 | K5: 3 | L5: 4 | M5: 5 | N5: 5 | O5: 5 | P5: 5 | Q5: 4 | R5: 4 | S5: 4 | T5: 5 | U5: 5 | V5: =SUM(B5:U5) -> 0
A6: Participante 2 | B6: 5 | C6: 5 | D6: 5 | E6: 4 | F6: 5 | G6: 5 | H6: 4 | I6: 5 | J6: 5 | K6: 5 | L6: 4 | M6: 5 | N6: 3 | O6: 5 | P6: 5 | Q6: 5 | R6: 4 | S6: 3 | T6: 5 | U6: 5 | V6: =SUM(B6:U6) -> 0
A7: Participante 3 | B7: 1 | C7: 1 | D7: 2 | E7: 2 | F7: 2 | G7: 2 | H7: 1 | I7: 2 | J7: 1 | K7: 2 | L7: 2 | M7: 2 | N7: 2 | O7: 2 | P7: 2 | Q7: 2 | R7: 1 | S7: 2 | T7: 2 | U7: 1 | V7: =SUM(B7:U7) -> 0
A8: Participante 4 | B8: 1 | C8: 1 | D8: 1 | E8: 1 | F8: 1 | G8: 1 | H8: 1 | I8: 1 | J8: 1 | K8: 1 | L8: 1 | M8: 1 | N8: 1 | O8: 1 | P8: 1 | Q8: 1 | R8: 1 | S8: 1 | T8: 1 | U8: 1 | V8: =SUM(B8:U8) -> 0
A9: Participante 5 | B9: 1 | C9: 1 | D9: 1 | E9: 1 | F9: 1 | G9: 1 | H9: 1 | I9: 1 | J9: 1 | K9: 1 | L9: 1 | M9: 1 | N9: 1 | O9: 1 | P9: 1 | Q9: 1 | R9: 1 | S9: 1 | T9: 1 | U9: 1 | V9: =SUM(B9:U9) -> 0
A10: Participante 6 | B10: 5 | C10: 5 | D10: 5 | E10: 5 | F10: 4 | G10: 5 | H10: 5 | I10: 5 | J10: 5 | K10: 4 | L10: 4 | M10: 5 | N10: 5 | O10: 4 | P10: 3 | Q10: 5 | R10: 5 | S10: 3 | T10: 4 | U10: 4 | V10: =SUM(B10:U10) -> 0
A11: Participante 7 | B11: 2 | C11: 2 | D11: 1 | E11: 1 | F11: 2 | G11: 2 | H11: 2 | I11: 2 | J11: 2 | K11: 2 | L11: 2 | M11: 2 | N11: 2 | O11: 2 | P11: 1 | Q11: 2 | R11: 2 | S11: 2 | T11: 2 | U11: 2 | V11: =SUM(B11:U11) -> 0
A12: Participante 8 | B12: 2 | C12: 2 | D12: 2 | E12: 3 | F12: 3 | G12: 2 | H12: 3 | I12: 3 | J12: 2 | K12: 3 | L12: 2 | M12: 2 | N12: 3 | O12: 2 | P12: 3 | Q12: 3 | R12: 2 | S12: 3 | T12: 2 | U12: 3 | V12: =SUM(B12:U12) -> 0
A13: Participante 9 | B13: 3 | C13: 4 | D13: 4 | E13: 3 | F13: 3 | G13: 2 | H13: 4 | I13: 4 | J13: 4 | K13: 4 | L13: 3 | M13: 3 | N13: 3 | O13: 2 | P13: 4 | Q13: 3 | R13: 4 | S13: 4 | T13: 4 | U13: 3 | V13: =SUM(B13:U13) -> 0
A14: Participante 10 | B14: 4 | C14: 4 | D14: 2 | E14: 3 | F14: 3 | G14: 3 | H14: 3 | I14: 4 | J14: 4 | K14: 2 | L14: 3 | M14: 3 | N14: 4 | O14: 2 | P14: 3 | Q14: 4 | R14: 4 | S14: 4 | T14: 4 | U14: 4 | V14: =SUM(B14:U14) -> 0
A15: Participante 11 | B15: 2 | C15: 3 | D15: 4 | E15: 3 | F15: 2 | G15: 2 | H15: 4 | I15: 2 | J15: 2 | K15: 2 | L15: 3 | M15: 2 | N15: 2 | O15: 3 | P15: 4 | Q15: 2 | R15: 3 | S15: 3 | T15: 3 | U15: 2 | V15: =SUM(B15:U15) -> 0
A16: Participante 12 | B16: 1 | C16: 2 | D16: 1 | E16: 1 | F16: 2 | G16: 1 | H16: 2 | I16: 1 | J16: 1 | K16: 1 | L16: 1 | M16: 1 | N16: 1 | O16: 1 | P16: 1 | Q16: 1 | R16: 1 | S16: 1 | T16: 1 | U16: 1 | V16: =SUM(B16:U16) -> 0
... A24: Participante 20 | B24: 1 | C24: 2 | D24: 2 | E24: 1 | F24: 2 | G24: 2 | H24: 2 | I24: 2 | J24: 2 | K24: 2 | L24: 2 | M24: 2 | N24: 2 | O24: 2 | P24: 2 | Q24: 2 | R24: 2 | S24: 2 | T24: 2 | U24: 1 | V24: =SUM(B24:U24) -> 0
A25: TOTAL | B25: =SUM(B5:B24) -> 0 | C25: =SUM(C5:C24) -> 0 | D25: =SUM(D5:D24) -> 0 | E25: =SUM(E5:E24) -> 0 | F25: =SUM(F5:F24) -> 0 | G25: =SUM(G5:G24) -> 0 | H25: =SUM(H5:H24) -> 0 | I25: =SUM(I5:I24) -> 0 | ... V25: =SUM(V5:V24) -> 0
A26: MODA | B26: =MODE(B5:B24) -> 0 | C26: =MODE(C5:C24) -> 0 | D26: =MODE(D5:D24) -> 0 | E26: =MODE(E5:E24) -> 0 | F26: =MODE(F5:F24) -> 0 | G26: =MODE(G5:G24) -> 0 | H26: =MODE(H5:H24) -> 0 | I26: =MODE(I5:I24) -> 0 | ... V26: =MODE(V5:V24) -> 0
A27: MEDIA | B27: =(B25/20) -> 0 | C27: =(C25/20) -> 0 | D27: =(D25/20) -> 0 | E27: =(E25/20) -> 0 | F27: =(F25/20) -> 0 | G27: =(G25/20) -> 0 | H27: =(H25/20) -> 0 | I27: =(I25/20) -> 0 | ... V27: =(V25/20) -> 0
A28: MEDIANA | B28: =MEDIAN(B5:B24) -> 0 | C28: =MEDIAN(C5:C24) -> 0 | D28: =MEDIAN(D5:D24) -> 0 | E28: =MEDIAN(E5:E24) -> 0 | F28: =MEDIAN(F5:F24) -> 0 | G28: =MEDIAN(G5:G24) -> 0 | H28: =MEDIAN(H5:H24) -> 0 | I28: =MEDIAN(I5:I24) -> 0 | ... V28: =MEDIAN(V5:V24) -> 0
A29: Desv.Est | B29: =ROUND(STDEV(B5:B24),2) -> 0 | C29: =ROUND(STDEV(C5:C24),2) -> 0 | D29: =ROUND(STDEV(D5:D24),2) -> 0 | E29: =ROUND(STDEV(E5:E24),2) -> 0 | F29: =ROUND(STDEV(F5:F24),2) -> 0 | G29: =ROUND(STDEV(G5:G24),2) -> 0 | H29: =ROUND(STDEV(H5:H24),2) -> 0 | I29: =ROUND(STDEV(I5:I24),2) -> 0 | ... V29: =ROUND(STDEV(V5:V24),2) -> 0
A30: Coef. Varia. | B30: =(B29/B27) -> 0 | C30: =(C29/C27) -> 0 | D30: =(D29/D27) -> 0 | E30: =(E29/E27) -> 0 | F30: =(F29/F27) -> 0 | G30: =(G29/G27) -> 0 | H30: =(H29/H27) -> 0 | I30: =(I29/I27) -> 0 | ... V30: =(V29/V27) -> 0
A31: . | B31: =COUNTIF($B$5:$B$24,1) -> 0 | C31: =COUNTIF($C$5:$C$24,1) -> 0 | D31: =COUNTIF($D$5:$D$24,1) -> 0 | E31: =COUNTIF($E$5:$E$24,1) -> 0 | F31: =COUNTIF($F$5:$F$24,1) -> 0 | G31: =COUNTIF($G$5:$G$24,1) -> 0 | H31: =COUNTIF($H$5:$H$24,1) -> 0 | I31: =COUNTIF($I$5:$I$24,1) -> 0 | J31: =COUNTIF($J$5:$J$24,1) -> 0 | K31: =COUNTIF($K$5:$K$24,1) -> 0 | L31: =COUNTIF($L$5:$L$24,1) -> 0 | M31: =COUNTIF($M$5:$M$24,1) -> 0 | N31: =COUNTIF($N$5:$N$24,1) -> 0 | O31: =COUNTIF($O$5:$O$24,1) -> 0 | P31: =COUNTIF($P$5:$P$24,1) -> 0 | Q31: =COUNTIF($Q$5:$Q$24,1) -> 0 | R31: =COUNTIF($R$5:$R$24,1) -> 0 | S31: =COUNTIF($S$5:$S$24,1) -> 0 | T31: =COUNTIF($T$5:$T$24,1) -> 0 | U31: =COUNTIF($U$5:$U$24,1) -> 0
A32: .. | B32: =COUNTIF($B$5:$B$24,2) -> 0 | C32: =COUNTIF($C$5:$C$24,2) -> 0 | D32: =COUNTIF($D$5:$D$24,2) -> 0 | E32: =COUNTIF($E$5:$E$24,2) -> 0 | F32: =COUNTIF($F$5:$F$24,2) -> 0 | G32: =COUNTIF($G$5:$G$24,2) -> 0 | H32: =COUNTIF($H$5:$H$24,2) -> 0 | I32: =COUNTIF($I$5:$I$24,2) -> 0 | J32: =COUNTIF($J$5:$J$24,2) -> 0 | K32: =COUNTIF($K$5:$K$24,2) -> 0 | L32: =COUNTIF($L$5:$L$24,2) -> 0 | M32: =COUNTIF($M$5:$M$24,2) -> 0 | N32: =COUNTIF($N$5:$N$24,2) -> 0 | O32: =COUNTIF($O$5:$O$24,2) -> 0 | P32: =COUNTIF($P$5:$P$24,2) -> 0 | Q32: =COUNTIF($Q$5:$Q$24,2) -> 0 | R32: =COUNTIF($R$5:$R$24,2) -> 0 | S32: =COUNTIF($S$5:$S$24,2) -> 0 | T32: =COUNTIF($T$5:$T$24,2) -> 0 | U32: =COUNTIF($U$5:$U$24,2) -> 0
A33: . | B33: =COUNTIF($B$5:$B$24,3) -> 0 | C33: =COUNTIF($C$5:$C$24,3) -> 0 | D33: =COUNTIF($D$5:$D$24,3) -> 0 | E33: =COUNTIF($E$5:$E$24,3) -> 0 | F33: =COUNTIF($F$5:$F$24,3) -> 0 | G33: =COUNTIF($G$5:$G$24,3) -> 0 | H33: =COUNTIF($H$5:$H$24,3) -> 0 | I33: =COUNTIF($I$5:$I$24,3) -> 0 | J33: =COUNTIF($J$5:$J$24,3) -> 0 | K33: =COUNTIF($K$5:$K$24,3) -> 0 | L33: =COUNTIF($L$5:$L$24,3) -> 0 | M33: =COUNTIF($M$5:$M$24,3) -> 0 | N33: =COUNTIF($N$5:$N$24,3) -> 0 | O33: =COUNTIF($O$5:$O$24,3) -> 0 | P33: =COUNTIF($P$5:$P$24,3) -> 0 | Q33: =COUNTIF($Q$5:$Q$24,3) -> 0 | R33: =COUNTIF($R$5:$R$24,3) -> 0 | S33: =COUNTIF($S$5:$S$24,3) -> 0 | T33: =COUNTIF($T$5:$T$24,3) -> 0 | U33: =COUNTIF($U$5:$U$24,3) -> 0
A34: . | B34: =COUNTIF($B$5:$B$24,4) -> 0 | C34: =COUNTIF($C$5:$C$24,4) -> 0 | D34: =COUNTIF($D$5:$D$24,4) -> 0 | E34: =COUNTIF($E$5:$E$24,4) -> 0 | F34: =COUNTIF($F$5:$F$24,4) -> 0 | G34: =COUNTIF($G$5:$G$24,4) -> 0 | H34: =COUNTIF($H$5:$H$24,4) -> 0 | I34: =COUNTIF($I$5:$I$24,4) -> 0 | J34: =COUNTIF($J$5:$J$24,4) -> 0 | K34: =COUNTIF($K$5:$K$24,4) -> 0 | L34: =COUNTIF($L$5:$L$24,4) -> 0 | M34: =COUNTIF($M$5:$M$24,4) -> 0 | N34: =COUNTIF($N$5:$N$24,4) -> 0 | O34: =COUNTIF($O$5:$O$24,4) -> 0 | P34: =COUNTIF($P$5:$P$24,4) -> 0 | Q34: =COUNTIF($Q$5:$Q$24,4) -> 0 | R34: =COUNTIF($R$5:$R$24,4) -> 0 | S34: =COUNTIF($S$5:$S$24,4) -> 0 | T34: =COUNTIF($T$5:$T$24,4) -> 0 | U34: =COUNTIF($U$5:$U$24,4) -> 0
A35: . | B35: =COUNTIF($B$5:$B$24,5) -> 0 | C35: =COUNTIF($C$5:$C$24,5) -> 0 | D35: =COUNTIF($D$5:$D$24,5) -> 0 | E35: =COUNTIF($E$5:$E$24,5) -> 0 | F35: =COUNTIF($F$5:$F$24,5) -> 0 | G35: =COUNTIF($G$5:$G$24,5) -> 0 | H35: =COUNTIF($H$5:$H$24,5) -> 0 | I35: =COUNTIF($I$5:$I$24,5) -> 0 | J35: =COUNTIF($J$5:$J$24,5) -> 0 | K35: =COUNTIF($K$5:$K$24,5) -> 0 | L35: =COUNTIF($L$5:$L$24,5) -> 0 | M35: =COUNTIF($M$5:$M$24,5) -> 0 | N35: =COUNTIF($N$5:$N$24,5) -> 0 | O35: =COUNTIF($O$5:$O$24,5) -> 0 | P35: =COUNTIF($P$5:$P$24,5) -> 0 | Q35: =COUNTIF($Q$5:$Q$24,5) -> 0 | R35: =COUNTIF($R$5:$R$24,5) -> 0 | S35: =COUNTIF($S$5:$S$24,5) -> 0 | T35: =COUNTIF($T$5:$T$24,5) -> 0 | U35: =COUNTIF($U$5:$U$24,5) -> 0
A36: Total | B36: =SUM($B31:$B35) -> 0 | C36: =SUM($C31:$C35) -> 0 | D36: =SUM($D31:$D35) -> 0 | E36: =SUM($E31:$E35) -> 0 | F36: =SUM($F31:$F35) -> 0 | G36: =SUM($G31:$G35) -> 0 | H36: =SUM($H31:$H35) -> 0 | I36: =SUM($I31:$I35) -> 0 | J36: =SUM($J31:$J35) -> 0 | K36: =SUM($K31:$K35) -> 0 | L36: =SUM($L31:$L35) -> 0 | M36: =SUM($M31:$M35) -> 0 | N36: =SUM($N31:$N35) -> 0 | O36: =SUM($O31:$O35) -> 0 | P36: =SUM($P31:$P35) -> 0 | Q36: =SUM($Q31:$Q35) -> 0 | R36: =SUM($R31:$R35) -> 0 | S36: =SUM($S31:$S35) -> 0 | T36: =SUM($T31:$T35) -> 0 | U36: =SUM($U31:$U35) -> 0
A37: .% | B37: =($B31/$B36) -> 0 | C37: =($C31/$C36) -> 0 | D37: =($D31/$D36) -> 0 | E37: =($E31/$E36) -> 0 | F37: =($F31/$F36) -> 0 | G37: =($G31/$G36) -> 0 | H37: =($H31/$H36) -> 0 | I37: =($I31/$I36) -> 0 | J37: =($J31/$J36) -> 0 | K37: =($K31/$K36) -> 0 | L37: =($L31/$L36) -> 0 | M37: =($M31/$M36) -> 0 | N37: =($N31/$N36) -> 0 | O37: =($O31/$O36) -> 0 | P37: =($P31/$P36) -> 0 | Q37: =($Q31/$Q36) -> 0 | R37: =($R31/$R36) -> 0 | S37: =($S31/$S36) -> 0 | T37: =($T31/$T36) -> 0 | U37: =($U31/$U36) -> 0
A38: ..% | B38: =($B32/$B36) -> 0 | C38: =($C32/$C36) -> 0 | D38: =($D32/$D36) -> 0 | E38: =($E32/$E36) -> 0 | F38: =($F32/$F36) -> 0 | G38: =($G32/$G36) -> 0 | H38: =($H32/$H36) -> 0 | I38: =($I32/$I36) -> 0 | J38: =($J32/$J36) -> 0 | K38: =($K32/$K36) -> 0 | L38: =($L32/$L36) -> 0 | M38: =($M32/$M36) -> 0 | N38: =($N32/$N36) -> 0 | O38: =($O32/$O36) -> 0 | P38: =($P32/$P36) -> 0 | Q38: =($Q32/$Q36) -> 0 | R38: =($R32/$R36) -> 0 | S38: =($S32/$S36) -> 0 | T38: =($T32/$T36) -> 0 | U38: =($U32/$U36) -> 0
A39: .% | B39: =($B33/$B36) -> 0 | C39: =($C33/$C36) -> 0 | D39: =($D33/$D36) -> 0 | E39: =($E33/$E36) -> 0 | F39: =($F33/$F36) -> 0 | G39: =($G33/$G36) -> 0 | H39: =($H33/$H36) -> 0 | I39: =($I33/$I36) -> 0 | J39: =($J33/$J36) -> 0 | K39: =($K33/$K36) -> 0 | L39: =($L33/$L36) -> 0 | M39: =($M33/$M36) -> 0 | N39: =($N33/$N36) -> 0 | O39: =($O33/$O36) -> 0 | P39: =($P33/$P36) -> 0 | Q39: =($Q33/$Q36) -> 0 | R39: =($R33/$R36) -> 0 | S39: =($S33/$S36) -> 0 | T39: =($T33/$T36) -> 0 | U39: =($U33/$U36) -> 0
A40: .% | B40: =($B34/$B36) -> 0 | C40: =($C34/$C36) -> 0 | D40: =($D34/$D36) -> 0 | E40: =($E34/$E36) -> 0 | F40: =($F34/$F36) -> 0 | G40: =($G34/$G36) -> 0 | H40: =($H34/$H36) -> 0 | I40: =($I34/$I36) -> 0 | J40: =($J34/$J36) -> 0 | K40: =($K34/$K36) -> 0 | L40: =($L34/$L36) -> 0 | M40: =($M34/$M36) -> 0 | N40: =($N34/$N36) -> 0 | O40: =($O34/$O36) -> 0 | P40: =($P34/$P36) -> 0 | Q40: =($Q34/$Q36) -> 0 | R40: =($R34/$R36) -> 0 | S40: =($S34/$S36) -> 0 | T40: =($T34/$T36) -> 0 | U40: =($U34/$U36) -> 0
A41: .% | B41: =($B35/$B36) -> 0 | C41: =($C35/$C36) -> 0 | D41: =($D35/$D36) -> 0 | E41: =($E35/$E36) -> 0 | F41: =($F35/$F36) -> 0 | G41: =($G35/$G36) -> 0 | H41: =($H35/$H36) -> 0 | I41: =($I35/$I36) -> 0 | J41: =($J35/$J36) -> 0 | K41: =($K35/$K36) -> 0 | L41: =($L35/$L36) -> 0 | M41: =($M35/$M36) -> 0 | N41: =($N35/$N36) -> 0 | O41: =($O35/$O36) -> 0 | P41: =($P35/$P36) -> 0 | Q41: =($Q35/$Q36) -> 0 | R41: =($R35/$R36) -> 0 | S41: =($S35/$S36) -> 0 | T41: =($T35/$T36) -> 0 | U41: =($U35/$U36) -> 0
A42: Total % | B42: =SUM($B37:$B41) -> 0 | C42: =SUM($C37:$C41) -> 0 | D42: =SUM($D37:$D41) -> 0 | E42: =SUM($E37:$E41) -> 0 | F42: =SUM($F37:$F41) -> 0 | G42: =SUM($G37:$G41) -> 0 | H42: =SUM($H37:$H41) -> 0 | I42: =SUM($I37:$I41) -> 0 | J42: =SUM($J37:$J41) -> 0 | K42: =SUM($K37:$K41) -> 0 | L42: =SUM($L37:$L41) -> 0 | M42: =SUM($M37:$M41) -> 0 | N42: =SUM($N37:$N41) -> 0 | O42: =SUM($O37:$O41) -> 0 | P42: =SUM($P37:$P41) -> 0 | Q42: =SUM($Q37:$Q41) -> 0 | R42: =SUM($R37:$R41) -> 0 | S42: =SUM($S37:$S41) -> 0 | T42: =SUM($T37:$T41) -> 0 | U42: =SUM($U37:$U41) -> 0

Sheet Por Valoracion (3) Dimension 2
A1: Dimension 1
A2: Nº de Personas | B2: . | D2: .
B3: Suma Total | C3: Valoración | D3: Suma Total | E3: Valoración
